audio,resnet50_mel,resnet50_log,resnet50_dwt,resnet50_cqt,densenet121_mel,densenet121_log,densenet121_dwt,densenet121_cqt,inception_v3_mel,inception_v3_log,inception_v3_dwt,inception_v3_cqt,resnet34_mel,resnet34_log,resnet34_dwt,resnet34_cqt,vgg16_mel,vgg16_log,vgg16_dwt,vgg16_cqt,label
1.wav,1,87.79,0.01,0,0.02,10.73,0.51,0.08,46.79,59.73,26.56,3.85,0.01,0,0.1,0.9,0,100,0,0,1
10.wav,68.19,99.96,0.74,88.12,0.05,99.96,0.74,2.65,66.08,49.6,84.93,3.8,15.76,0,26.5,11.85,0.37,100,5.94,0,1
100.wav,2.5,52.91,0.49,0.13,0.01,6.76,8.18,8.97,34.3,3.07,22.22,2.99,0.16,0,0.53,0.24,0,100,1.28,0.02,1
101.wav,0.01,14.2,0.01,0.01,0,0.51,2.38,5.49,0.62,5.79,2.41,0.81,0,2.64,0.14,0.74,0,99.69,0.01,0.07,1
102.wav,0.02,96.85,0.02,0.01,0.19,0.03,2.39,0.1,24.2,76.85,13.66,3.01,0,0,0.05,0.01,0,100,0.84,0,1
103.wav,0.15,99.1,63.7,6.31,0.2,95.87,17.59,32.93,25.4,95.49,99.73,4.68,0,0,71.32,0.44,0,100,98.76,0.35,1
104.wav,2.62,97.63,0,25.61,0.34,95.23,0.11,4.51,83.92,58.42,10.41,7.81,0.43,0,0.04,1.49,0.02,100,0.06,0,1
105.wav,6.07,92.47,0.07,0,1.26,1.33,0.9,0.2,35.1,72.05,6.53,2.82,0,0,0.25,0.12,0,100,0,0,1
106.wav,0.01,14.92,81.69,2.48,0,48.44,32.05,83.08,1.2,89.63,78.56,3.05,0.01,0.01,46.26,4.98,98.92,100,100,13.68,1
107.wav,1.59,99.98,61.52,7.32,0.46,99.51,87.2,4.48,43.43,94.87,89.83,5.85,0,0,95.36,0.02,2.03,100,100,0.1,1
108.wav,0.06,99.83,2.09,0,0.01,76.09,3.32,0.01,22.5,90.52,3.14,0.47,0.01,0,0.05,0,0,100,0.84,0,1
109.wav,0.04,98.24,38.32,0.13,0.11,98.77,32.03,54.77,33.29,85.21,99.94,4.48,1.88,11.03,34.79,2.63,61.78,99.87,100,1.44,1
11.wav,26.96,96.48,0.36,0.32,0.35,92.33,0.31,0.01,62.07,41.77,8.22,0.75,0.04,0,0.16,0.01,0,100,0,0,1
110.wav,33.48,98.5,0,0.33,0.01,12.38,1.11,1.07,31.75,86.82,13.64,1.2,0,0,0.2,14.16,0,100,0.3,0,1
111.wav,1.55,52.01,0.08,0.15,4.79,35.39,1.73,1.85,49.6,16.51,5.53,0.95,4.42,6.66,0.09,0.29,1.11,99.87,0.12,0.09,1
112.wav,0.02,97.43,0.02,0.16,0.09,0,0.27,1.96,7.14,63.51,11.64,13.15,0,0,0.47,0.47,0,99.81,6.02,0.05,1
113.wav,0,99.97,50.34,0.5,0.06,24.31,77.34,9.53,20.88,37.79,99.69,8.07,0,0,33.89,1.57,0.02,100,100,0.12,1
114.wav,0.08,99.99,30.49,0.21,1.51,99.99,35.9,3.39,26.97,99.35,88.8,3.2,3.26,0.04,6.11,5.95,41.17,100,59.84,13.79,1
115.wav,0.87,93.53,0.57,0,0.02,0.49,3.3,0.04,30.41,70.97,34.15,2.31,0,0,0.93,0.01,0,100,0.81,0,1
116.wav,0,0.29,0,0.11,0.15,0.43,2.07,14.3,34.35,28.59,10.44,21.8,0.2,0.05,0.06,0.12,0,100,0.21,0.24,1
117.wav,0.05,0.01,0.08,32.61,0.15,0.24,11.17,31.46,7.4,32.56,8.63,1.99,2.27,0.93,2.27,0.24,0.03,100,0.16,0.09,1
118.wav,0.33,88.48,1.18,25.94,0.08,54.39,57.86,93.57,59.27,26.68,35.08,1.25,1.05,77.3,50.57,10.56,0.24,100,99.23,0,1
119.wav,0.79,99.68,70.54,17.4,0.16,95.64,83,29.59,8.33,64.85,99.5,14.16,0.14,22.15,68.82,5.27,0.02,100,100,96.6,1
12.wav,92.73,98.74,0.05,9.37,1.2,82.91,0.53,2.41,78.4,63.92,17.51,7.15,36.79,0,0.72,0.61,0,100,0.45,0,1
120.wav,0.04,99.74,16.16,19.2,0.37,99.84,62.01,90.68,23.45,95.45,94.64,9.3,1.56,98.95,95.45,8.7,34.44,100,25.71,98.62,1
121.wav,0.01,8.22,0.05,0.07,0.01,54.16,8.6,21.03,16.12,21.43,5.15,0.82,0.03,50.2,0.11,1.54,0,100,2.86,0,1
122.wav,0,91.44,80.88,0.01,0,0.92,95.7,2,14.79,83.24,99.68,2.07,0,0,41.36,0.11,0,100,100,0,1
123.wav,0.02,41.32,0.53,0.61,0,1.55,0.81,57.07,0.97,61.44,11.35,3.55,0,0,2.13,0.79,94.51,99.87,0.06,0.19,1
124.wav,0,11.47,0.03,0.25,1.37,94.27,3.38,48.46,37,54.88,5.94,68.44,5.51,8.19,0.22,0.98,0,100,0.04,24.83,1
125.wav,0,20.53,0.31,0.25,0,7.15,2.91,1.32,4.54,92.57,97.03,4.42,0.1,21.37,17.82,0.08,0,93.15,63.41,83.55,1
126.wav,85.37,99.78,0.01,0.48,0.42,92.68,9.16,1.49,36.67,93.31,7.94,4.62,0.3,0,0.29,0.01,0,100,8.68,0,1
127.wav,0.1,100,0,0,0.45,71.35,10.03,0.02,53.79,10.55,5.15,0.27,2.05,8.83,0.2,0.03,0,100,0,0.01,1
128.wav,99.56,100,5.93,48.4,22.45,100,3.29,0.07,44.52,96.37,27.04,6.39,19.1,0,0.81,8.28,1.02,100,99.91,0,1
129.wav,99.04,99.94,0.02,1.1,0.12,99.72,1.25,0.47,60.28,35.67,15,1.74,2.95,0,1.02,0.3,0,100,0,0,1
13.wav,0.11,41.95,0.01,0.01,0.01,64.42,0.25,0.1,66.58,33.45,12.37,1.34,0.08,4.54,0.37,0.07,0,100,0,0,1
130.wav,0.01,94.6,14.21,2.95,0.31,97.95,7.16,2.37,41.28,79.72,96.34,2.44,1.01,0.94,12.16,0.64,44.79,100,98.79,1.53,1
131.wav,68.34,99.98,0.02,0.05,0.05,6.41,1.51,19.09,46.59,89.26,14.91,8.24,0,0,0.61,0.45,0,100,0,0,1
132.wav,1.22,99.69,10.01,43.37,10.44,98.22,7.03,80.58,51.33,26.39,54.88,4.23,12.88,99.33,9.04,10.98,99.86,100,27.13,98.23,1
133.wav,0.01,81.75,0.01,2.22,0.01,87.09,0.59,16.55,7.21,6.67,4.7,5.34,0.02,1.93,1.46,2.41,0,100,0.05,0,1
134.wav,12.87,55.41,0.03,0.01,0,1.06,4.63,0.01,46.11,45.76,14.19,2.64,0,0,0.43,0.17,0,92.67,0.03,0,1
135.wav,0.09,99.89,0,0.16,8.78,99.61,4.53,55.17,71.14,29.93,21.2,2.41,9.86,96.72,0.1,0.57,12.03,100,1.75,0.07,1
136.wav,2.13,2.09,0.14,5.91,0.04,44.85,1.14,65.32,75.95,18.39,26.45,9.28,11.93,0,1.32,2.75,0,99.99,10.89,1.52,1
137.wav,16.43,47.5,0,44.1,0.02,76.02,3.63,0.67,32.79,17.94,7.17,1.77,0.1,0,0.17,0.12,0,100,0,0,1
138.wav,49.32,99.3,0.05,0,2.86,94.63,6.87,0.01,77.37,93.77,9.39,2.53,0.09,0.01,0.05,0.01,0,100,0.1,0,1
139.wav,2.1,99.75,0,0.14,26.53,80.99,0.95,5.55,70.25,60.01,4.83,1.42,69.75,0.39,0.59,0.53,0,100,1.61,1.14,1
14.wav,6.13,90.27,34.81,6.36,4.81,99.7,58.52,86.19,59.89,96.71,99.66,6.57,1.91,99.38,82.71,84.9,66.74,100,100,99.41,1
140.wav,1.91,17.62,0,0.34,0.01,41.44,9.42,0.73,18.02,9.33,7.45,1.51,5.67,88.8,4.56,1.04,0.01,99.97,7.54,0,1
141.wav,43.61,99.81,0.06,6.55,0.19,93.63,18.84,3.75,62.58,8.35,7.04,3.01,54.77,0,0.24,1.34,0,99.87,0.04,0,1
142.wav,86.85,99.87,0.02,23.47,0.12,99.11,11.3,1.02,53.65,86.77,35.88,2.81,0.46,0,5.11,0.28,0,100,18.47,0,1
143.wav,93.39,99.62,25.47,27.97,0.39,99.92,32.03,21.24,69.8,97.8,99.7,2.32,28.06,95.61,77.08,38.19,99.96,100,100,0.08,1
144.wav,2.41,94.34,29.17,6.87,0.02,78.17,23.79,0.74,35.46,31.81,32.2,6.18,0.64,0,76.07,24.04,0.04,100,100,0.07,1
145.wav,0.02,1.9,0.01,0.66,0,0.28,5.48,1.55,0.4,31.75,10.71,5.11,2.56,0.02,0.22,0.01,1.13,100,0.88,0.03,1
146.wav,1.08,99.4,75.41,8.05,0.44,85.38,58.6,9.39,25.19,95.03,98.46,2.65,0.01,0,36.35,27.64,0,100,100,4.47,1
147.wav,5.36,91.53,4.64,13.44,0.36,42.72,82.16,5.67,35.47,98.64,99.66,21.04,0.1,0,85.28,5.92,0,100,100,0.07,1
148.wav,0.1,37.39,0,8.13,0.31,47.2,5.55,13.62,55.28,14.14,11,2.27,0.74,0.09,0.02,0.92,0,99.72,22.17,0.01,1
149.wav,16.32,99.89,3.52,20.71,0.03,54.65,6.01,11.55,36.48,98.08,97.17,5.25,0.3,0,1.58,9.55,0,100,5.22,0.14,1
15.wav,7.26,99.04,0.09,0.11,0.19,41.33,0.74,1.62,44.16,28.62,48.26,4.13,0.08,0,2.24,0.13,0,100,51.2,0,1
150.wav,0,58.56,0.4,0.02,0,2.3,0.32,0.15,1.96,22.05,11.61,1.87,0.48,0,0.08,0.01,0,99.74,7.02,0,1
151.wav,0.08,44.54,68.96,92.9,0.07,71.67,24.21,77.93,5.46,78.76,95.7,6.34,0.94,0,75.16,15.88,100,100,100,83.04,1
152.wav,7.93,83.9,0.67,0.08,0.01,18.96,2.81,0.03,49.49,26.58,16.48,1.64,0,0,0.2,5.42,0,100,0,0,1
153.wav,70.18,97.82,0.27,28.44,0.18,66.41,11.54,0.38,46.99,90.85,38.93,1.71,3.75,0,11.74,1.31,0,100,2.18,0,1
154.wav,89.2,99.47,25.58,88.49,0.08,99.98,3.72,2.99,42.65,94.11,26.73,6.45,0.06,0,6.94,0.29,0,100,10.08,0,1
155.wav,1.77,87.72,0.07,12.89,2.6,0.02,7.05,0.96,26.19,50.17,29.81,4.79,0,0,2.92,1.61,0,100,3.94,0,1
156.wav,2.34,99.98,6.79,0.98,0.04,99.82,10.4,12.99,35.7,99.01,99.55,6.09,0.38,0,8.72,16.12,0.02,100,100,0.51,1
157.wav,93.56,98,0.01,0,0.14,28.56,1.6,0.01,61.14,57.03,17.49,1.02,0.14,0,0.12,0.33,0,100,0,0,1
158.wav,99.7,99.99,2.7,7.31,0.19,99.95,28.11,0.49,68.03,97.93,99.93,6.71,16.58,0,47.6,3.21,0.48,100,100,0,1
159.wav,0.1,49.68,1,0.22,0.01,17.65,32.72,0.12,5.87,84.53,99.36,2.44,0.02,1.47,46.19,12.99,60.85,100,99.41,12.98,1
16.wav,38.07,99.62,0.06,0.23,0.02,21.76,0.45,0.58,31.48,80.64,33.43,8.14,0,0,2.26,0.02,0,100,0,0,1
160.wav,14.77,82.92,0.66,1.66,0.48,79.69,5.87,22.65,39.89,84.55,39.31,4.23,0.62,0,4.36,12.03,0,100,52.99,0,1
161.wav,11.23,98.17,0.01,0.16,0.08,1.41,3.52,8.38,62.62,78.17,24.17,2.82,0.04,0,1.59,0.02,0,100,0.09,0,1
162.wav,5.34,99.71,22.35,0.54,0.05,99.87,11.79,2.03,86.6,99.65,65.1,4.18,0.37,0,9.49,8.9,0.99,100,27.13,32.34,1
163.wav,0,0.04,0.1,0.03,0.01,0.08,14.88,1.89,2.17,28.09,9.35,1.02,0.06,0.2,0.27,0.17,0.44,100,1.68,2.67,1
164.wav,10.24,90.46,0.27,0.16,0.01,23.56,3.02,0,29.07,87.74,25.3,1.18,1.06,0,1.01,2.45,0,100,1.2,0,1
165.wav,1.19,1.27,0.05,1.19,0.01,2.58,16.07,24.18,39.82,7.37,18.9,1.66,0.12,0,0.87,1.31,0,99.78,0.18,2.72,1
166.wav,20.89,16.39,0.01,0.24,0.49,0.29,4.68,3.52,45.91,26.92,45.41,6.93,0.24,0,13.6,0.44,0,100,0.67,0.04,1
167.wav,0.19,72.63,86.48,32.83,0.01,0.32,26.52,75.45,18.1,76.26,99.62,5.08,0,0,90.87,2.87,0,100,100,0.01,1
168.wav,1.52,33.1,0,15.07,26.59,16.82,2.35,30.77,85.03,14.85,67.72,5.17,83.07,9.42,0.8,2.03,71.13,100,0.18,2.38,1
169.wav,4.46,99.96,0.53,0.01,0.38,98.18,2,0.09,43.97,78.17,29.79,8.83,0.01,0,1.03,0.55,0,100,0,0,1
17.wav,35.1,95.44,95.01,74.77,4.68,94.94,15.64,34.55,86.93,93.84,99.51,73.5,17.3,12.58,23.79,41.96,70.39,100,97.69,10.68,1
170.wav,73.26,86.1,46.71,0.15,0.21,94.73,90.67,1.15,21.85,59.07,98.99,2.45,6.56,0,72.14,1.1,0,100,100,0.01,1
171.wav,0.06,99.61,0.03,1.56,0.11,1.96,5.27,2.41,47.01,76.21,95.36,4.5,0,0,15.92,0.21,0,100,31.84,0,1
172.wav,12.21,94.87,0.07,0.09,0.02,0.79,4.62,6.36,40.33,78.88,24.02,2.85,0,0,0.3,15.81,0,100,0.18,0,1
173.wav,0.51,7.5,0.98,0.02,0.04,4.69,6.29,6,55.39,4.83,16.38,0.27,1.27,0.64,0.47,0.04,5.28,99.98,1.93,0,1
174.wav,75.21,26.59,76.29,8.81,2.71,83.95,88.37,58.07,83.26,56.99,99.76,22.25,94.71,26.16,90.36,50.78,6.81,100,99.72,46.36,1
175.wav,7.6,97.54,0,0.87,0.43,10.04,5.53,1.74,23.78,58.35,30.05,2.99,0.04,0,0.6,0.81,0,100,1.55,0.24,1
176.wav,89.5,99.94,85.48,41.49,4.14,26.67,33.27,49.74,41.16,98.3,99.95,7.39,0.1,0,70.77,18.72,69.34,100,100,0,1
177.wav,45.08,98.22,39.21,3,0.29,98.79,52.64,8.01,79.92,98.02,95.59,2.59,0.22,0,79.96,23.28,0,100,100,28.96,1
178.wav,0.04,99.15,0.04,0,0.2,0.27,1.56,0.01,41.34,53.59,17.15,4.21,0,0,2.61,0.09,0,100,0.02,0,1
179.wav,1.44,0.81,0.43,0.02,0.03,22.35,5.1,12.1,80.38,12.94,15.06,6.8,0.86,0.06,1.04,1.25,0,100,2.38,0.03,1
18.wav,26.52,28.19,0,1.35,0.24,94.53,19.91,0.36,18.67,55.16,31.13,3.29,0.09,0.67,1.17,3.01,0,100,0.17,0,1
180.wav,0.08,3.68,0.1,18.99,0,24.65,5.81,3.02,20.53,8.3,16.61,3.37,2.74,0,2.53,0.7,0,100,0.78,0,1
181.wav,13.03,68.28,25.1,92.5,0.66,99.01,63.3,99.25,84.07,23,98.83,2.42,14.08,85.27,96.4,57.93,89.47,100,99.98,0.01,1
182.wav,0.01,89.05,15.11,0.41,0,2.58,91.8,36.5,1.12,91.72,99.79,11.02,0,0.18,82.72,0.85,0,99.99,99.89,98.83,1
183.wav,16.33,91.2,0.04,2.81,0.49,99.51,4.27,13.18,93.17,18.69,6.26,1.76,9.29,0.15,0.62,2.64,2.31,100,0.05,0,1
184.wav,21.29,62.08,0.26,39.92,0.07,59.57,18.47,1.04,76.37,21.89,98.3,0.61,6.52,0,48.51,3.91,0,100,96.62,0,1
185.wav,76.96,98.55,38.99,96.79,1.33,97.68,48.94,6.15,81.67,67.94,99.73,2.31,69.57,0,67.16,40.62,41.91,100,100,0.1,1
186.wav,0.02,98.78,63.32,0.41,0.43,1.71,67.75,15.03,25.43,92.41,99.99,4.83,0,0,90.07,0.22,0,100,100,0,1
187.wav,0.01,99.88,1.2,0.02,0,95.52,19.13,15.12,3.39,28.92,66.1,1.7,0,0,5.54,0.17,1.82,99.92,2.1,86.51,1
188.wav,0.04,2.58,0.01,0.07,0.03,56.96,10.03,0.93,61.16,53.12,9.24,0.9,0.51,0.01,0.04,0.21,0.01,100,0.03,0.04,1
189.wav,0.07,28.98,96.99,1.76,0,0.37,40.28,67.97,23.58,92.42,99.8,23.82,0.34,0,84.62,5.12,0,96.76,99.98,61.35,1
19.wav,41.67,30.93,0.04,0.01,0.3,5.75,22.02,0.07,40.35,31.84,36.28,0.85,0.58,39.58,11.01,0.02,0.01,100,0.09,0.02,1
190.wav,51.42,99.94,5.37,0.18,0.34,95.58,3.18,3.46,56.38,99.58,78.59,9.27,0,0,45.91,0.62,92.03,100,99.99,0,1
191.wav,64.56,99.99,38.32,15.85,0.23,99.97,67.43,14.47,76.91,96.61,99.89,9.77,0.72,0,81.45,33.65,0,100,100,0.03,1
192.wav,78.9,100,4.32,37.56,0.82,96.82,3.34,1.2,49.65,96.39,89.92,7.46,0.04,0,3.5,0.49,0,100,100,0.01,1
193.wav,99.44,99.89,12.05,26.18,0.25,99.89,63.62,56.88,81.79,99.27,99.49,12.1,1.64,0,72.75,12.61,0,100,100,0,1
194.wav,0.04,98.84,95.9,0.59,0.01,88.38,45.39,3.59,42.67,98.63,99.2,4.07,0.13,0.04,86,45.25,0.01,100,100,98.01,1
195.wav,30.48,99.55,0.08,0.28,0.01,99.12,3.01,0.83,34.08,76.39,14.86,3.3,0.03,0,0.17,0.01,0,100,0.5,0,1
196.wav,4.45,98.76,2.76,83.76,0.73,99.86,18.24,77.82,62.8,97.64,70.37,6.34,5.49,0.19,74.4,34.39,94.6,100,99,4.53,1
197.wav,98.67,84.27,88.42,58.31,0.09,99.86,8.19,73.23,74.34,48.69,64.51,1.5,67.43,0.98,8.27,54.98,7.21,100,100,0.5,1
198.wav,40.35,97.76,0.32,55.58,0.06,33.83,2.21,17.9,59.33,37.93,38.73,21.92,1.21,0,2.52,4.94,0,100,21.1,0,1
199.wav,99.98,99.38,73.15,7.27,5.81,99.87,15.15,26.4,90.42,87.48,93.53,4.04,76.78,0,28.54,69.01,0.05,100,100,0.01,1
2.wav,12.46,99.44,36.35,51.88,0.56,84.34,17.48,0.67,41.6,99.58,99.8,7.7,0,0,66.67,4.83,0,100,100,0,1
20.wav,92.64,99.94,3.26,0.47,0.43,66.7,0.9,1.65,47.45,93.84,49.39,20.08,0.04,0,2.33,0.78,0,100,0.89,0,1
200.wav,0.03,0.37,0.02,0.54,0.1,0.4,7.15,4.5,59.05,10.08,15.95,3.39,0.65,0.11,4.99,5.46,0,100,4.34,0.01,1
201.wav,3.75,99.62,94.53,99.35,0.04,98.83,46.35,15.61,66.18,97.93,99.98,12.82,0.05,0,92.58,29.32,0,100,100,0.04,1
202.wav,90.34,96.16,0.09,0.28,1.25,52.24,9.33,3.08,75.73,94.44,8.6,1.78,16.22,0,0.67,0.03,0,99.99,59.83,0.2,1
203.wav,59.76,99.91,0.01,0,0.84,99.84,3.59,0.05,79.08,11.62,9.17,0.72,97.22,0,0.3,0.26,0.01,100,0.2,0,1
204.wav,19.49,90.16,0.43,2.92,0.01,83.28,19.87,12.18,58.55,20.36,10.99,2.85,5.35,0,3.45,17.86,0,100,96.76,0.04,1
205.wav,0.86,5.5,0.11,1.56,0.04,4.2,3.3,5.69,57.89,14.64,30.32,13.84,23.3,0,6.79,1.01,0,99.91,49.97,0,1
206.wav,22.76,99.7,57.84,34.59,0.31,93.63,12.41,3.65,50.53,99.67,96.77,11.6,0.01,0,33.53,15.46,0,100,100,0,1
207.wav,6.48,91.36,0.05,0,0.03,72.89,3.18,0.01,59.08,40.89,9,0.35,0,0,0.34,0.06,0,100,0,0,1
208.wav,87.58,99.92,0.01,83.51,0.01,99.58,0.52,56.56,64.64,74.02,5.41,8.9,49.77,0,0.08,2.98,0,100,0,0,1
209.wav,72.57,99.34,0.06,28.09,0.02,91.05,4.69,0.13,21.89,43.47,78.58,3.42,0.05,0,1.71,0.36,0,100,2.69,0.04,1
21.wav,1.14,92.6,0.02,0.23,0.21,0.15,0.35,0.12,31.02,43.26,17.6,1.66,0,0,0.28,0.05,0,100,0,0,1
210.wav,4.47,99.88,23.16,0.39,0.23,95.53,66.01,88.81,7.19,98.12,80.73,1.2,3.44,77.59,25.75,5.95,97.37,100,99.27,0.03,1
211.wav,2.89,90.22,7.2,28.43,0.11,81.48,12.38,8.65,42.47,59.78,98.57,3.75,1.93,0,49.03,6.15,0,100,24.32,0,1
212.wav,6.26,3.55,0.03,5.68,0.22,0.82,0.61,71.44,4.47,38.14,7.57,1.55,35.99,81.19,4.27,0.05,0.07,100,0,8.16,1
213.wav,0,60.19,0.02,0,0.02,7.57,0.71,0.15,23.1,43.66,9.01,1.78,0,0,0.28,0,0,99.99,0,0,1
214.wav,3.11,95.56,31.35,4.77,0.54,33.3,14.72,0.82,41.42,99.18,98.8,8.92,0.09,0,38.25,40.95,0.55,100,100,0.07,1
215.wav,0.02,79.79,0,0.78,0.01,98.02,0.56,39.75,17.26,32.53,9.73,2.57,0.68,0.3,0.06,1.68,0.07,100,0.06,0,1
216.wav,94.53,97.88,0.01,0.19,0.29,9.37,1.45,0.91,49.82,58.99,13.6,5.54,1,0,0.28,0.15,0,100,0.58,0.01,1
217.wav,0.03,93.35,18.3,0.01,0.12,93.08,3.25,3,30.16,98.1,52.4,2.55,0.09,0.05,7.03,1.81,15.71,100,0.26,12.89,1
218.wav,0.57,81.48,3.15,13.82,0.08,13.95,46.62,97.02,10.94,94.2,97.54,2.02,3.82,0.38,67.13,7.04,99.85,100,99.43,99.45,1
219.wav,0,10.12,2.27,0.01,0,1.28,16.26,0.04,5.1,52.43,13.88,3.84,0,0,24.71,0.01,0,97.18,36.58,1.11,1
22.wav,2.34,75.62,0.08,0.2,0.12,99.16,1.07,3.07,53.57,23.63,55.01,1.08,5.89,0.01,0.38,0.42,0.24,100,0,0,1
220.wav,14.9,95.25,0.03,1.35,0.61,3.82,0.74,0.03,74.08,13.04,10.27,1.97,0.1,0,0.14,0.02,0,100,2.36,0.44,1
221.wav,0.04,98.52,13.11,81.39,0.11,90.35,35.6,1.58,20.4,94.83,96.02,7.59,0.01,0,28.68,1.96,0,100,99.22,1.31,1
222.wav,0.01,66.39,0.01,0,0.42,0.23,1.65,0.05,17.89,36.79,42.9,0.8,0,0,0.47,0.06,0,99.99,0.01,0,1
223.wav,24.57,99.98,29.35,6.39,0,95.6,68.91,44.62,55.66,99.68,99.68,8.49,0.06,0,96.6,8.95,0.02,100,99.99,49.97,1
224.wav,0.06,91.61,0,0.05,0.32,27.04,1.06,0.29,32.44,53.02,5.67,0.72,0,0,0.04,0.16,0,100,0,0,1
225.wav,83.26,99.62,0.12,5.85,0.11,78.05,1.2,2.18,32.45,76.25,14.52,1.64,0.03,0,0.18,0.84,0,100,5.21,0.02,1
226.wav,0.02,6.95,0,0,0,0.84,0.38,0.13,2.06,5.52,8.07,0.47,0.07,0,0.38,0.04,0,99.98,0.06,0.13,1
227.wav,4.3,99.88,42.7,67.05,0.1,93.85,14.31,46.34,36.75,98.79,65.46,5.59,8.11,0,3.06,10.51,0.02,100,99.98,0.01,1
228.wav,0.13,90.34,0.01,0,0.06,0.02,0.68,0.04,26.76,73.03,17.81,2.77,0,0,0.05,0.01,0,100,0,0,1
229.wav,0.3,99.83,2.05,83.42,0.01,99.9,2.81,86.2,65.65,97.55,79.02,5.23,0.4,0.03,3.87,43.92,81.46,100,0.9,35.97,1
23.wav,1.15,56.14,1.2,0.01,0.52,0.02,3.74,0.06,16.1,47.91,16.1,7.45,0.02,0,5.01,0.38,0,100,12.72,0.15,1
230.wav,0,7.58,0.02,0.27,0,1.57,1.64,2.45,3.37,19.02,8.76,1.75,0.18,0.38,0.7,1.04,0.88,100,0.14,0,1
231.wav,0,47.81,0.01,0.35,0,42.88,0.95,0.43,28,89.66,8.69,2.95,0.01,0,0.14,4.49,0,99.71,0.19,0.07,1
232.wav,0.32,36.54,0,0.99,0.01,2.44,9.24,8.37,0.65,7.76,6.17,5.95,0.03,0.01,0.24,1.59,0,93.15,0,61.93,1
233.wav,0.23,87.28,14.4,2.88,0.22,0.01,10.39,13.67,17.35,98.91,84.16,13.96,0,0,11.3,23.02,0,100,94.61,0.08,1
234.wav,2.11,99.99,10.1,1.98,6.49,99.99,2.14,13.87,55.07,97.35,97.13,8.49,0.06,0,21.71,0.3,10.32,100,100,0,1
235.wav,0.01,32.77,0.02,1.5,0.01,11.48,0.71,44.22,27.09,5.63,18.7,2.36,2.54,0.4,0.04,8.36,0,100,1.9,0.33,1
236.wav,0.01,99.99,1.47,0.03,0.14,61.96,2.21,0.95,26.31,99.45,7.31,8.82,0.01,0,11.99,1.65,0,100,7.28,0.26,1
237.wav,0.02,65.44,0.27,7.8,0.23,60.69,6.93,30.83,3.66,87.79,29.87,6.83,0.02,21.32,7.62,8.68,98.9,99.96,100,99.23,1
238.wav,28.07,99.88,0.01,0.1,0.1,95.11,0.43,0.22,33.13,60.23,11.52,1.2,0.24,0,0.05,0.05,0,100,0,0.01,1
239.wav,13.16,93.87,0,0.45,0.09,2.21,0.56,0.25,34.31,45.36,8.14,2.95,0.02,0,0.05,0.08,0,100,0,0.01,1
24.wav,0.69,38.7,0.04,0.01,0.11,12.47,0.82,10.58,34.44,15.1,14.52,1.43,0.06,0.3,0.27,0.33,0,99.99,0,0,1
240.wav,0.13,63.76,0,0.01,0,1.63,0.87,4.17,10.59,9.5,9.35,0.91,0.02,1.81,0.81,0.02,0.05,100,0.14,0.14,1
241.wav,0.61,26.86,3.37,64.76,0.15,98.55,36.41,36.33,77.84,81.98,95.29,9.48,15.14,3.67,40.43,8.04,25.14,100,99.99,0.09,1
242.wav,0.31,99.87,0.01,0,0.11,1.6,0.64,0.02,12.79,56.01,7.31,0.58,0,0,0.01,0.01,0,99.43,0,0,1
243.wav,0.05,99.99,3.78,0.07,0.25,99.92,3.92,29.4,29.29,70.31,97.82,6.58,0,0,5.25,0.79,0,100,100,0.07,1
244.wav,25.4,99.59,32.68,4.9,0.29,98.33,17.61,33.03,85.01,97.73,90.42,2.85,0.45,0.95,85.39,29.92,99.27,100,8.77,48.28,1
245.wav,0.47,99.65,0.19,0.44,0.03,71.59,1.77,1.15,40.08,39.24,19.19,4.66,0,0,0.67,0.45,0,100,0,0,1
246.wav,0.91,14.37,0.03,0,0.09,61.79,0.98,10.33,10.94,73.07,8.5,2.41,8.54,0.13,0.4,4.01,0.04,100,5.22,0.83,1
247.wav,0.43,57.96,0,0.14,0,57.6,0.43,9.68,38.65,13.07,13.06,2.7,0.11,0.14,0.01,4.06,0.01,100,0,0.35,1
248.wav,0.92,92.54,30.31,51.91,0.04,82.89,16.23,99.67,13.49,93.68,99.93,2.65,0.09,97.25,45.99,86.67,99.21,100,100,0.02,1
249.wav,0.25,99.4,9.47,2.06,0,96.1,7.75,45.61,9.21,96.16,86.91,42.3,0.04,6.11,46.43,23.37,0.07,99.8,99.33,99.97,1
25.wav,21.93,99.48,0.07,0.02,2.43,2.3,1.26,0.14,47.66,78.42,57.87,2.01,0.01,0,0.65,0,0,100,0,0,1
250.wav,0.18,99.7,1.67,81.86,0.31,99.98,1.57,73.75,72.72,99.36,68.33,6.21,5.85,43.78,22.99,44.86,47.09,100,2.79,0.01,1
251.wav,0.18,71.28,0,0.03,0,0.59,0.91,14.41,64.9,21.87,5.08,1.24,3.69,0,0.03,0.16,0,100,0,0,1
252.wav,0.02,88.41,0,0.09,0.35,55.78,0.16,0.82,3.76,24.29,4.1,1.03,0.04,0.04,0.03,10.48,0,99.84,0,0.09,1
253.wav,0,99.5,8.04,3.2,0.01,0.3,55.94,14.4,19.51,95.47,99.82,5.41,0,0,7.7,0.67,0,46.05,99.98,0,1
254.wav,0.02,99.95,1.41,0.27,0,49.9,5.1,22.8,0.44,61.64,18.81,2.04,0,0,0.81,7.79,0.02,100,10.91,0.08,1
255.wav,2.36,2.33,0,0.25,1.19,0.35,0.04,3.31,56.85,31.87,5.72,1.67,25.44,9,0.01,0.57,0.01,99.92,0,2.56,1
256.wav,0,84.26,2.38,1.21,0.05,21.34,3.93,11.88,4.92,61.92,91.87,6.1,0.43,0.3,54.16,2.97,0,13.69,100,99.83,1
257.wav,47.23,99.74,6.67,6.31,0.07,28.63,2.77,2.7,35.67,99.17,69.71,6.75,0,0,3.84,0.82,0,100,0.01,0.01,1
258.wav,25.26,99.9,2.13,10.39,0.44,99.68,16.13,10.74,53.92,97.51,47.38,3.87,0.21,0,18.88,3.43,0.2,100,100,0.98,1
259.wav,38.39,99.9,0,0.2,0.26,98.15,0.56,0.25,48.2,60.32,12.91,3.48,0.03,0,0.03,0.01,0,100,0,0,1
26.wav,99.82,99.2,0.03,1.82,5.87,99.44,0.29,0.48,90.01,70.68,33.35,3.72,0.12,0,0.45,0.02,0.04,100,0.13,0,1
260.wav,63.16,99.99,4.79,24.59,0.23,99.81,18.02,9.06,53.39,99.65,96.48,5.45,0.03,0,18.21,10.07,1.76,100,4.71,0,1
261.wav,0.45,97.22,14.05,8.74,0.03,92.71,46.27,70.36,13.63,98.93,92.94,5.3,7.9,0,41.91,5.2,1.41,100,39.35,33.14,1
262.wav,0.4,99.98,0.08,8.04,0.02,92.9,1.69,10.14,27.39,77.89,63.62,13.88,0.04,0,0.65,0.17,0,100,0.02,0.1,1
263.wav,1.55,99.06,38.11,17.77,0.11,99.99,5.26,38.64,81.23,99.07,95.78,4.88,0.21,86.46,30.68,37.64,1.16,100,71.55,0.16,1
264.wav,1.92,99.26,11.18,15.19,0,99.09,16.38,57.22,1.42,81.36,94.52,1.31,0.39,28.04,60.94,60.02,8.12,100,22.64,1.3,1
265.wav,0.2,99.52,5.27,21.38,0,74.66,12.18,14.63,16.67,96.82,99.55,6.95,0,0,81.68,3.25,0,100,97.78,0.03,1
266.wav,53.72,98.07,0.03,0,11.1,99.2,13.82,0.92,86.72,57.05,36.83,5.43,20.25,24.6,0.24,3.57,0.03,100,6.92,0.09,1
267.wav,0.07,39.76,0,0.02,0.01,1.5,0.16,0.27,60.24,17.09,9.11,0.32,0.01,0,0.05,0.2,0,100,0,0,1
268.wav,30.7,98.97,0,0.01,0.22,62.63,1.25,0.04,49.04,88.39,5.56,0.9,7.23,0,0.05,0.04,0,100,0,0,1
269.wav,20.34,99.92,18.15,1.65,0.98,99.86,15.21,6.6,49.92,99.88,94.18,10.87,0.01,0,3.73,0.82,78.49,100,96.46,0.01,1
27.wav,0.17,93.98,0.02,0.03,0.07,82.02,1.22,0.37,40.14,12.64,9.24,0.93,0.74,99.36,2.27,5.86,0,100,0.04,0,1
270.wav,1.09,99.82,0,0.05,31.8,95.98,0.05,0.1,83.37,30.29,2.87,3.57,41.07,0.04,0.03,0.09,0,100,0,0,1
271.wav,0.8,46.28,0.04,1.36,0.02,2.43,17.94,11.96,49.56,13.39,8.82,4.76,0.33,0,13.38,10.1,0,97.85,4.83,0.06,1
272.wav,0.35,82.28,0.02,0.35,0.2,42.54,0.96,0.81,72.33,3.48,8.85,1.75,26.35,0.05,0.03,3.21,0,100,0.01,0.04,1
273.wav,0.91,99.34,1.55,0.09,0.06,14.53,7.82,1.98,11.36,98.1,50.14,3.86,0,0,7.52,0.58,0,100,0.05,0,1
274.wav,9.62,99.89,5.47,30.57,1.31,99.92,2.78,3.87,42.66,91.03,87.09,9.52,0.1,0,4.83,2.41,0.09,100,2.05,0,1
275.wav,91.26,99.47,0,5.4,0.18,94.76,0.39,11.84,68.12,27.16,9.31,0.76,11.66,0,0.06,0.13,0.01,100,0.02,0,1
276.wav,0.08,4.75,0.03,0,0.01,3.35,3.34,0.09,44.56,56.59,51.33,0.6,0.04,0,0.33,8.02,0,82.14,2.74,0,1
277.wav,3.8,1.12,0.01,17.94,0.42,10.46,9.58,2.43,78.83,35.96,26.77,0.88,19.64,5.67,1.21,1.22,0.31,100,11.56,0.04,1
278.wav,76.67,95.15,7.54,75.29,39.21,99.98,9.81,43.89,85.81,99.42,99.38,5.99,94.4,16.42,6.5,13.86,100,100,100,0,1
279.wav,10.7,98.8,67.67,95.85,0.99,97.91,3.87,63.71,72.68,97.96,95.71,8.26,5.97,0,1.92,32.66,100,100,100,16.04,1
28.wav,5.58,86.82,0.18,2.57,0.06,6.19,1.32,0.13,54.7,65.72,90.8,5.05,0.01,0,2.22,27.07,0,100,0.01,0,1
280.wav,99.82,98.51,17.06,92.24,18.49,99.93,7,83.15,95.88,95.68,10.62,3.41,99.81,88.55,8,3.81,99.99,100,83.48,0.41,1
281.wav,4.53,2.47,0,0.11,0.92,89.42,4.9,0.89,61.52,59.15,7.6,0.75,4.4,0.14,0.76,0.07,0,98.89,0.13,0.03,1
282.wav,80.65,99.61,30.31,0.4,17.53,99.54,6.15,7.21,82.58,96.2,60.42,15.82,1.39,0,6.55,18.58,99.82,100,73.83,0,1
283.wav,99.96,96.92,5.52,1.81,29,99.58,13.84,11.5,83.46,98.92,82.79,6.42,35.95,0,29.96,88.96,100,100,100,0,1
284.wav,91.96,85.93,0.02,19.94,0.8,88.92,9.07,0.13,63.63,90.29,25.05,2.34,10.09,0,0.04,0.1,0,99.16,9.41,0,1
285.wav,92.14,99.84,9.87,99.84,13.49,98.61,3.91,88.1,91.03,99.48,98.72,3.12,71.65,95.31,1.83,53.92,99.95,100,99.99,32.68,1
286.wav,7.66,5.3,0,0,0.05,6.19,1.58,0.34,80.22,42.45,16.55,0.65,0.58,0,0.18,0.22,0,13.78,8.64,0,1
287.wav,5.07,0,2.36,3.16,1.5,0.22,39,22.26,44,37.32,29.9,12.6,91.27,61.62,1.18,0.01,94.62,100,81.34,0.07,1
288.wav,4.61,16.17,0,0.02,0.2,98.66,0.27,0.71,47.65,27.38,7.9,1.21,1.38,0,0.02,0.06,0,100,0.01,0,1
289.wav,11.88,77.92,5.71,19.74,1.51,96.75,25.67,1.64,37.63,99.64,99.53,6.34,0.05,0,12.18,5.33,0.11,100,100,0.04,1
29.wav,38.56,85.96,0.06,0.25,50.43,88.78,0.32,0.2,79.05,15.12,27.27,0.72,2.11,98.27,0.21,0.2,5.24,100,0.37,0,1
290.wav,1.86,29.08,0,37.58,3.94,99.05,2.42,55.46,21.18,19.52,6.51,2.87,0.31,75.22,0.14,23.94,92.72,98.57,45.06,2.02,1
291.wav,99.99,99.1,8.67,81.25,8.01,99.66,4.36,15.11,76.05,99.36,62.59,5.92,75.73,0,5.79,5.19,99.95,100,37.23,0,1
292.wav,23.45,76.29,43,58.77,0.42,99.89,2.85,72.06,92.05,96.36,13.96,1.69,17.29,63.79,12.94,11.93,100,100,100,98.41,1
293.wav,0.17,6.1,30.63,56.12,0.14,71.65,31.97,90.71,39.55,98.59,95.39,3.57,0.17,8.82,58.44,17.15,99.56,100,90.88,76.75,1
294.wav,50.57,99.46,30.59,1.91,1.22,99.56,18.27,6.04,92.81,99,99.66,8.66,4.56,0,52.77,6.25,99.99,100,100,0,1
295.wav,15.77,34.65,0.01,0,0.05,82.62,1.98,0.01,37.55,62.85,18.69,0.4,0.03,0,0.1,0.01,0,99.93,0,0,1
296.wav,98.17,99.17,15.09,15.1,13.11,99.95,48.62,75.34,92.25,99.61,95.73,2.17,98.12,0,52.22,7.16,99.96,100,100,0.14,1
297.wav,76.11,100,13.08,40.6,0.89,100,4.92,54.58,84.4,97.89,95.66,4.59,19.45,0,25.58,8.92,100,100,99.98,0.04,1
298.wav,97.29,99.56,96.25,98.27,8.91,99.99,72.49,3.3,94.2,99.86,99.72,3.76,69.06,0,51.26,2.94,100,100,100,0,1
299.wav,99.57,99.79,0.87,36.26,8.89,99.72,1.84,3.24,82.55,99.39,95.95,11.15,72.66,0,0.8,12.55,99.9,100,100,0,1
3.wav,1.84,96.88,0.03,0,0.15,63.58,1.33,14.12,15.85,8.58,11.14,0.84,0.26,94.33,1.08,0.17,0.07,100,0.01,0,1
30.wav,72.98,99.82,0.07,0.2,0.05,0.02,1.88,0.28,15.46,65.69,47.62,7.38,0,0,1.75,0.05,0,100,0.6,0,1
300.wav,4.82,97.95,10.68,1.18,0.04,99.93,34.1,60.71,87.57,97.74,99.82,2.5,2.15,98.56,64.68,11.43,99.84,100,99.93,0.84,1
301.wav,87.48,78.55,0.04,78.65,0.43,27.41,1.41,39.71,83.25,85.6,18.99,11.94,96.94,0,0.68,2.77,0.57,100,14.5,0,1
302.wav,5.87,11.25,0,0.02,0.39,2.54,3.17,0.1,30.91,68.21,43.63,1.12,0,0,0.1,0.01,0,99.97,15.77,0,1
303.wav,23.89,96.57,40.31,32.49,3.47,99.94,4.29,74.64,95.7,99.04,92.97,4.17,42.04,99.97,26.51,42.13,99.86,100,92.62,13.76,1
304.wav,0.85,98.68,0.01,1.44,0.25,95.28,0.19,8.57,86.1,18.18,26.61,0.63,4.22,0,0.03,19.82,0.01,38.6,0.81,44.58,1
305.wav,0.79,0.08,0,0.12,0.07,0.39,3.14,1.31,5.86,16.76,3.9,0.5,2.29,7.64,0.17,0.08,0.05,96.5,0.18,0.34,1
306.wav,3.15,88.52,0,0,14.64,89.87,6.69,0.88,75.02,94.81,14.73,0.94,0.02,0,0.37,0.16,71.29,100,1.28,0.02,1
307.wav,0.36,38.47,14.63,0.01,0.01,4.81,8.4,1.03,24.57,72,89.42,1.88,0,0,23.39,0.47,0,98.6,88.53,0,1
308.wav,10.23,98.5,3.12,98.2,10.12,99.69,1.99,84.54,83.78,97.2,63.4,6.88,95.02,98.76,18.42,56.7,99.94,100,98.74,0.03,1
309.wav,83.14,99.71,2.54,0.21,29.47,99.97,4.74,5.99,73.55,98.44,87.04,6.2,30.27,0,1.24,3.82,100,100,100,0.04,1
31.wav,0.06,100,57.69,0.09,0.02,90.01,38.43,0.18,34.09,76.88,90.39,4.3,0.03,0,19.43,8.19,0,100,99.95,0.12,1
310.wav,25.94,34.83,78.19,96.4,0.67,97.98,12.25,98.9,91.38,98.22,99.32,8.96,10.83,25.8,29.58,30.13,100,100,98.87,24.78,1
311.wav,0.16,84.69,71.99,0.14,12.13,5.26,3.34,3.46,37.62,96.42,97.49,7.34,0,0,58.91,8.31,98.26,100,100,0,1
312.wav,4.34,11.39,0,0.02,0.01,0.21,1.72,0.18,29.92,62.24,32.23,0.67,0,0,0.91,7.18,0,98.59,15.15,0,1
313.wav,0.01,1.39,0,0.3,0.03,2.87,0.27,5.57,5.37,14.25,7.11,0.58,0.06,2.35,0.11,0.02,0,29.32,0,0.53,1
314.wav,0.06,38.84,0,1.16,0.03,91.29,0.54,6.47,18.97,20.99,10.69,0.91,0.01,0.08,0.01,3.15,55.83,82.41,0.02,0.26,1
315.wav,77.89,99.9,74.7,2.65,8.11,99.95,3.74,43.29,90.46,99.63,99.55,5.27,26.95,0,14.78,30.58,99.99,100,100,0.04,1
316.wav,98.17,99.17,15.09,15.1,13.11,99.95,48.62,75.34,92.25,99.61,95.73,2.17,98.12,0,52.22,7.16,99.96,100,100,0.14,1
317.wav,2.37,33.45,0,0,0.06,15.27,0.15,1.86,44.65,48.57,17.93,0.48,0,0,0.06,0.05,0,99.79,0.01,0,1
318.wav,15.57,78.31,0.13,62.76,2.31,99.63,3.3,17.63,83.4,37.32,34.14,0.49,15.18,0,0.28,3.41,1.93,100,2.95,0.13,1
319.wav,0.28,2.26,0,0.54,0.02,33.9,8.89,11.49,8.63,23.63,33.95,1.79,1.54,0.01,0.67,10.54,0.22,94.44,10.78,0.49,1
32.wav,45.24,83.31,94.83,97.14,17.65,81.96,81.93,49.52,87.96,98.06,99.22,4.67,3.14,63.47,95.02,66.35,22.86,100,100,20.99,1
320.wav,25.31,39.84,94.08,81.27,98.1,94.91,13.64,99.5,87.64,99.47,99.98,2.86,96.67,99.95,71.26,49.2,99.99,100,100,0.01,1
321.wav,30.68,95.41,91.57,7.86,6.16,99.87,24.86,66.98,68.7,99.62,98.59,8.72,5.93,99.39,86.44,6.07,100,100,100,99.34,1
322.wav,78.23,79.13,7.52,98.23,2.93,99.97,3.84,54.87,90.85,99.27,34.32,3.16,1.48,86.61,11.74,13.87,99.97,100,100,2.6,1
323.wav,49.02,14.94,19.01,2.65,84.6,48.61,75.33,10.1,83.74,98.4,86.49,4.65,98.86,7.39,48.99,1.86,99.9,100,100,1.92,1
324.wav,2.18,99.51,23.93,25.37,1.41,35.03,4.43,89.39,59.94,99.08,99.51,12.62,0,0,9.5,5.95,99.97,100,100,0,1
325.wav,4.6,93.65,4.42,0.31,0.62,55.61,8.05,78.98,37.97,92.66,97.91,6.28,0.15,0,0.66,1.22,16.58,100,4.13,8.75,1
326.wav,22.97,79.54,31.96,89.16,10.6,99.01,5.44,71.38,89.68,99.67,81.93,14.37,27.51,87.64,18.75,13.42,99.56,100,5.86,8.85,1
327.wav,2.62,56.02,5.75,10.15,0.41,87.86,6.29,95.69,36.81,98.46,96.91,5.81,0.33,1.01,10.6,3.48,100,100,88.05,0.64,1
328.wav,84.04,7.81,0.01,0,3.77,22.96,3.74,0.03,75.77,92.36,11.78,0.62,0.05,0,0.17,0.01,13.4,99.95,13.98,0,1
329.wav,75.38,94.89,2.52,1.62,0.34,99.89,7.51,29.49,93.2,99.31,89.76,3.77,1.72,0,17.95,5.09,98.76,100,99.99,0,1
33.wav,0.56,38.76,0.04,0.01,0.06,0,0.58,0.71,22.51,50.91,32.78,21.57,0,0,0.43,0.15,0,99.89,0,0,1
330.wav,1.61,58.34,32.43,0.73,0.26,88.06,41.69,0.22,27.65,97.01,99.88,3.82,0,0,52.02,1.04,10.94,100,100,0.01,1
331.wav,99.97,99.2,67.28,58.18,7.87,98.12,6.04,38.9,82.89,98.45,98.64,5.58,96.03,0,29.21,18.91,100,100,99.99,0,1
332.wav,72.86,96.71,83.77,97.81,9.89,99.94,14.74,99.25,96.43,98.78,99.21,21.38,71.99,97.15,42.65,75.61,99.49,100,100,11.17,1
333.wav,0.94,98.27,0.07,0.02,0.07,94.73,0.97,1.21,50.59,71.36,38.61,3.69,0.02,0,0.29,0.43,0,96.97,0.07,0,1
334.wav,45.27,96.81,5.1,25.56,37.44,99.61,2.79,92.85,78.2,98.77,52.91,5.85,77.41,95.69,21.12,50.12,99.97,100,100,5.3,1
335.wav,50.9,88.52,99.4,86.17,0,94.94,24.04,54.13,51.9,97.59,99.98,5.56,0.04,0,80.94,2.75,100,100,99.99,0,1
336.wav,98.66,84.38,33.53,97.86,20.11,99.78,2.52,80.3,95.9,97.55,98.79,2.54,88.07,7.36,9.81,4.41,99.99,100,100,0.24,1
337.wav,50.47,5.17,0,0,0.18,65.67,1.44,0.01,87.26,29.55,8.98,0.38,52.18,0,0.05,0,0,99.96,0.01,0,1
338.wav,96.13,98.29,26.46,99.78,1.57,65.19,28.54,89.19,90.69,99.64,99.1,4.65,77.73,0,49.2,1,98.84,100,100,0.01,1
339.wav,97.5,99.85,89.94,78.83,43.75,100,72.8,0.54,92.56,99.93,99.72,8.72,96.53,0,31.55,4.88,29.86,100,100,0.02,1
34.wav,28.18,35.67,0.01,30.93,0.53,70.22,1.24,23.56,86.04,32.21,79.41,2.3,9.25,0.55,13.24,11.2,0.35,100,4.08,0.01,1
340.wav,75.51,62.5,0.06,0.04,3.14,99.67,8.15,0.46,84.97,94.55,6.47,0.61,24.52,0,1.26,2.4,0.1,99.97,35.57,0,1
341.wav,15.89,98.15,99.9,90.66,2.15,94.17,96.58,64.28,75.95,98.71,99.94,5.76,5.57,92.42,95.09,20.56,96.05,100,100,43.16,1
342.wav,7.16,97.34,0,96.44,0.51,93.39,0.3,45.72,75.3,57.5,12.52,4.19,51.61,0.01,0.53,6.15,0,99.83,0,0,1
343.wav,2,63.87,1.2,94.3,0.74,97.14,3.32,81.3,74.4,69.06,74.34,9.05,17.92,0,6.14,5.08,0.01,100,30.28,0.31,1
344.wav,0.01,3.44,0.15,38.66,0.06,0.69,7.1,91.87,6.74,21.48,26.64,7.77,0.19,1.78,6.68,6.81,16.14,99.38,91.89,99.73,1
345.wav,3.59,24.91,72.88,99.49,9.68,98.95,18.69,96.81,75.42,98.58,93.52,9.87,78.91,82.66,71.62,70.11,100,100,100,10.53,1
346.wav,96.67,99.35,1.39,86.31,0.99,96.93,3.12,16.04,66.22,91.82,97.71,3.96,89.19,0,5.73,22.55,99.99,100,100,0.12,1
347.wav,1.43,56.01,0.4,44.9,18.31,96.98,18.21,95.99,57.24,98.02,74.07,5.53,97.81,65.54,15.02,6.6,100,100,100,99.88,1
348.wav,29.3,12.11,84.65,61.06,0.7,81.36,39.88,82.2,79.81,63.48,99.56,69.11,70.28,15.2,78.66,83.59,0.11,99.99,99.99,86.62,1
349.wav,99.87,93.19,44.24,98.86,23.79,99.8,7.22,20.01,88.17,98.21,79.29,10.14,67.3,0,6.71,1.66,97.41,100,100,0.08,1
35.wav,0.21,25.33,0.08,0.22,13.97,78.94,14.93,2.9,73.59,29.3,26.5,1.78,3.05,98.21,4.5,0.3,0.01,100,68.49,0.44,1
350.wav,99.62,97.9,75.28,75.99,60.77,99.65,34.91,64.23,92.25,99.44,99.29,8.28,94.63,0,39.97,0.84,99.99,100,100,0.01,1
351.wav,0.13,55.51,0.02,1.81,0.16,38.23,2.85,0.65,79.57,36.24,26.31,3.69,0.09,0.52,1.43,1.69,0,98.56,7.7,0,1
352.wav,72.06,99.91,1.41,0.31,81.21,97.98,45.51,84.03,83,99.36,87.23,7.22,98.44,99.29,26.78,25.78,99.99,100,100,10.1,1
353.wav,3.3,74.91,61.86,38.41,0.13,98.89,19.8,23,52.97,91.12,99.37,5.65,53.77,0,44.65,11,0,100,99.72,0.07,1
354.wav,23.56,0.04,10.88,13.6,9.41,9.48,63.69,22.03,61.23,58.93,99.25,7.63,80.81,99.97,24.83,0.02,86.3,100,88.2,0,1
355.wav,0.07,38.01,0,0.04,0.01,2.37,1.24,0.18,63.2,40.09,4.26,6.45,1.39,0,0.03,0.08,0,47.37,0.02,0,1
356.wav,98.25,98.67,59.42,32.18,20.49,99.99,7.96,25.08,90.85,99.51,90.33,6.31,79.15,0,20.32,0.27,100,100,100,0,1
357.wav,0.66,98.58,0.03,82.71,0.64,99.42,8.03,73.52,54.63,56.97,20.26,3.36,13.4,52.95,3.16,23.68,4.74,98.32,4.73,78.94,1
358.wav,98.76,89.68,97.67,92.61,74.87,96.31,25.24,33.95,61.25,97.23,99.42,5.98,31.82,0,60.28,0.31,99.86,100,100,0,1
359.wav,0,11.24,0,0.07,0,1.56,5.5,1.93,2.51,10.2,10.61,1.38,0.03,0.59,0.54,0.23,63.51,0.66,18.21,0.45,1
36.wav,7.78,12.48,0.06,0.13,0.13,35.79,2.07,22.31,76.96,8.49,41.71,0.8,0.38,14.38,8.99,0.2,0.01,100,0.04,0,1
360.wav,0.53,7.4,25.18,0.02,2.4,2.41,28.2,2.43,10.64,97.35,47.5,5.74,0.26,0.02,34.88,11.64,99.99,100,100,88.93,1
361.wav,95.02,55.37,0.82,82.95,4.73,96.74,30.47,15.52,85.37,99.55,95.53,9.15,86.6,0,45.83,4.52,78.72,100,100,0.05,1
362.wav,64.35,90.07,82.69,99.79,2.32,100,22.26,93.57,70.19,99.84,84.13,15.81,60.4,0.02,14.12,4.96,0,100,100,0.01,1
363.wav,0.1,69.09,0.01,0.46,0.6,43.73,3.96,1.47,22.75,72.46,27.58,0.8,0,0,0.45,0.06,0,21.89,0.52,0,1
364.wav,91.41,99.95,40.24,67.58,0.03,99.91,10.1,20.51,71.12,97.17,97.82,5.25,85.59,0,40.72,0.81,71.96,100,100,0,1
365.wav,95.03,50.35,0,0.28,4.66,99.18,0.17,2.12,92.7,92.43,13.36,0.38,50.36,0.01,0.22,0.01,0,99.28,0,0,1
366.wav,96.92,61.56,1.27,10.11,1.04,99.03,44.52,2.69,63.32,85.86,65.62,3.63,0.78,0,50.18,0.09,5.45,99.67,52.49,0.01,1
367.wav,0,51.84,0,34.45,0.06,85.39,0.53,20.15,23.33,6.95,8.31,0.69,0.26,0.58,0.05,0.37,86.85,0.67,0,0.02,1
368.wav,98.45,95.94,0.04,94.23,2.51,99.01,4.65,57.58,92.8,83.86,73.16,10.67,98.53,0.01,0.8,0.19,1.37,100,3.67,0.02,1
369.wav,64.83,41.82,0.01,5.92,0.27,0.07,8.26,1.9,49.91,75.08,19.68,1.67,0.48,0,0.47,0.01,1.34,6.5,2.54,0,1
37.wav,1.33,67.59,98.94,21.83,1.95,95.65,29.05,94.28,55.09,97.4,99.92,8.2,0.31,93.24,86.83,49.72,37.76,100,100,57.7,1
370.wav,3.77,93.6,81.83,91.62,5.99,99.89,8.16,56.92,84.5,97.86,99.48,5.8,98.03,97.01,12.09,7.25,99.99,100,100,0.88,1
371.wav,1.67,71.09,0.65,76.12,0.03,83.72,12.55,38.79,75.08,72.48,47.75,5.65,0.43,0.01,13.86,3.19,0,26.88,85.2,52.47,1
372.wav,0,6.84,0,3.3,0.38,10.76,0.25,12.59,22.94,31.44,9.23,0.35,1.84,5.25,0.02,0.13,1.05,99.32,0,0.19,1
373.wav,97.84,14.18,0.81,75.41,8.34,37,40.86,32.49,94.06,42.04,30.14,6.27,91.79,0.67,5.32,0.37,0.54,100,98.13,0.12,1
374.wav,99.12,95.89,94.04,98.45,2.85,99.89,8.62,80.48,52.13,99.64,91.38,7.86,1.18,0,26.65,2.19,98.65,100,100,0.01,1
375.wav,0.25,22.65,0,86.49,0.11,99.39,0.34,73.33,82.89,8.63,12.38,1.82,2.51,57.42,0.11,5.9,0.48,99.73,0.23,0,1
376.wav,16.53,5.87,0.01,1.33,50.61,14.31,0.56,0.41,88.16,68.38,15.44,2.93,8.24,0,0.66,0.2,0,53.89,0.37,0.04,1
377.wav,0.08,6,50.83,95.8,18.41,95.8,25.18,48.46,74.98,99.1,88.83,4.91,0.59,79.72,66.78,2.34,99.29,100,100,63.45,1
378.wav,1.27,97.74,89.29,73.31,0.37,73.44,41.66,86.49,23.24,87.17,99.23,7.53,0.01,0,26.57,2.24,6.14,100,100,0.02,1
379.wav,8.47,2.17,48.26,31.13,0.02,19.69,45.67,8.32,20.81,43.16,98.38,9.05,0,0,28.6,0.04,0,96.43,88.35,0,1
38.wav,17.24,97.17,78.4,70.56,6.75,50.36,6.54,38.51,74.96,97.76,96.47,7.82,2.74,98.28,13.32,76.9,100,100,81.86,68.2,1
380.wav,0,0.53,0.03,3.49,0.08,3.14,1.96,31.58,0.51,37,7.52,1.11,0.01,0.04,2.18,2.57,0.18,23.86,3.79,98.99,1
381.wav,17.64,43.76,0,0,0.38,0.06,1.34,0.38,38.45,68.37,8.9,0.62,0,0,0.14,0,0,82.28,0.19,0,1
382.wav,0.02,0.05,10.8,0.21,0.77,0,17.61,0.08,3.84,88.86,79.56,4.31,0,0,7.74,5.18,0.01,99.7,100,0.04,1
383.wav,74.07,96.04,28.94,65.58,4.4,97.69,65.29,88.46,85.1,99.36,98.81,3.48,11.33,5.58,33.15,3.06,99.97,100,100,1.11,1
384.wav,1.32,48.68,0.12,0.34,0.25,27.55,4.27,1.28,23.24,84.82,10.28,1.62,0,0,15.31,0.13,0,2.63,28.51,0,1
385.wav,89.02,9.02,0.37,72.04,21.36,98.34,19.9,43.66,81.5,54.94,76.71,6.23,96.82,22.54,15.33,30.53,99.76,100,91.57,81.49,1
386.wav,0.28,12.57,0,53.06,0.72,35.99,3.41,70.49,14.24,24.22,17.8,2.47,4.09,11.16,0.84,24.42,0.06,99.46,2.46,0.07,1
387.wav,91.1,60.44,90.66,90.62,95.37,98.92,25.81,99.69,89.26,92.91,99.91,3.91,98.79,97.17,95.61,74.25,100,100,100,0.04,1
388.wav,1.6,89.74,98.99,14.8,33.87,91.54,73.5,81.52,60.47,99.78,99.45,18.81,38.84,99.92,51.24,17.5,100,100,100,96.19,1
389.wav,14.38,92.96,47.32,39.51,22.28,99.12,8.36,97.37,91.71,99.41,77.77,10.55,71.54,94.61,26.42,54.7,100,100,100,17.24,1
39.wav,56.47,18.06,0.37,6.05,1.29,11.62,4.33,3.6,91.9,18.43,22.07,1.08,0.21,0.23,0.84,0.46,0.01,100,4.86,0.02,1
390.wav,5.94,7.51,0,44.28,21.74,70.81,8.09,62.85,78.18,26.83,21.85,1.14,69.64,99.73,0.3,0.34,80,99.97,8.07,6.11,1
391.wav,0.39,81.04,99.63,69.02,1.2,17.16,79.64,97.16,22.19,91.68,99.76,10.3,0.01,0,54.06,3.59,63.49,100,100,0.06,1
392.wav,0.58,94.66,3.2,13.12,0.21,6.1,18.21,90.12,47.65,81.57,95.34,7.72,0.25,0,0.39,1.52,4.22,100,4.13,0.02,1
393.wav,0.02,1.4,0,2.17,15.89,47.76,2.4,53.91,68.81,42.06,11.35,2.97,1.17,78.28,0.17,0.43,5.87,99.84,1.46,0.28,1
394.wav,3.1,20.32,45.52,0.01,10.14,38.11,29.46,25.19,26.09,98.36,67.91,7.08,48.97,11.61,57.61,4.81,100,100,100,62.66,1
395.wav,93.55,95.75,7.87,83.38,15.21,93.89,10.33,34.17,92.81,98.98,99.03,13.78,14.89,0,16.79,0.45,100,100,100,0.03,1
396.wav,16.07,99.82,35.07,25.1,63.48,99.95,51.24,13.87,93.31,99.24,99.09,3.46,77.96,8.9,51.64,0.38,100,100,100,0.65,1
397.wav,3.44,1.11,0,0.11,0.13,24.02,1.86,0.33,25.95,71.33,21.81,0.76,0.03,0,0.04,0,0,99.17,0,0,1
398.wav,73.57,80.63,0,1.24,1.45,81.99,2.06,0.48,78.98,80.55,9.69,0.64,3.44,0,1.5,0,0.02,97.73,2.67,0,1
399.wav,4.77,98.51,17.67,0.12,20.77,99.63,50.96,65.64,65.89,99.84,99.49,5.23,76.98,98.54,45.27,4.46,100,100,100,78,1
4.wav,91.94,99.66,0.06,89.34,11.55,88.24,1.19,1.72,57.32,47.9,51.74,4.36,46.15,0,4.08,0.61,0,100,5.31,0,1
40.wav,22.76,98.87,0.01,0.03,0.12,0.61,0.52,0.34,44.56,89.36,28.96,0.59,0,0,0.7,0.02,0,99.36,0,0,1
400.wav,21.95,97.49,0.01,0.02,0.01,99.74,2.76,0.27,55.14,79.94,15.46,1.62,0.1,0,0.14,0.03,0,91.57,0,0,1
401.wav,4.82,73.33,5.73,55.28,20.56,98.51,7.37,65.9,22.12,96.89,39.8,7.81,72.14,98.16,24.08,8.6,100,100,100,2.72,1
402.wav,9.52,67.27,99.99,50.37,0.13,23.68,90.04,61.66,23.79,18.12,99.79,13.19,0.01,0,78.87,12.07,0,100,100,1.91,1
403.wav,72.31,99.43,99.84,99.89,30.57,99.92,30.59,97.2,89.1,99.26,89.63,10.59,26.15,7.1,60.22,17.36,99.73,100,100,2.29,1
404.wav,1.23,13.69,0,18.7,23.52,84.05,10.23,0.39,90.52,83.36,42.54,0.54,28.9,0.05,0.69,0.04,0.02,99.86,2.42,0,1
405.wav,98.73,96.78,77.35,98.89,8.62,97.67,11.21,31.14,93.46,99.64,99.56,6.24,47.69,0,16.48,0.71,1.56,100,100,14.61,1
406.wav,98.68,85.95,0.04,1.28,18.02,97.99,12.33,0.72,90.75,93.46,21.23,3.59,92.6,2.86,40,0.02,0.23,100,9.02,0.02,1
407.wav,12.11,97.67,0.01,8.33,3.72,99.97,9.07,1.76,90.96,72.92,38.97,3.49,9,20.07,19.88,0.12,13.46,80.61,1.18,0,1
408.wav,4.19,86.54,0.29,24.17,0.33,99.55,28.91,57.9,74.72,37.18,74.01,3.71,6.26,36.1,6.86,1.99,0.05,100,13.45,1.38,1
409.wav,26.01,98.71,0,0,2.09,99.06,0.2,0.03,63.31,95.4,6.57,0.54,3.81,0,0.01,0,0.03,100,0,0,1
41.wav,6.26,89.55,0.01,0.58,0,5.87,0.32,1.46,49.31,27.87,6.63,0.75,0.01,0,3.01,0.5,0,100,0,0,1
410.wav,65.86,98.66,27.26,26.56,0.53,98.68,86,2.72,77.27,96.49,99.11,3.19,17.35,0,2.19,0.34,99.77,100,84.92,0.02,1
411.wav,88.67,51.79,0,9.19,2.39,71.02,2.44,0.07,69.32,97.31,48.63,0.67,8.84,0,0.71,0,0.32,91.95,61.44,0,1
412.wav,50.12,84.63,0,75.4,1.35,95.92,2.48,18.52,72.58,36.63,43.98,0.92,41.07,4.17,0.25,0.02,0.16,100,0,0,1
413.wav,8.37,31.66,0.01,10.03,1.33,52.22,0.38,4.53,78.81,3.01,38.82,0.39,32.87,9.56,0.2,0.76,0.3,94.29,0.04,0,1
414.wav,1.04,5.06,0,10.41,1.26,79.73,0.37,79,52.6,30.56,9.41,0.82,12.27,95.99,0.18,0.12,35.58,21.51,0,0.05,1
415.wav,19.98,94.71,0,59.4,0.04,96.92,1.16,6.86,76.54,28.71,16.72,0.88,61.89,0.06,0.25,0.1,2.6,100,0,0,1
416.wav,2.38,0.24,0.08,5.35,0.03,15.94,3.03,29.97,9.14,18.28,73.76,0.39,1.4,0.04,1.59,1.3,0.01,99.9,89.31,0.01,1
417.wav,4.26,19.09,0,0,0,54.92,0.95,0.03,57.68,59.13,34.76,0.47,5.6,0,0.05,0,0,99.97,0,0,1
418.wav,60.18,17.57,0,0,29.36,99.9,0.2,0.26,81.06,84.32,23.54,0.8,81.93,0,0.12,0,14.19,100,0,0,1
419.wav,89.68,99.94,64.67,0.01,0.24,99.92,29.54,0.02,56.94,97.99,98.82,2.53,74.38,0,2.12,0.44,99.96,100,94.77,0.02,1
42.wav,39.08,6.31,0.25,39.86,7.16,20.31,0.74,4.02,90.3,19.51,17.5,2.26,4.31,78.75,1.37,2.49,0,100,0.03,0.02,1
420.wav,10.51,96.48,0,0,0.31,96.8,14.69,0.01,70.25,85.37,57.3,0.16,0.15,0,4.17,0,0.01,100,20.63,0,1
421.wav,99.36,99.71,91.63,86.75,2.2,99.08,99.15,17.67,74.32,98.47,99.98,9.79,95.34,0,11.04,1.87,99.17,100,45.53,0,1
422.wav,0.53,98.78,26.63,0.7,0.78,98.66,81.12,20.3,21.73,97.25,99.93,2.29,0.6,46.98,32.2,2.49,96.38,100,99.9,2.96,1
423.wav,1.29,29.43,0,0,0.02,3.92,18.59,6.65,1.12,35.03,33.19,0.38,0.18,31.37,1.83,0.02,0.04,99.7,11.31,0,1
424.wav,2.75,2.05,0,0,24.84,56.13,0.12,0,68.93,18.5,8.14,0.29,1.54,11.76,0.05,0,0.07,99.99,0,0,1
425.wav,0.02,99.48,82.22,85.43,0.11,97.22,93.41,96.94,4.22,90.51,99.79,2.33,0.04,34.04,83.8,10.88,99.95,100,99.49,0.08,1
426.wav,0.12,4.11,0,4.93,0,1.73,0.02,19.7,7.51,7.7,35.41,4.64,0,3.46,0.14,0.71,0.51,85.75,0.01,37.65,1
427.wav,0.02,8.59,0,0.23,0.02,14.39,1.36,54.95,13.71,10.3,10.48,0.14,0.08,0.13,0.14,0,0,99.99,0,0.35,1
428.wav,2.11,41.36,0.84,44.21,4.22,92.02,4.01,88.06,46.31,42.61,48.77,1.41,7.12,84.65,0.46,2.26,93.91,99.84,0.02,0,1
429.wav,2.23,64.7,99.24,46.72,0.24,93.07,75.24,17.47,66.13,94.22,99.95,3.92,7.11,56.56,40.56,0.99,99.16,100,93.49,2.85,1
43.wav,0,0,0.02,0.01,0,0.13,4.04,0.49,3.55,22.04,27.97,1.1,0,0.59,2.86,0.02,0,99.99,0.73,2.27,1
430.wav,3.52,70.11,0,0,0.04,2.91,0.2,0.08,51.91,85.85,11.46,0.26,0.28,0,0.07,0,0,99.94,0,0,1
431.wav,0.01,3.3,0,1.01,0.05,0.2,1.01,44.16,13.21,7.99,68.15,1.72,0.01,69.24,0.06,4.58,0,92.29,0.03,0.04,1
432.wav,9.88,88.26,0,0,0.05,52.73,0.08,0.01,52.67,59.64,11.17,0.28,0.06,0,0.08,0,0,99.99,0,0,1
433.wav,0.69,65.16,0.02,52.97,3.85,99.82,4.19,92.48,61.28,24.53,93.66,1.8,19.51,96.76,2.54,13.91,72.11,100,65.86,53.65,1
434.wav,48.47,96.5,94.92,99.71,1.32,99.81,79.53,98.58,86.66,95.16,98.69,5.05,81.71,99.78,60.51,85.16,99.71,100,75.95,99.47,1
435.wav,98.87,99.85,51.06,84.54,0.51,99.97,16.48,41.1,71.85,94.02,74.72,2.28,92.05,0,4.46,14.12,99.71,100,17.03,0.01,1
436.wav,50.68,23.01,1.5,2.43,0.25,82.31,7.86,2.03,89.1,80.31,93.11,1.48,24.94,0,23.05,0.12,0.26,100,44.64,0,1
437.wav,56.26,96.46,0.5,0.08,0.66,97.47,33.84,0.76,90.19,53.61,46.75,1.22,28.16,0.01,0.53,0,11.99,100,42.15,0,1
438.wav,0.07,73.16,0,86.36,0.05,21.84,0.12,94.19,46.27,8.64,55.27,1.59,14.96,71.74,0.08,3.89,3.7,36.86,0,0,1
439.wav,51.79,19.38,0,0,0.65,21.71,0.38,0.01,34.62,76.3,16.88,0.3,1.17,0,0.06,0,0,100,0,0,1
44.wav,17.86,99.56,0.01,2.61,2.16,15.92,0.36,0.51,63.55,62.79,35.65,4.75,0.35,0,0.41,0.27,0.01,100,1.03,0,1
440.wav,0.87,10.71,64.66,0.3,0.03,96.12,25.91,2.81,56.55,6.12,74.66,0.93,0.04,7.45,29.29,0.45,0,100,94.52,0,1
441.wav,35.87,4.76,0,0.01,1.36,17.03,0.98,0.17,83.19,10.76,51.13,0.39,29.54,1.5,0.15,0,0,99.97,0,0,1
442.wav,99.05,97.21,55.42,84.21,18.84,97.75,28.76,96.29,74.23,88.25,99.94,29.46,48.48,0,39.05,0.62,98.6,100,19.2,0,1
443.wav,82.89,70.63,0,6.83,1.15,73.41,0.59,7.86,89.75,80.85,18.49,0.75,4.5,0,0.05,0.01,0.01,100,4.04,0,1
444.wav,1.32,0.02,0,2.63,0,0.37,1.73,0.85,11.81,6.65,28.01,0.23,0.02,0.71,0.05,0.01,0.02,99.55,0.16,0,1
445.wav,0.02,30.71,0.02,0.05,1.18,12.75,7.37,1.69,60.26,12.71,26.52,0.47,6.74,80.8,0.34,0.01,0.08,100,24.24,0,1
446.wav,2.57,99.13,81.09,91.9,0.12,97.53,88.05,1.75,48.39,89.76,98.68,5.25,19.3,0.29,35.88,14.17,56.36,100,66.15,0.7,1
447.wav,25.5,61.17,4.13,2.73,0.74,99.6,40.59,14.71,61.06,99.18,99.47,4.33,31.71,95.12,0.97,1.76,37.21,100,66.99,4.18,1
448.wav,68.21,3.91,0,3.27,2.53,72.33,0.25,0.58,79.58,34.59,16.26,0.29,7.76,0.04,0.24,0.03,0.01,99.65,0,0,1
449.wav,0.01,62.83,0.58,83.04,0.03,31.3,0.68,44.45,67.03,16.41,35.72,0.61,2.38,46.35,8.27,9.67,98.1,99.78,29.6,0.02,1
45.wav,75.24,99.51,0.07,12.47,0.22,98.44,1.12,0.08,86.84,34.27,59.97,3.75,1.95,0,0.39,53.18,0,100,0.12,0,1
450.wav,70.92,98.34,38.98,38,0.42,99.99,77.35,88.38,89.93,98.12,93.66,1.34,93.66,97.93,25.9,39.38,97.45,100,90.35,16.56,1
451.wav,0.03,77.94,96.11,0.21,0.03,96.02,98.06,73.91,52.19,90.82,99.99,6.26,0.24,85.08,90.37,7.83,79.26,100,58.75,0.02,1
452.wav,98.71,99.86,48.52,76.68,1.4,99.84,59.78,6.5,60.24,97.98,99.1,6.25,32.5,0,19.69,0.45,99.46,100,96.77,0,1
453.wav,99.45,99.96,31.3,67.79,0.32,99.97,32.9,72.97,77.81,96.02,98.62,9.79,98.8,0,3.4,2.33,99.5,100,74.51,0,1
454.wav,0.93,34.18,0,50.52,0.18,53.77,8.33,89.38,39.43,26.14,32.42,0.57,3.85,40.19,0.72,0.11,1.08,73.41,3.25,1.51,1
455.wav,83.16,68.55,0,0,3.54,95.99,5.91,0.54,72.73,92.35,38.69,0.64,79.08,0,1.39,0,0,20.7,3.72,0,1
456.wav,0.71,89.58,0,0,0.05,1.45,1.48,0,24.39,79.35,40.21,0.21,0,0,0.73,0,0,100,0,0,1
457.wav,91.32,75.18,0,0.12,2.03,97.69,1.37,0.03,81.71,82.4,22.56,0.46,5.84,0,0.27,0,8.2,100,0.14,0,1
458.wav,62.44,94.62,97.13,90.42,1.53,99.97,38.26,91.32,72.13,96.15,95.73,9.77,96.09,0,39.59,1.03,21.06,100,100,0,1
459.wav,0.78,22.36,0.01,27.95,0.01,91.71,0.67,12.98,75.02,25.7,39.33,0.52,10.54,35.47,1.76,0.04,28.09,100,28.99,0,1
46.wav,7.98,100,65.28,13.14,11.87,99.89,61.8,0.88,46.98,98.7,99.71,3.54,0.26,0,98.21,2.63,0,100,99.59,0,1
460.wav,44.63,85.12,0,0,0.02,74.9,0.03,0.11,62.09,18.35,10.24,0.23,2.55,0,0.08,0,0,99.93,0,0,1
461.wav,40.97,85.13,0,0,0.37,75.69,1.98,0.38,75.41,91.38,12.5,0.22,14.25,0,0.04,0,0,99.92,0,0,1
462.wav,0.18,97.59,0,0,0.39,81.39,30.12,0,61.39,57.28,79.34,0.21,0.91,0,7.8,0,0,100,2.23,0,1
463.wav,52.2,99.38,88.3,58.46,2.61,99.82,21.47,99.5,51.86,98.93,98.94,2.94,97.61,79.32,28.19,19.16,100,100,99.86,99.89,1
464.wav,96.74,99.85,73.74,47.62,4.46,99.9,77.73,22.39,79.22,98.86,99.87,2.85,64.29,0,85.59,0.07,94.21,100,92.18,0,1
465.wav,93.29,52.76,0.04,9.34,0.58,92.48,2.68,4.26,72.71,22.02,23.96,0.17,9.5,79.34,4.6,0.06,0.43,99.99,8.95,0,1
466.wav,0.07,8.93,0,0.52,0.57,20.75,0.33,34.38,19.89,25.15,8.29,2.6,0.65,83.45,2.21,0.04,90.07,88.56,0.07,0.03,1
467.wav,5.44,19.13,0,0,0.05,88.65,0.36,0,82.48,46.83,14.7,0.21,12.19,0,0.13,0,0,99.88,0,0,1
468.wav,81.85,33.25,0,0.06,2.75,85.33,0.4,0.07,94.08,89.07,12.49,0.18,78.91,0.04,0.01,0,0.68,99.98,0,0,1
469.wav,98.84,99.07,0.23,22.1,31.9,99.98,31.14,1.53,79.72,82.22,81.09,7.9,79.25,0,5.27,0.03,0.47,100,9.49,0,1
47.wav,58.66,99.84,0.31,69.08,0.15,97.1,0.91,12.85,67.23,76.24,45.13,12.43,50.61,0,1.87,1,0,100,99.65,0,1
470.wav,0.82,0.07,47.43,2.68,2.98,0.33,92.2,37.94,8.79,55.2,99.93,52.98,67.7,3.97,71.1,0.01,99.59,100,4.73,0.74,1
471.wav,2.84,89.98,0,0,0.08,96.68,1.66,0.16,80.6,68.38,38.72,0.46,3.69,0,0.13,0.02,0,99.99,63.1,0,1
472.wav,0.08,0.31,0,0,10.05,65.56,11.47,0.13,70.33,37.7,24.48,0.18,52.02,94.67,0.21,0.01,36.13,100,0.01,0,1
473.wav,36.98,98.93,0,0,27.57,99.9,3.42,0.06,86.14,97.15,10.82,0.47,48.94,0,0.01,0,21.41,100,0.01,0,1
474.wav,97.88,99.99,26.41,0.08,14.18,99.96,48.59,0.09,44.76,98.55,99.79,4.92,17.14,0.01,28.68,1.29,99.97,100,100,0.06,1
475.wav,86.12,99.67,98.51,82.32,43.25,99.25,44.47,14.66,86.88,99.66,99.77,7.66,88.59,0.01,9.27,3.07,99.96,100,100,0,1
476.wav,11.49,99.65,85.46,99.58,6.9,98.85,32.07,85.55,61.7,98.32,99.55,7.35,2.37,0.07,2.79,1.88,99.71,100,41.73,0,1
477.wav,40.5,99.93,15.62,98.82,0.9,99.93,65.24,97.23,86.25,99.27,99.86,2.95,10.07,99.87,48.12,81.7,98.61,100,31.43,0.01,1
478.wav,0,96.49,0.01,0.52,0.11,16.98,11.45,5.48,11.69,30.79,5.31,0.43,0.34,85.99,0.15,0.04,10,90.4,0.04,3.15,1
479.wav,3.84,99.95,0.3,20.71,0.12,99.59,3.78,1.42,80.96,89.45,6.94,0.81,51.61,58.27,0.02,0.03,22.79,100,0.04,0,1
48.wav,29.97,99.6,0.02,61.1,0.75,99.45,2.07,0.38,84.48,24.43,61.39,1.41,34.52,0.28,0.86,6.82,1.91,100,2.69,0,1
480.wav,0,39.95,0,59.5,0,3.68,1.48,14.67,2.11,22.47,8.77,0.82,0.06,6.53,0.12,3.82,0,93.32,0,0.51,1
481.wav,2.57,95.5,44.38,1.32,0,12.71,62.8,0.06,71.25,96.63,99.68,1.07,0.08,0,56.46,2.33,0.01,100,100,0,1
482.wav,1.19,97.18,0,0.25,4.43,98.31,1.34,0.02,81.3,94.38,11.51,0.24,85.22,0.01,0.01,0,1.43,99.96,0,0,1
483.wav,1.33,99.96,4.81,2.38,0.34,97.05,62.32,23.01,82.67,99.01,99.96,2.99,0.48,0.02,2.34,14.26,98.3,100,99.79,0.27,1
484.wav,52.79,99.9,0,0,3.78,99.94,4.36,0.04,66.29,69.25,5.29,0.32,87.89,1.55,0.01,0,0.1,100,0,0,1
485.wav,65.59,99.85,4.33,0.46,4.75,99.77,86.57,0.68,84.84,88.45,97.16,0.87,83.43,66.91,2.06,0.79,20.96,100,0.21,0,1
486.wav,0.04,96.32,0,0.01,0.26,28.97,37.59,0.89,9.05,26.94,23.8,0.18,0.21,3.18,0.03,0,0.01,96.1,0.42,0,1
487.wav,0,45.04,0.19,0.01,0,1.94,14.42,24.91,0.49,10.75,22.28,0.8,0,47.48,0.02,0.26,5.11,99.92,3.49,1.34,1
488.wav,0.14,99.94,10.16,50.47,0.51,99.97,36.56,4.57,18.42,94.42,52.57,2.34,0.16,99.89,14.13,20.73,99.34,100,100,0.03,1
489.wav,0.04,98.61,100,98.14,0.13,76.34,99.95,99.3,2.88,69.95,99.99,22.32,0.02,99.71,98.17,50.46,99.54,100,100,57.55,1
49.wav,43.67,99.93,0.16,1.92,0.03,16.2,0.76,3.84,35.41,73.53,47.34,5.75,0,0,0.14,0.05,0,99.94,0,0,1
490.wav,0.2,64.51,0,0.84,0,0.28,0.17,26.04,2.52,19.07,2.42,1.45,0.04,3.33,0.03,0.08,0,42.92,0,3.25,1
491.wav,0,41.97,0,44.34,0.04,0.21,7.8,71.25,3.22,17.26,2.06,1.23,0.06,5.69,0.08,0.5,0,92.53,0.18,4.14,1
492.wav,87.63,80.06,2.07,38.7,9.8,96.95,62.08,7.43,87.85,38.15,52.13,2,69.97,97.44,0.34,40,49.42,99.99,7.89,0,1
493.wav,0.01,15.43,0.01,2.75,0.13,6.14,44.29,2.05,13.68,18.62,5.3,0.8,1.26,94.28,0.13,0.06,1.18,99.98,0.42,0.02,1
494.wav,53.03,96.56,0.36,17.41,1.69,98.16,25.78,0.31,74.31,95.78,8.55,1.61,1.4,0,0.07,0,0.4,92.7,1.17,0,1
495.wav,0.09,19.31,21.61,0,0.18,2.61,28.74,6.7,4.59,30.85,75.05,0.58,0.05,93.36,2.07,0.05,1.2,99.97,56.75,6.97,1
496.wav,64.94,85.57,0,0.01,2.66,63.74,1.65,0.02,68.65,68.85,12.71,0.61,22.84,0,0,0.02,0.02,100,0.36,0,1
497.wav,0.21,75.57,0.01,6.22,2.28,93,61.24,82.43,5.81,58.43,34.61,0.77,10.49,99.76,1.97,5.78,99.11,100,4.2,1.41,1
498.wav,0.04,98.11,0,31.24,0.72,96.78,12.4,93.2,54.87,29.37,17.85,3.58,0.54,99.89,0.15,2.83,72.4,99.96,1.44,95.76,1
499.wav,85.5,99.89,48.36,84.16,1.92,99.98,46.06,0.82,79.54,99.79,98.92,11.12,58.96,0.35,6.86,0.16,99.86,100,100,0.01,1
5.wav,10,40.29,0.08,17.07,0.06,26.95,1.51,2.11,76.73,27.55,17.03,2.5,1.49,0.05,1.82,10.18,0.02,100,0.11,0,1
50.wav,33.66,99.13,52.44,0.05,3.87,99.47,12.93,29.35,12.68,98.25,99.8,6.73,0.19,99.85,88.48,2.04,8.97,99.97,99.99,70.55,1
500.wav,0.22,57.81,0.03,0.06,13.38,25.49,20.41,4.46,10.93,72.98,36.56,2.5,24.73,13.72,0.65,0.46,2.07,100,12.93,0.11,1
501.wav,78.65,99.66,0,0.02,3.18,99.64,2.38,0,88.51,90.92,9.15,0.76,71,0.61,0,0,68.42,100,0,0,1
502.wav,0.44,98.99,0.02,0.42,0.13,98.19,0.2,68.13,25.13,40.11,17.98,0.35,6.61,93.6,0.09,0.53,57.11,99.94,0.01,0,1
503.wav,38.35,98.48,0.01,0.06,0.12,45.47,12.58,0.01,46.83,96.58,18.3,0.88,0.07,0,0.05,0.01,0.11,100,0.01,0,1
504.wav,0.01,12.25,0.83,0.03,0,0.6,0.52,0.13,18.82,7.92,3.29,0.36,0.01,14.24,0.08,0.13,0,99.75,0.37,0,1
505.wav,82.29,94.52,0,0,60.02,98.51,2.89,1.28,75.23,63.77,84.31,0.18,74.24,35.76,0.19,0,1.26,100,0.01,0,1
506.wav,99.99,99.39,99.11,28.85,96.04,99.44,92.01,70.38,83.7,98.83,99.8,28.24,99.44,11.8,84.51,1.33,99.98,100,99.55,0,1
507.wav,58.4,99.59,0.01,6.18,1.64,71.54,5.79,8.76,63.72,82.67,6.51,0.38,0.6,2.55,0.05,0.04,0.23,100,0.26,0,1
508.wav,0.01,13.57,0,0.07,0,0.82,8.16,1.83,0.14,7.36,3.27,0.29,0,18.5,0.02,0.02,0,99.52,4.48,0.03,1
509.wav,0,27.84,16.27,0.71,0.33,0.67,84.62,14.16,23.68,3.11,54.98,0.4,4.5,27.65,0.37,0.06,0.25,98.72,93.37,2.57,1
51.wav,0.96,30.96,0.15,2.27,0.39,91.72,2.2,5.36,36.45,39.92,92.38,4.81,0.18,95.26,2.15,2.7,0,96.65,0.02,0,1
510.wav,0.06,86.52,30.75,42.03,0.01,99.76,89.1,19.9,1.98,81.74,99.82,4.13,0.03,14.34,65.7,50.67,0.18,100,100,6.24,1
511.wav,0.35,23,0,4.41,0.06,5.74,18.81,43.07,2.86,41.63,6.84,2.23,0.55,19.84,0.19,0.51,0.21,96.38,0.08,0.52,1
512.wav,16.92,49.82,0,21.14,3.8,94.49,13.02,0.02,62.58,51.91,22.8,0.97,12.32,1.28,0.29,0.95,2.2,100,0.69,0,1
513.wav,0,85.56,1.76,44.72,0.01,12.87,38.16,35.96,1.59,28.76,23,1.38,0.16,28.76,13.89,0.54,95.15,75.75,6.95,100,1
514.wav,1.28,99.99,75.57,29.01,1.79,99.87,95.63,15.04,57.76,99.53,99.95,2.86,0.67,99.72,55.85,20.17,48.19,100,100,87.68,1
515.wav,2.52,99.09,92.95,1.23,1.33,95.61,98.86,92.37,49.85,81.25,91.61,2.61,72.14,99.51,98.94,2.1,93.09,100,100,1.61,1
516.wav,1.73,99.82,7.43,2.18,0.28,99.84,39.01,4.69,58.99,98.64,77.43,12.65,11.9,0.77,3.01,2.13,99.97,100,100,0.01,1
517.wav,8.24,99.99,17.2,85.79,5.7,99.93,89.44,1.46,70.69,98.87,98.4,2.93,29.64,0.52,30.27,0.6,99.8,100,56.59,0,1
518.wav,0.16,96.85,99.96,89.58,0.49,99.4,96.72,61.78,52.97,97.84,99.9,7.18,4.9,99.96,72.81,43.95,97.23,100,100,15.54,1
519.wav,53.07,91.93,0.02,0.21,48.02,98.77,28.98,0.01,90.98,36.75,11.07,0.5,25.09,0.56,0.1,0.06,78.69,99.85,4.56,0.01,1
52.wav,96.1,83.74,0.3,0.09,1.86,6.19,2.62,0.42,48.66,73.72,39.69,6.05,0.01,0,3.87,0.16,0,100,99.53,0,1
520.wav,0.35,90.29,0.02,0,0.32,96,15.23,0,83,26.53,18.08,0.41,0.71,2.09,0.06,0,0.02,100,0.02,0,1
521.wav,60.66,79.12,0.02,0.16,13.29,54.94,14.55,0.03,83.8,88.28,11.47,0.63,14.39,0.03,0.05,0,69.63,100,10.08,0,1
522.wav,4.41,99.99,93.6,24.76,72.03,99.99,46.91,33.29,85.59,94.33,99.15,5.15,85.16,7.95,12.64,2.38,99.53,100,100,0.03,1
523.wav,0.02,96.94,0.02,45.51,2.33,74.1,27.47,93.31,5.56,34.32,28.04,2.5,6.17,80.8,17.31,4.18,99.71,99.84,6.88,83.26,1
524.wav,45.28,95.88,0,2.09,0.13,84.07,0.87,9.16,63.24,92.05,7.13,0.33,0.38,0,0.18,0.57,82.69,100,0.07,0,1
525.wav,31.63,99.71,0,0,4.87,99.26,2.2,0.01,78.05,59.22,11.78,0.46,1.41,0,0,0,0,100,0,0,1
526.wav,51.3,97.89,1.03,0,2.34,99.31,5.1,0.01,79.72,51.7,29.02,0.34,4.67,0.04,0.02,0.01,0.01,100,0.78,0,1
527.wav,0.48,99.88,99.91,3.51,0.33,99.55,95.47,95.16,34.14,88.37,99.98,11.45,1.08,99.93,69.14,10.38,91.48,99.99,100,92.61,1
528.wav,10.9,98.53,87.99,0.42,3.4,68.98,67.1,0.29,82.79,92.75,77.31,1.34,15.01,0.07,1.6,0.33,16.15,100,100,0,1
529.wav,2.49,94.47,0.72,1.56,17.9,96.78,62.98,12.31,55.68,35,15.44,0.66,2.01,99.85,0.28,0.5,8.81,100,9.47,0.02,1
53.wav,66.96,66.05,0.05,9.54,57.86,97.28,1.85,27.08,93.37,13.87,38.49,1.36,7.52,3.12,17.17,1.36,0.76,100,72.46,0,1
530.wav,0.18,91.85,0.01,9.78,0.5,7.64,30.6,13.07,12.83,27.41,37.16,0.53,0.44,96.08,0.09,0.37,31.08,99.18,0.21,2.55,1
531.wav,1.05,77.76,0.04,0,0.01,66.61,5.17,0,74.61,84.87,34.6,0.15,0.08,0,0.16,0.01,0,100,0.01,0,1
532.wav,98.73,56.69,0,6.23,1.29,41.71,1.21,0.96,89.4,74.61,3.99,0.37,94.65,0,0.02,0.03,8.68,100,0,0,1
533.wav,99.18,100,0.87,0.2,58.98,99.99,49.12,0.22,86.59,97.49,25.86,1.66,83.91,0.42,3.07,0.02,90.22,100,0.67,0,1
534.wav,0.58,19.01,32.13,61.78,6.85,0.91,74.59,53.79,11.49,74.59,99.13,5.44,17.72,96.07,63.04,0.93,1.12,100,89.93,0.07,1
535.wav,8.16,99.66,0.01,0,13.41,96.44,12.75,0.02,59.22,38.86,8.64,0.18,99.43,46.17,1,0.01,3.24,100,3.24,0,1
536.wav,0.62,15.48,0,8.97,0.51,2.45,4.23,63.82,7.29,40.79,2.68,3.45,0.44,98.37,0.08,2.33,3.29,99.99,0.57,2.48,1
537.wav,31.61,98.12,0,23.3,0.14,63.59,0.25,9.27,66.27,64.49,9.07,2.46,71.34,0,0.31,1.05,0,99.05,0,0,1
538.wav,5.22,9.72,0,0.04,0.02,12.08,1.13,0.01,77.53,16.71,32.95,0.71,0.24,0,0.63,0.05,0,95.35,0.02,0,1
539.wav,0.23,1.63,0.01,19.3,0.04,19.4,11.44,58.26,0.74,15.13,35.19,0.53,0.23,95.21,2.26,0.18,48.03,100,8.89,2.7,1
54.wav,91.53,93.64,0.22,25.37,0.38,99.85,1.97,1.64,94.12,24.34,65.16,2.24,12.06,89.83,6.18,3.83,0,100,43.74,0,1
540.wav,68.73,98.71,51.89,0.72,53.68,99.99,95.88,95.87,80.79,89.3,99.92,1.61,98.7,99.98,81.91,2.48,100,100,100,65.94,1
541.wav,6.73,94.73,62.89,84.91,0.32,99.17,13.5,89.49,26.44,98.82,99.61,1.85,0.22,0,17.83,75.18,99.87,100,100,0.05,1
542.wav,11.44,45.01,2.54,0.02,10.09,99.7,4.69,31.3,71.68,94.17,58.7,3.31,38.3,97.93,1.32,12.2,99.99,100,89.55,84.41,1
543.wav,13.33,49.38,0,0,16.45,88.82,0.09,0.27,83.59,21.03,5.04,0.81,83.07,45.66,0.07,0.01,0,97.31,0,0,1
544.wav,24.12,97.97,29.97,20.2,4.2,99.81,6.33,22.37,69.67,95.05,85.96,2.41,1.73,0,16.94,0.32,99.15,100,100,0.02,1
545.wav,76.64,94.29,0.76,23.25,5.82,82.15,6.8,0.33,54.12,92.66,22.86,1.18,2.68,0,1.35,0.04,0,62.26,9.96,0.01,1
546.wav,8.58,37.35,0,0.05,2.13,31.7,16.28,0.08,40.33,67.86,48.72,0.54,1.48,0,2.67,0,0,99.81,0.51,0,1
547.wav,93.81,99.29,55.54,77.39,76.81,99.97,68.37,96.7,69.24,99.24,99.95,4.05,95.8,99.83,3.68,55.7,99.98,100,94.99,99.99,1
548.wav,0.77,45.03,33.92,0.25,0.03,43.24,19.61,14.18,32.86,29.52,99.08,3.95,0.04,0,11.05,7.65,0,99.99,99.66,0,1
549.wav,0,0,0.04,0.07,0.04,0.01,2.7,0.33,0.86,8.63,14.67,0.51,0.81,16.87,7.31,0,0.21,99.99,0.73,0.17,1
55.wav,97.33,99.96,0.02,0.11,4.24,98.96,2.3,0.13,49.91,92.35,21.96,4.7,2.67,0,1.73,0.02,0,100,0,0,1
550.wav,0.01,0.57,0,0,0.03,0.04,0.31,0.36,13.38,4.84,2.58,2.08,1.01,0,0.01,0.05,0,97.83,0,0.01,1
551.wav,49.13,99.95,25.82,0.03,11.71,99.93,4.07,36.45,62.76,99.32,77.39,4.99,0.02,0,0.42,1.92,96.95,100,94.91,0,1
552.wav,0.12,8.93,0,26.99,3.11,48.5,1.48,85.07,2.81,13.71,13.32,2.93,0.65,66.48,0.63,31.73,2.96,91.39,0,2.1,1
553.wav,95.49,4.71,0.02,4.31,4.88,90.48,5.13,1.43,42.14,82.87,56.34,1.17,2.92,0,2.46,0.01,0.04,96.94,9.35,0,1
554.wav,0.02,0.54,0,0.02,0.05,2.68,2.32,16.14,0.67,17.12,6.73,1.95,2.44,0.12,0.14,0.09,10.13,58.09,7.97,82.5,1
555.wav,16.2,42.69,7.57,1.14,3.03,81.67,18.11,84.24,47.44,74.94,99.12,6.65,85.84,3.01,7.61,20.33,99.96,100,99.99,99.86,1
556.wav,7.34,98.13,52.43,2.3,1.37,93.21,42.89,2.65,55.24,99.73,99.88,3.6,6.93,0,46.81,0.29,96.86,100,84.32,0,1
557.wav,3.51,66.97,3.58,7.59,0.33,13.77,2.51,12.32,13.4,64.47,76.82,10.31,0.02,0,35.58,0.89,3.62,100,0.05,0.01,1
558.wav,34.27,58.46,0,0,1.41,10.21,0.65,0.29,31.06,35.82,31.75,0.49,0,0,0.04,0.01,0.01,7.66,2.03,0,1
559.wav,0.73,75.41,0,0.05,0.01,80.24,0.12,6.65,35.75,20.02,10.87,2.15,0.34,0,0.19,0.21,0,24.84,0.02,0,1
56.wav,97.31,99.41,0.05,36.97,3.72,98.7,0.87,0.31,84.37,91.7,62.94,2.3,0.65,0,0.77,1.25,0,100,7.34,0,1
560.wav,0.5,93.58,0.24,0.47,0.33,99.82,0.24,1.28,84.45,88.3,11.75,1.19,66.93,0,0.09,0,0,99.76,0.02,0,1
561.wav,93.12,99.9,71.51,95.53,14.9,99.93,6.94,6.81,68.42,98.07,96.54,6.99,94.47,0,49.32,0.4,99.82,100,100,0,1
562.wav,0.19,25.04,0.01,5.97,0.01,62.47,0.3,81.64,35.58,2.27,30.69,0.44,0.06,0.03,4.37,0.42,12.08,2.77,20.37,99.19,1
563.wav,31.38,98.61,0,0.18,0.25,99.44,0.16,0.14,46.35,84.77,44.1,0.3,21.71,0,0.07,0,0,100,0.01,0,1
564.wav,4.31,90.59,0,0,0.31,3.25,0.28,0.03,36.71,87.6,30.92,0.58,0.01,0,0.09,0,0.01,99.1,0,0,1
565.wav,18.73,99.96,23.4,99.11,0.44,99.93,29.49,91.35,63.67,99.81,84.75,2.26,13.98,11.96,9.4,23.65,97.89,100,100,1.26,1
566.wav,17.53,94.88,0,35.35,0.13,94.69,0.16,3.43,53.16,75.44,9.28,1.78,2.96,0,0.1,0.22,0.02,99.94,0,0,1
567.wav,0.12,0.25,0.03,0,0.6,4.52,20.4,0.03,47.11,13.78,3.58,2.38,48.6,5.78,0.18,0.01,0.47,99.71,0,0,1
568.wav,19.83,89.39,0.05,0.01,7.31,35.86,3.87,0.04,81.75,46.49,73.62,4.23,0.3,0,2.11,0,0,99.93,5.16,0,1
569.wav,0.34,2.77,19.14,1.8,1.96,0.3,6.16,71.6,5.34,75.29,96.55,5.91,0,0,27.22,1.37,0,99.95,99.92,0,1
57.wav,4.52,99.8,0.01,0.11,11.94,87.97,0.32,0.27,83.78,65.66,14.29,3.02,1.43,0,0.35,0.01,0,100,0,0,1
570.wav,1.4,99.38,0,95.97,0.38,98.93,3.41,66.81,88.01,85.11,33.94,1.52,23.01,0.23,2.32,0.39,8.77,100,3.98,0,1
571.wav,0.07,25.53,0.01,0,0.44,30.77,0.11,0.21,6.85,42.95,7.76,0.86,0.02,0,0.04,0,0.01,100,7.53,0.02,1
572.wav,0.05,99.62,85.64,0.14,14.39,99.59,98.97,5.04,1.78,95.16,99.97,19.6,13.29,96.38,57.85,1.28,99.91,100,100,10.48,1
573.wav,0.13,28.65,0.01,0,0.01,0,1.71,0.05,2.66,36.39,24.62,0.43,0,0,2.86,0,0,94.12,1.43,0.02,1
574.wav,15.98,32.58,0,0.2,0.03,11.62,0.37,0.05,38.79,68.92,59.07,0.64,0,0,0.23,0.01,0.02,97.96,0.33,0,1
575.wav,0,18.27,59.5,0.24,0,0.7,15.81,1.08,0.32,7.97,66.36,2.48,0,0.13,63.74,0.1,0,2.39,99.31,96.99,1
576.wav,0.93,93.02,1.07,0,0.08,0.06,2.97,0,9.97,47.48,27.18,1.95,0,0,0.25,0,0,94.85,99.21,0,1
577.wav,0.21,78.04,0.02,0,0.15,42.18,1.32,0.07,39.96,26.74,28.45,0.38,0.02,0,0.41,0,0.01,13.61,0.03,0,1
578.wav,45.5,85.23,1.1,25.97,11.24,99.75,5.56,64.69,91.54,98.24,55.59,4.3,73.99,0.75,18.92,21.54,99.75,100,100,4.48,1
579.wav,5.09,10.9,0,0.23,0.12,47.51,0.13,2.5,56.31,52.16,8.06,0.53,0.27,0,0.11,0.01,0,78.35,0,0,1
58.wav,26.26,64.92,0.14,86.61,1.62,63.12,4.67,5.74,93.04,29.02,55.16,8.87,12.59,45.73,5.45,6.38,0.16,100,95.52,0.05,1
580.wav,0.16,8.47,0.12,0.2,1.53,85.83,1.82,86.06,23.85,17.92,33.1,5.29,61.78,99.35,0.13,9.04,2.87,96.52,9.37,5.97,1
581.wav,2.34,15.04,66.37,24.34,0.44,96.88,23.91,95.45,4.84,73.34,94.14,3.26,6.3,81.51,2.41,62.72,100,100,99.38,5.22,1
582.wav,95.83,99.5,67.37,82.21,56.58,99.91,85.61,97.34,92.04,96.65,99.94,1.61,95.64,99.91,53.85,20.41,100,100,100,0.13,1
583.wav,99.14,99.86,10.84,1.15,76.72,99.93,11.15,90.32,84.99,98.97,96.65,10.18,98.85,99.87,64.84,8.03,100,100,100,0.15,1
584.wav,91.77,95.15,43.83,0.17,24.98,99.34,5,86.89,58.69,70.71,28.16,7.41,99.35,99.65,11.79,10.76,99.98,100,98.41,13.01,1
585.wav,0.12,0.91,0.03,0.01,6.81,26.08,9.69,14.67,30.87,16.96,24.69,0.61,20.97,65.14,0.21,0.83,58.65,97.43,0.51,1.07,1
586.wav,1.17,99.32,90.14,0.59,0.65,55.04,83.59,94.71,28.02,99.52,99.91,14.14,0,0,46.12,0.46,81.55,100,99.98,0.21,1
587.wav,0.15,8.63,4.96,3.53,1.31,3.86,1.76,81.45,31.12,28.5,29.69,7.24,9.92,0.58,0.38,1.93,99.86,53.38,14.81,34.11,1
588.wav,1.47,85.69,9.37,21.82,9.85,99.96,4.02,26.1,87.72,98.9,85.91,5.96,41.5,0.39,1.17,2.03,99.99,100,100,4.37,1
589.wav,5.84,21.99,87.41,0,9.09,98.28,48.34,54.72,17.73,80.33,99.94,8.03,2.37,96.97,48.3,6.26,99.99,100,99.91,2.99,1
59.wav,33.65,99.97,5.83,27.85,0.21,99.38,23.33,6.72,44.56,96.1,99.26,7.64,0.46,0,38.07,2.52,0,100,100,0.07,1
590.wav,92.42,40.62,0.01,0.83,8.28,50.99,1.14,0.87,73.9,76.68,62,2.71,1.63,0,0.55,0.09,0,98.12,28.24,0,1
591.wav,7.59,95.87,23.75,0.02,2.57,99.38,18.89,4.98,85.71,98.55,93.96,1.67,20.78,0.04,9.42,0.51,97.03,100,22.54,7.56,1
592.wav,17.51,91.4,10.85,0.03,6.82,98.88,2.19,2.44,34.4,97.84,83.11,3.77,1.48,0,21.24,0.32,0.08,100,100,0.16,1
593.wav,33.99,75.65,2.49,0.69,3.34,48.55,1.77,0.77,72.05,31.9,45.56,1.25,46.1,0,4.28,0.02,0,93.57,91.59,0,1
594.wav,58.76,99.74,7.26,4.25,41.86,99.82,35.4,94.88,40.81,95.98,99.83,2.81,93.84,83.87,55.34,49.19,99.99,100,100,98.63,1
595.wav,1.01,99.89,0,0.04,0.43,97.6,2.45,0.09,69.07,34.85,28.31,0.6,5.9,0,1.4,0,0,100,1.19,0,1
596.wav,9.58,67.42,39.38,10.62,2.62,29.54,9.21,90.91,59.75,99.23,73.55,4.82,19.06,65.75,94.98,69,99.89,100,99.74,98.51,1
597.wav,20.49,89.6,76.15,97.15,1.19,95.14,6.03,64.35,80.78,98.87,98.75,6.78,1.21,0,51,4.28,21.76,100,99.96,0.02,1
598.wav,41.47,72.84,19.42,24.73,13.64,99.85,58.9,99.33,86.02,98.49,99.62,1.9,67.23,98.49,87.85,2.28,98.64,100,100,0.17,1
599.wav,37.45,56.11,0.06,0.08,1.06,96.31,0.57,0.05,89.78,37.53,3.61,0.92,85.11,45.49,0.47,0,0,100,0.01,0,1
6.wav,1.21,13.83,0,0.41,0.24,40.95,0.55,0.43,49.88,6.46,23.18,0.9,1.22,0.02,0.44,1.22,0,100,0,0,1
60.wav,0,46.52,0,0.4,0.03,46.98,3.89,28.61,17.36,15.29,6.61,3.35,0.06,7.23,0.22,0.25,0.49,100,0.1,1.32,1
600.wav,99.57,99.91,34,96.47,66.69,99.84,4.71,1.59,81.71,98.6,56.73,5.82,98.99,0,3.85,2.16,98.34,100,54.58,0,1
601.wav,50.77,98.8,0.09,0.11,23.42,99.61,2.77,1.26,27.02,40.39,25.46,2.31,0.02,0,0.71,0.01,0,99.64,30.46,0,1
602.wav,22.31,79.01,0.03,0.01,46.13,99.81,0.71,0.58,87.93,33.03,23.32,0.38,97.93,0.16,0.21,0,0,99.73,5.87,0,1
603.wav,0.94,82.52,14.09,0.26,0.01,97.89,3.45,0.25,54.07,48.06,51.99,0.25,33.22,29.5,1.47,0.02,0.02,100,18.22,0,1
604.wav,0,0,0.18,0.12,0,0,3.02,0.18,0.42,0.56,12.29,0.12,0,0,0.27,0,0,0,0,0,1
606.wav,1.83,69.28,0.01,99.1,0.19,75.15,0.8,6.71,85.56,8.34,47.17,2.43,0.37,0.03,1,11.3,0.11,100,6.16,0,1
607.wav,0.26,55.82,0,98.43,0.49,0.7,0.11,74.15,34.91,19.14,13.6,0.53,11.15,0,0.01,0.34,0.23,0.39,0,0,1
608.wav,44.5,55.73,68.74,99.87,0.84,10.32,20.7,97.3,36.1,92.69,80.15,7.07,47.26,0,16.19,78.05,100,100,100,27.94,1
609.wav,97.55,98.89,99.98,99.99,0.68,8.06,95.56,99.89,90.66,88.61,99.93,31.61,97.4,0.14,75.44,87.7,99.77,100,100,30.18,1
61.wav,88.52,100,0.05,57.66,0.01,99.99,1.33,17.15,85.18,95.75,9.81,5.12,40.65,0,0.43,0.41,0,100,0.04,0,1
610.wav,93.23,100,98.53,99.91,4.67,100,53.05,98.99,93.78,99.73,99.98,9.98,96.61,99.36,17.84,88.97,100,100,100,0.29,1
611.wav,22.31,99.6,87.01,99.67,1.57,99.92,24.74,90.3,91.62,99.33,99.86,6.36,86.6,91.12,63.56,40.5,100,100,100,63.19,1
612.wav,1.16,99.55,0.02,99.96,1.49,99.42,8.36,93.26,83.41,42.37,18.66,3.44,37.52,19.66,2.52,56.92,99.32,100,83.97,0.01,1
613.wav,0.38,22.11,0,98.29,0.03,0.01,0.26,93.44,21.02,1.68,5.4,9.59,0.09,0,0.07,24.05,0,0,0.01,0.21,1
614.wav,99.42,99.97,4.51,100,73.05,100,18.01,86.33,89.33,99.8,89.69,10.24,99.45,81.25,19.5,96.76,100,100,100,0,1
615.wav,30.48,1.43,0,74.23,0.04,0.1,2.25,29.17,85.01,8.22,5.57,3.15,19.11,0,0.07,6.57,0,0.03,0.44,0,1
616.wav,6.47,92.89,0,92.51,0.04,1.25,0.09,71.88,72.68,12.55,1.66,1.28,2.96,0.09,0.05,2.46,0,2.75,0,0.01,1
617.wav,1.36,89.98,0,99.48,1.26,98.36,0.29,74.21,91.16,14.2,5.77,1.27,15.29,17.73,0.04,1.11,47.7,100,0,0,1
618.wav,57.7,81.14,0.01,99.95,2.78,93.74,2.97,97.58,85.33,11.47,7.01,5.39,37.46,0.03,0.22,63.41,4.79,100,41.55,0,1
619.wav,0.08,0,0.01,98.31,0,0,2.08,40.38,21.23,0.34,10.07,0.92,0.35,0,0.13,19.69,0,0,0.02,0,1
62.wav,0,78.28,0,0,0,21.09,13.15,0.53,31.02,27.17,27.09,1.09,0.01,0,0.48,0.05,0,99.99,0.02,0,1
620.wav,2.5,100,15.74,98.69,0.34,100,9.81,75.4,72.54,99.19,99.19,15.09,18.05,0.01,12.3,53.63,93.15,100,100,0,1
621.wav,99.99,99.98,41.93,99.52,16.62,100,16.56,96.22,92.8,99.22,99.93,4.66,99.73,82.22,51.68,84.43,100,100,100,0.59,1
622.wav,0.47,47.61,0,77.03,0.07,91.84,10.54,6.53,46.88,12.19,31.83,1.19,0.28,0,0.68,11.93,0.37,100,4.23,0,1
623.wav,52.79,99.01,0,93.4,2.55,99.61,1.3,25.39,86.61,47.9,29.53,1.14,93.39,59.59,0.09,0.52,99.35,100,1.05,0.06,1
624.wav,5.7,100,0,96.86,0.52,99.87,0.65,35.71,90.7,41.27,15.6,0.67,96.75,13.26,0.06,2.55,96.54,100,0,0,1
625.wav,99.5,99.78,57.96,99.94,4.72,99.9,1.84,97.61,94.18,97.36,96.39,11.23,99.17,1.77,13.06,83.09,100,100,100,0.6,1
626.wav,58.32,89.88,0.01,99.53,0.57,93.81,0.11,78.61,88.1,25.22,11.95,2.11,75.55,3.1,0.7,15.05,92.98,98.73,0.72,0,1
627.wav,6.18,96.92,0,99.77,0.39,99.19,1.06,94.88,90.08,25.7,8.14,5.66,49.82,29.59,0.11,63.16,95.47,99.97,0.05,0,1
628.wav,3.3,97.22,0,99.46,1.9,98.84,2.32,93.74,86.62,50.3,16.86,4.56,67.05,91.68,0.19,83.88,16.81,99.99,0.16,0.01,1
629.wav,2.68,98,0,97.1,0.05,0.08,0.18,80.54,17.63,1.11,12.42,0.83,45.2,0.01,0.01,5.29,2.81,0,0,0,1
63.wav,12.16,95.82,0.07,1.26,11.05,97.55,4.37,0.18,52.18,88.85,7.86,3.66,65.16,0,0.07,2.63,0,100,1.06,0.02,1
630.wav,0.87,80.64,0,68.17,0.02,0.07,0.1,54.32,7.82,2.85,8.7,0.76,0.75,0.12,0.01,3.37,0.07,0.02,0,0,1
631.wav,0.03,90.4,0,89.88,0.1,0.17,0.26,9.95,3.95,22.47,4.74,1.79,1.88,0.25,0,3.58,1.16,3.41,0,0.84,1
632.wav,0,10.1,0,99.62,0,0,14.15,70.28,0.21,1.17,7.41,3.52,0.02,0,0.19,25.2,0,0,18.59,0.01,1
633.wav,0.39,60.81,0,99.94,0.01,1.15,0.02,65.06,47.16,7.34,7.35,2.87,0.59,0.05,0.02,73.08,0,1.14,0,0,1
634.wav,0.46,45.09,0,98.86,0.04,0.01,0.02,73.52,48.89,5.29,11.34,0.8,0.07,0.09,0.01,31.6,0,0.67,0,0,1
635.wav,0.08,99.95,0,96.51,0.03,99.89,0.76,91.93,31.49,10.91,10.46,2.38,1.59,0.35,0.01,39.74,0,100,0,0,1
636.wav,0.13,87.35,9.46,29.21,0,94.6,6.04,1.79,13.86,21.34,17.49,1.5,0.11,0,0.06,0.71,0,100,0.01,0,1
637.wav,8.13,99.91,3.35,99.97,0.04,99.02,2.86,85.99,73.73,11.38,50.32,1.9,0.25,0.03,8.36,29.71,1.28,100,0.27,0,1
638.wav,28.32,99.96,0,99.95,0.02,99.62,0.16,98.96,72.46,15.65,8.57,7.91,2.94,0.04,0.13,16.91,0,100,0,0,1
639.wav,52.23,99.99,0,97.06,0.29,99.91,1.11,38.54,81.35,77.15,30.69,5.31,6.66,6.04,0.24,2.77,94.4,100,0.04,0,1
64.wav,0,7.38,33.57,21.35,0.01,1.41,79.3,70.04,1.07,82.16,75.98,13.91,0.01,1.22,48.53,11.05,0.91,100,88.46,100,1
640.wav,1.97,97.79,0,98.08,0,88.27,0.15,87.68,53.31,33.52,8.21,5.85,0.01,0.01,0.09,3.14,0,100,0,0,1
641.wav,1.85,99.29,0,99.77,0.04,99.88,1.01,28.29,78.62,16.98,14.69,5.1,0.42,0,0.07,49.54,0.01,100,0.01,0,1
642.wav,1.21,100,0.02,99.73,0.08,99.05,1.23,80.61,70.57,10.15,40.93,5.91,0.25,0,0.32,8.38,0.01,100,0.18,0,1
643.wav,26.35,99.6,50.66,99.86,0.2,99.96,53.35,89.13,74.4,94.48,99.92,2.01,82.7,20.65,81.98,17.81,10.42,100,100,0,1
65.wav,0,0.02,0.01,0.01,0,0.41,6.29,2.04,0.73,7.8,9.38,2.06,0,16.9,0.08,0.07,0,98.33,0.36,3.99,1
66.wav,0.01,99.72,74.6,86.97,0,99.84,53.63,86.18,15.19,95.25,97.47,4.84,2.49,67.5,84.2,42.73,99.24,100,99.81,99.86,1
67.wav,0.03,94.3,33.39,3.83,0,93.76,65.28,82,68.17,95.33,99.93,6.96,0.03,41.03,90.71,17.69,0,100,99.96,3.44,1
68.wav,4.51,99.94,36.21,70.02,2.89,99.95,2.41,51.39,56.15,88.92,99.71,3.75,12.2,0.05,13.53,81.91,28.66,100,63.58,0.01,1
69.wav,2.51,99.78,12.67,9.14,0.52,99.91,67,49.44,82.61,98.36,99.12,2.79,33.84,97.97,79.33,6.54,86.36,100,0.59,99.99,1
7.wav,83.95,98.21,0.11,0.63,0.04,12.64,0.58,0.08,44.46,65.38,43.71,5,0,0,0.57,1.72,0,99.9,0.01,0,1
70.wav,1.69,42.34,1.06,91.82,0.01,72.1,1.63,42.34,74.49,4.82,19.51,4.69,15.57,0.28,0.65,11.27,0,100,11.61,0,1
71.wav,90.78,99.98,22.66,68.72,0.9,99.99,8.13,56.07,94.22,95.34,99.5,4.73,44.21,62.84,80.49,20.29,0.24,100,20.75,0.19,1
72.wav,0.36,99.97,10.71,2.35,4.27,99.72,2.54,2.92,49.11,94.73,91.46,17.54,0.02,0,4.43,0.54,0,100,8.88,0,1
73.wav,86.4,95.31,0.02,0.21,1.42,85.13,2.68,1.54,45.7,36.94,9.84,3.3,0.06,0,1.51,1.78,0,100,1.69,0,1
74.wav,0.31,96.26,0.04,62.42,0.34,99.84,2.19,37.71,53.33,16.77,7.35,1.42,8.04,93.1,0.51,1.77,45.36,100,0.3,0,1
75.wav,6.58,99.99,0.63,0.87,0.98,99.56,3.73,1.28,33.15,99.47,79.69,3.03,0.08,0,5.33,1,2.28,100,0.26,0.02,1
76.wav,7.39,100,89.92,43.6,0.75,100,46.76,0.93,39.72,96.06,99.03,2.9,0.02,0,92.21,4,2.12,100,100,0.1,1
77.wav,0,93.2,7.59,1.13,0,4.54,64.93,29,1.98,98.59,25.11,4.23,0.07,0,42.77,2.86,51.75,100,97.09,94.09,1
78.wav,1.22,94.98,0.04,0.63,0.01,83.4,24.42,0.57,31.08,39.21,25.5,1.32,0.01,0,0.73,0.05,0,100,0.01,0,1
79.wav,1.76,99.54,98.9,95.06,0.09,99.64,36.85,74.94,15.07,91.77,99.69,2.74,0.28,81.39,78.42,58.64,8.21,100,99.18,84.72,1
8.wav,1.6,98.96,0.16,7.94,0.07,1.02,0.2,1.19,22.24,48.26,15.98,8.17,0,0,0.09,0.01,0,97.93,0,0,1
80.wav,0,1.11,0.07,0,0,0.17,2.75,0.6,17.79,31.39,12.29,2.78,0,0,3.4,0.05,0,7.17,15.25,0,1
81.wav,81.45,100,0.31,1.65,55.76,99.99,32.74,0.37,86.68,82.64,24.1,2.5,85.77,0.07,1.08,0.12,0,100,0.51,0,1
82.wav,0.05,0.11,0,6.72,0.01,0.1,0.15,2.98,5.01,2.44,5.03,9.51,1.69,0.64,0.14,8.62,0,100,0,0.04,1
83.wav,0,78.03,0.26,0,0,4.59,1.08,0.09,18.59,46.54,2.49,1.08,0,0,0.1,0.01,0,100,0.01,0,1
84.wav,0.17,32.78,0,0,0.37,3.08,15.41,0.47,35.99,65.8,10.04,2.62,3.2,0,0.19,0.06,0,99.97,0.05,0,1
85.wav,0,98.49,0,39.7,0.52,97.69,23.74,74.19,29.39,19.47,4.65,1.08,0.5,86.75,0.03,0.61,2.73,99.99,0.12,0.05,1
86.wav,28.19,99.64,0,0.76,0.02,98.13,4.69,0.6,22.48,66.91,10.91,2.05,0.01,0,0.8,0.36,0,100,0.18,0,1
87.wav,0,85.67,0.02,34.9,0.05,39.04,1.16,15.31,10.75,30.45,0.46,0.82,0.05,3.96,0.06,1.28,0.04,100,0,0,1
88.wav,0.03,93.5,81.45,82.22,0.24,96.82,65.69,6.82,53.07,47.29,89.51,3.12,1.52,0.06,58.83,17.57,19,100,99.38,94.83,1
89.wav,12.97,99.86,0.03,0.71,0.04,94.72,9.96,0.14,50.52,58.47,24.88,3.31,0.14,0,0.33,0.41,0,100,0,0,1
9.wav,5.44,97.95,0.09,0,0.3,0.03,0.68,0,32.92,84.75,26.89,2.17,0,0,0.82,0.94,0,100,0,0,1
90.wav,8.58,99.98,91.16,11.86,3.54,99.99,93.57,9.37,25.96,87.99,94.8,5.02,5.66,0,64.09,0.49,0,100,100,2.34,1
91.wav,23.29,88.51,0.05,2.36,1.66,17.48,24.14,7.27,7.8,2.3,18,4.17,0,0,0.49,0.81,0,99.59,0.88,0.09,1
92.wav,0.53,99.96,8.07,0.07,0,93.84,12.72,0.27,42.07,98.36,92.13,6.01,0.06,0,49.94,0.13,0,100,4.12,0.02,1
93.wav,80.45,99.98,0.01,2.07,0.71,94.45,1.58,0.83,86.96,98.58,9.68,11.02,37.73,0,0.17,0.06,0,100,0,0.01,1
94.wav,87.76,99.93,0.01,4.27,0.02,99.77,1.26,5.6,41.3,88.31,62.36,2.64,0.4,0,3.41,0.4,0,100,70.91,0.02,1
95.wav,0,7.68,1.7,0.01,0,0.25,0.94,0.25,1.42,5.53,10.7,0.74,0,0.15,4.01,0.13,0.01,100,2.53,32.65,1
96.wav,0,98.53,0.07,13.07,0.01,99.09,3.38,79.59,6.86,6.16,9.04,4.15,0.3,0.34,0.39,14.62,0,100,1.96,3.18,1
97.wav,79.6,96.35,0.04,29.55,0.76,96.9,0.55,11.48,63.37,57.91,17.4,7.92,82.32,0,0.4,4.12,0,100,0.08,0.85,1
98.wav,0.52,94.41,0.02,0,0.04,0.32,6.92,0,34.7,79.07,21.5,5.92,0,0,0.26,0,0,100,0.65,0,1
99.wav,0.44,88.58,0.01,99.5,0.02,98.76,1.46,27.91,78.5,16.19,7.07,3.18,4.83,0.61,0.49,15.19,0,100,0.03,0,1
audio1.wav,0,0.02,0,25.39,0.43,0.09,13.48,4.84,1.18,56.46,9.71,1.64,0.06,0.01,17.41,0.56,0.2,99.96,0.13,1.08,1
audio10.wav,0,0.29,2.96,0.01,0,0.77,6.78,0.36,1.82,22.9,7.9,0.42,0.01,0,1.94,0,0,96.22,2.79,0.02,1
audio100.wav,0,1.21,0.01,1.6,0.02,0.22,0.06,22.94,1.19,11.23,16.74,1.58,0,0.01,0.15,0.15,0.01,75.03,0.12,0.27,1
audio101.wav,0.05,55.24,0.65,5.81,0.02,56.09,0.18,13.54,3.01,85.5,17.49,10.8,1.23,0,4.64,10.69,0,100,24.42,4.63,1
audio102.wav,0.01,55.58,0.09,4.04,9.06,5.29,7.71,2.03,11.33,2.76,12.17,1.98,2.23,9.29,0.61,0.69,1.57,83.37,10.82,0.32,1
audio103.wav,0.01,0.36,0.01,11.87,0.01,23.05,0.34,46.75,20.28,6.88,16.31,1.15,0.01,0,0.3,1.25,0,99.98,0.01,0.15,1
audio104.wav,39.92,89.55,7.08,19.79,0.16,86.13,8.36,49.06,37.9,95.47,11.85,23.74,51.83,0,8.5,64.1,0.25,100,51.16,0.79,1
audio105.wav,66.39,90.69,9.99,13.1,0.13,86.19,3.7,53.19,85.17,95.54,65.42,1.14,3.97,0,45.18,0.94,0.01,100,86.36,3.32,1
audio106.wav,0.03,8.44,1.34,3.79,0.03,29.46,0.7,85.68,11.91,39.09,27.58,2.02,0.47,0,3.82,3.09,0,99.98,19.67,2.42,1
audio107.wav,6.68,95.63,8.09,87.34,15.54,88.74,62.69,2.44,49.74,86.58,97.72,4.25,36.93,0.77,61.94,11.09,99.98,100,0.71,91.95,1
audio108.wav,44.94,79.37,8.35,3.1,0.06,69.98,9.28,75.24,8.18,14.92,7.21,3.32,4,0.06,8.13,31.35,55.36,100,2.17,21.51,1
audio109.wav,0.19,0.72,10.56,93.62,0.78,13.55,3.29,28.91,21.13,82.7,5.6,5.69,1.7,0,2.75,2.36,0,100,1.13,0.69,1
audio11.wav,0,0.02,52.3,90.94,0.09,2.51,90.96,1.25,1.65,81.77,99.06,21.3,0.03,14.53,89.29,39.65,70.55,99.91,99.63,97.85,1
audio110.wav,0,18.81,0.49,0,0,4.34,3.69,0.19,9.68,17.74,15.24,0.32,0,0,0.33,0,0,31.26,49.99,0.07,1
audio111.wav,0,0.16,0,0,0.03,2.7,1.4,0.01,19.28,17.86,8.84,0.27,0.15,0,0.2,0,0,52.71,0.65,0,1
audio112.wav,0.99,94.91,64.49,0.19,1.08,42.39,41.03,45.15,6.37,88.85,86.4,8.55,1.54,2.54,62.98,0.97,95.02,100,87.02,90.28,1
audio113.wav,0,52.68,0.29,99.29,0.01,9.15,22.51,11.19,6.36,89.39,95.85,6.74,0.01,0.19,20.4,12.93,1.42,100,88.38,94.72,1
audio114.wav,53.4,56.22,2.53,72.49,0.02,75.25,6.4,56.78,55.73,84.29,67.3,1.6,7.81,0,3.74,1.01,0,100,99.98,0.64,1
audio115.wav,0.31,87.62,2.57,53.91,0.03,10.73,66.26,61.32,8.92,29.81,31.47,4.49,0.53,0.01,71.66,7.89,0,99.99,4.98,2.85,1
audio116.wav,0.01,0.27,0.2,3.28,0.07,0.1,1.34,17.11,2.86,6.68,2.5,1.63,0.03,0.01,0.11,0.09,0,19.09,0.01,68.23,1
audio117.wav,5.17,80.62,52.7,22.11,0.06,56.58,19.52,81.54,49.85,98.75,98.63,7.54,50.24,0.01,89.62,3.54,0.01,100,100,7.49,1
audio118.wav,0.01,71.43,23.52,15.31,0,61.35,5.42,92.66,2.51,8.02,61.26,1.34,0,0.12,27.75,5.47,0,56.34,6.65,3.33,1
audio119.wav,75.21,45.16,27.37,97.4,0.45,94.32,3.99,97.79,63.12,9.99,77.85,2.49,1.04,0,0.73,7.98,0,100,81.28,12.48,1
audio12.wav,8.63,0.13,4.47,0.18,0.26,9.71,64.55,0.06,5.68,73.53,69.91,5.67,18.02,4.32,23.59,6.69,100,100,4.25,0,1
audio120.wav,90.08,77.2,72.17,59.61,0.44,94.55,55.64,56.36,89.09,72.19,99.13,6.4,91.21,0.75,19.05,32.42,0,100,31.46,0.81,1
audio121.wav,90.76,98.98,6.79,15.12,6.98,97.79,4.85,0.74,53.18,47.55,21.38,5.84,48.69,4.66,33.25,24.95,0,100,3.96,58.86,1
audio122.wav,0.12,2.82,2.53,0.67,0.04,5.09,3.55,0.02,4.46,10.21,3.57,3.4,0.02,0.1,0.22,0.44,0,100,0.37,9.94,1
audio123.wav,76.24,83.17,5.81,0.93,28.88,99.59,2.75,52.7,16.56,74.19,9.3,2.1,43.87,0,3.72,10.48,99.98,100,1.93,0.18,1
audio124.wav,89.67,95.48,3.71,97.63,1.96,99.97,1.89,85.09,40.15,92.53,29.39,39.85,76.12,0.98,16.44,79.72,56.19,100,8.62,46.1,1
audio125.wav,0.14,75.16,0.12,15.06,0.29,66.23,1.85,85.33,7.26,57.43,3.74,1.62,4.08,2.87,0.82,4,0,99.85,8.84,7.13,1
audio126.wav,10.59,72.13,0.93,59.66,0.5,93.82,3.67,98.72,6.41,99.49,12.95,58.7,14.72,0.06,5.38,50.88,99.95,100,21.33,12.34,1
audio127.wav,0.15,86.69,0.07,1.09,0.02,53.5,1.31,1.82,1.72,10.92,9.71,2.2,0.03,0.12,0.09,1.47,0,66.08,58.64,48.31,1
audio128.wav,0.15,68.3,0.41,0.13,1.49,73.84,2.34,3.19,3.9,95.53,6.63,19.89,0.29,1.03,6.9,1.73,0,100,5.27,97.5,1
audio129.wav,21.85,1.15,1.92,8.27,0.64,15.02,9.13,14.79,16.3,86.71,12.92,10.38,22.39,40.63,7.48,27.08,0.02,100,0.98,4.08,1
audio13.wav,0,3.64,13.04,0.93,0,0.08,28.56,72.08,2.29,40.59,99.91,5.76,0,0,90.18,8.38,0,7.14,100,100,1
audio130.wav,79.6,83.49,3.77,2.26,2.3,99.84,28.77,98.33,30.99,59.96,98.06,1.61,17.15,1.82,1.54,9.98,99.98,100,39.03,0.74,1
audio131.wav,0.17,72.4,1.71,88.87,4.52,99.66,29.51,78.87,33.63,97.05,84.96,2.88,30.77,83.22,29.87,21.15,100,100,0.01,0.21,1
audio132.wav,0,88.52,0.63,16.27,0.03,92.96,8.61,65.1,7.28,9.84,13.93,2.71,0.07,27.59,48.4,1.29,0,99.78,99.17,16.98,1
audio133.wav,5.76,88.07,12.99,3.73,4.48,98.6,0.7,51.56,60.07,98.43,4.56,8.06,76.28,0.58,13.1,19.63,100,100,0.36,85.97,1
audio134.wav,97.49,99.58,7.71,0.4,1.94,99.86,95.44,14.24,74.26,92.6,98.59,1.24,86.77,2.21,76.67,6.64,99.99,100,100,0.96,1
audio135.wav,73.46,93.86,2.36,2.74,4.08,98.86,4.8,93.5,18.72,96.62,10.98,5.02,61.6,0.66,0.23,18.42,27.71,100,5.73,99.27,1
audio136.wav,0,7,0.28,57.82,0.02,22.34,0.9,0.39,11.01,32.69,5.09,12.28,0.05,0.03,0.03,1,0,99.99,2.67,36.43,1
audio137.wav,0,1.71,0.01,0,0,1.19,0.02,0.01,10.98,7.22,0.94,0.74,0,0.05,0.29,0.01,0,100,1.02,0,1
audio138.wav,97.93,75.5,0.49,0.65,1.17,93.26,1.59,5.03,80.81,25.07,38.73,8.46,43.77,0.11,0.95,10.99,0,100,96.62,89.25,1
audio139.wav,17.97,87.64,0.46,1.16,7.49,94.55,11.69,2.93,9.23,64.18,11.21,8.45,4.86,8.48,47.1,6.88,0,99.98,92.32,0.48,1
audio14.wav,0.07,4.4,0.01,0.01,0.08,33.57,5.53,0.14,1.54,58.53,9.04,1.1,0.4,0.97,0.55,2.55,50.8,100,0.18,5.12,1
audio140.wav,0.02,53.51,0.09,46.42,0,27.76,40.07,18.07,36.86,6.79,45.52,2.23,0.38,0,4.18,0.14,0,100,85.93,0.01,1
audio141.wav,68.56,10.17,1.51,1.43,0.72,88.12,3.96,46.59,51.4,66.56,4.4,2.28,23.06,0,0.58,10.64,0.51,100,23.7,35.78,1
audio142.wav,0.02,65.1,94.15,42.87,0.05,83.14,55.89,89.81,23,88.66,91.65,7.46,0.95,0.48,83.92,10.71,98.88,100,100,99.9,1
audio143.wav,51.45,5.25,8.06,2.22,0.21,33.8,5.16,75.81,69.69,91.77,9.45,2.69,11.3,0,8.44,3.49,99.46,100,27.26,4.4,1
audio144.wav,0.13,99.94,8.7,80.1,0.74,99.97,1.44,18.33,72.71,73.64,16.56,2.8,17.59,26.48,4.03,16.55,96.72,92.04,99.97,0,1
audio145.wav,79.67,64.07,0.13,44.64,2.84,94.68,28.73,63.05,57.01,95.81,17.91,86.74,27.24,1.58,0.06,95.24,100,100,64.53,0.27,1
audio146.wav,0,0.18,0.24,0.36,0,0.3,2.93,0.73,6.31,5.76,6.28,2.65,0.06,0,0.05,0.63,0.03,66.77,0,7.5,1
audio147.wav,0,17.11,12.48,0.89,7.03,26.39,9.19,6.11,30.49,90.46,27.53,3.77,34.13,0.71,0.47,15.04,50.78,100,100,99.2,1
audio148.wav,0.57,59.45,1.3,0.04,0.08,96.43,19.57,3.36,68.07,9.47,63.03,0.78,3.77,0,1.97,0.63,0,99.96,26.3,0,1
audio149.wav,0.53,40.55,5.76,5.49,1.11,98.84,8.9,60.18,53.56,98.63,63.28,12.15,22.33,0.26,19.39,1.19,98.9,100,99.94,98.4,1
audio15.wav,0.02,20.75,1.19,23.08,0.16,0.63,68.31,24.23,0.8,94.45,27.9,1.24,1.24,0.64,11.21,53.91,0.04,100,7.55,25.96,1
audio150.wav,3.46,88.3,11.03,26.72,0.21,52.41,3.58,32.64,43.41,41.2,99.26,5.61,54.44,0.06,20.61,3.23,99.98,100,100,90.32,1
audio151.wav,0.06,72.21,0.13,0.04,0.11,15.12,1.52,38.5,10,18.59,8.11,4.01,0.2,0,0.03,0.42,7.71,94.77,86.5,0.04,1
audio152.wav,0.07,94.93,94.03,0.14,0,51.5,95.09,5.87,17.49,28.25,83.67,2.87,0.01,0,80.72,0.8,0,100,99.99,6.06,1
audio153.wav,0.05,0.97,20.46,0.04,0.09,5.55,4.3,31.39,54.27,97.58,6.86,10.08,0.17,0.03,7.91,0.45,0.63,100,9.79,84.13,1
audio154.wav,3.82,83.48,10.18,95.45,0.06,98.88,10.35,97.29,65.71,97,99.56,15.63,4.37,1.99,18.89,43.51,83.82,100,100,99.5,1
audio155.wav,0.07,0.25,0.13,0.03,0,5.37,0.44,12.57,0.85,21.45,13.59,1.5,0.44,0.02,0.42,50.43,0,97.86,0.48,37.17,1
audio156.wav,0,2.9,0.75,0.21,0.16,0.62,82.46,74.99,4.53,28.67,76.24,3.41,0.01,0.05,0.42,2.76,99.91,100,14.21,0.08,1
audio157.wav,0.03,99.91,0.01,0,0.01,2.41,0.74,0,11.65,46.24,4.91,0.13,0.02,0,0.06,0,0,79.1,0.82,0,1
audio158.wav,15.18,45.08,18.94,0.96,4.57,42.99,20.31,8.5,12.31,94.31,9.9,0.46,28.35,99.25,74.04,1.98,99.54,100,58.55,2.13,1
audio159.wav,0.48,98.92,91.67,55.99,0.18,16.38,9.97,98.87,34.92,96.5,70.4,6.95,4.47,57.16,7.45,60.95,100,100,96.35,100,1
audio16.wav,57.87,99.94,34.22,17.46,0.12,99.83,11.98,12.4,14.92,96.86,65.51,5.02,34.33,0,24.73,2.29,0,100,5.81,0.01,1
audio160.wav,16.89,80.14,2.16,37.79,0.01,60.56,22.09,6.48,34.17,1.01,72.43,1.84,0.06,0,2.52,6.26,0.08,2.09,96.64,0,1
audio161.wav,0.01,4.86,0.63,0.74,0,0.06,54.4,2.22,6.97,75.73,36.17,3.99,0.02,0,1.66,3.69,3.32,100,12.79,1.74,1
audio162.wav,0.51,11.35,4.81,0.07,0.12,36.36,9.58,31.8,15.79,63.02,7.36,1.48,0.06,0,0.83,0.26,0,99.99,64.35,0.02,1
audio163.wav,5.86,65.96,86.88,0.01,0,69.43,94.24,0.2,0.71,29.92,85.65,1.15,0.06,92.15,13.12,2.62,0.39,99.86,100,0.54,1
audio164.wav,0,0.46,0,0.73,0,0.97,0.02,15.08,1.63,22.95,17.56,2.64,0,0,0,0.09,0,33.8,0,2.31,1
audio165.wav,1.77,0.07,10.72,0.38,0,1.59,2.09,3.46,11,92,9.68,5.07,0,0.18,7.73,19.72,0,100,100,10.99,1
audio166.wav,0,97.91,27.27,7.14,0.1,48.91,9.91,82.05,11.25,18.26,68.32,3.68,0.4,5.78,5.43,15.57,0.96,100,28.95,2.73,1
audio167.wav,0.46,95.42,9.64,0.3,0.24,1.57,39.95,12.27,11.93,86.55,33.28,4.25,3.71,0,90.21,6.19,0.02,100,1.79,0.4,1
audio168.wav,17.33,99.98,99.63,99.88,19.07,100,97.06,99.85,49.51,99.63,99.96,6.66,34.93,99.82,97.17,32.03,99.82,100,99.92,0.03,1
audio169.wav,0.07,55.28,85.77,44,0.61,56.28,91.44,51.84,13.19,99.59,95.11,10.06,0.67,76.29,0.56,4.11,99.1,100,66.3,98.84,1
audio17.wav,0.07,83.28,0.17,0.11,0.29,81.06,55.9,44.1,8.31,91.59,74.79,2.62,0.7,23.35,4.53,2.78,62.03,100,99.98,98.26,1
audio170.wav,1.67,99.83,74.35,99.99,1.1,100,92.75,98.41,53.14,95.94,99.8,16.4,9.2,99.84,85.38,72.14,93.95,100,99.94,0.07,1
audio171.wav,33.56,99.09,26.37,98.06,18.1,100,30.12,99.21,89.48,55.26,12.94,11.09,99.89,78.89,8.51,13.23,0.35,100,7.64,0.03,1
audio172.wav,0.02,76.16,1.08,0.26,0.1,70.47,3.23,2.67,71.95,12.81,11.7,1.83,4.62,4.4,0.43,0.16,2.17,100,0.81,0.25,1
audio173.wav,0.06,99.96,1.64,2.62,0,88.63,7.93,4.53,6.27,71.32,5.84,3.78,0,0,2.26,0.04,0.17,100,1.61,0.04,1
audio174.wav,2.97,99.97,0.84,0.02,0.02,98.85,60.83,2.97,9.64,96.73,6.71,1.62,4.59,0,2.35,0.88,25.11,100,54.83,0.01,1
audio175.wav,6.54,99.99,0.76,66.83,0,98.62,6.65,81.74,17.12,21.17,3.59,5.63,1.69,0,1,0.86,0.1,100,3.58,0.01,1
audio176.wav,0.02,99.96,33.29,1.29,0.01,98.57,2.9,0.32,8.62,42.53,4.06,0.68,0.06,0,0.65,1.07,0,100,3.38,0,1
audio177.wav,3.19,82.91,0.73,0.02,0,41.85,7.02,0.62,13.62,67.6,4.79,5.48,0.02,0,0.05,0.01,0.05,100,3.47,0,1
audio178.wav,0,80.76,0.02,0,0,4.11,1.49,0.01,9.47,15.68,8.89,0.43,0.16,0,0.24,0,0,100,1.35,0,1
audio179.wav,0,99.98,73.59,0,0,90.07,4.93,0,0.8,47.5,48.08,0.06,0,0.09,18.68,0,0,100,0.01,0,1
audio18.wav,0,0.04,0,3.42,0,0.21,5.29,6.38,0.04,1.85,15.28,5.61,0,0.01,0.18,0.12,0,97.62,0.01,51.87,1
audio180.wav,0.02,65.62,0.06,0,0,0.76,2.55,0,7.51,13.2,3.33,0.21,0,0,0.01,0,0,100,0.02,0,1
audio181.wav,0.03,95.94,40.12,0.8,0.01,97.23,48.45,74.88,46.53,15.21,92.18,1.98,1.48,79.61,0.12,0.07,0,100,0.1,0,1
audio182.wav,96.15,98.9,71.52,99.98,1.26,86.62,6.82,99.65,38.01,2.34,27.45,14.81,84.81,95.47,82.36,37.68,4.57,100,50.15,0.05,1
audio183.wav,2.76,93.93,7.51,40.11,6.92,41.86,15.37,23.77,35.16,42.42,55.09,4.83,0.61,0,10.94,0.56,98.06,100,32.73,0,1
audio184.wav,94.53,96.95,1.33,0.33,13.64,99.81,1.58,82.18,67.53,98.14,32.44,4.09,93.94,97.6,1.31,4.11,85.66,100,1.94,2.39,1
audio185.wav,11.1,99.67,0.05,82.85,0.03,96.59,34.02,23.98,74.27,5.99,57.26,0.9,1.75,61.45,0.22,0.19,0.68,100,1.05,0,1
audio186.wav,0.03,53.65,0.28,0.15,46.64,54.05,11.97,18.86,21.4,35.54,11.75,4.48,90.78,25.32,1.04,1.12,99.88,100,0.15,7.79,1
audio187.wav,23.43,33.86,7.2,11.06,26.5,95.46,5.01,78.15,3.03,40.78,9.06,5.82,18.14,96.61,0.52,8.55,99.99,100,0.44,0.31,1
audio188.wav,0.27,0.01,0.13,1.87,4.19,2.18,0.94,20.76,13.97,77.55,7.05,6.2,0.73,20.37,0.24,2.1,100,98.96,0,55.48,1
audio189.wav,39.63,98.78,45.77,39.43,0.45,85.61,6.25,96.34,32.27,44.9,53.77,3.94,43.42,49.76,56.16,6.47,99.97,100,28.6,0.33,1
audio19.wav,0,0.02,1.34,0.72,0.01,0.41,13.11,33.21,4.22,4.38,5.23,2.88,0.02,0.03,1.97,2.75,0,0.83,5.85,31.51,1
audio190.wav,60.85,99.91,99.97,100,0.17,99.93,84.4,97.99,73.56,95.21,100,30.61,2.87,84.71,94.73,95.78,99.95,100,100,0.31,1
audio191.wav,21.82,98.51,65.3,0.8,1.15,99.68,86.21,83.12,64.18,10.59,87.09,5.21,77.25,97.24,90.11,37.15,99.76,100,20.41,7.95,1
audio192.wav,46.26,75.56,2.14,14.09,6.2,93.87,3,3.29,50.98,64.85,19.06,5.33,50.78,0.01,7.41,0.01,99.9,100,1.44,0.01,1
audio193.wav,0.29,99.98,38.64,0.1,55.95,99.32,80.41,77.42,63.94,89.23,14.73,9.45,97.61,99.97,94.48,2.97,98.09,100,9.28,1.52,1
audio194.wav,0,26.7,91.87,0,0,0.02,79,0.02,2.33,61.33,99.16,0.71,0,0,1.79,0,0,88.37,17.86,0,1
audio195.wav,0.13,98.72,0,0.44,0.12,71.08,1.72,5.05,70.78,11.98,5.87,7.19,0.04,0.56,0.2,0.05,0.54,100,4.89,0.4,1
audio196.wav,69.75,94.51,2.91,1.79,8.99,95.85,0.78,9.45,83.18,22.61,71.19,3.71,2.43,0.07,4.92,0.27,0.24,100,80.9,0,1
audio197.wav,2.24,8.18,47.34,99.88,0.3,89.91,13.86,97.16,20.23,16.57,23.26,23.56,0.81,94.73,0.96,84.31,61.97,99.56,4.99,0.02,1
audio198.wav,0,18.67,0.01,0.16,0,95.97,0.36,5.79,31.89,3.99,12.95,4.48,0,1.93,0.01,0.02,0,100,0,0,1
audio199.wav,39.12,96.82,0,0.02,0.35,18.79,5.35,3.43,83.43,39,12.02,2.97,1.22,1.23,0.13,0,0,100,0.36,0,1
audio2.wav,0,12.12,1.41,1.13,0,2.77,0.51,27.01,22.77,7.19,2.69,9.42,1.02,0.01,5.9,0.14,0,4,12.11,0,1
audio20.wav,29.45,84.3,2.11,99.84,0.22,94.43,5.44,83.27,51.77,76.19,36.66,13.51,35.32,0.01,1.71,3.06,0.02,100,0.1,0.22,1
audio200.wav,80.78,98.58,40.2,87.29,1.95,99.98,15.19,99.7,72.1,47.06,49.52,3.95,94.69,94.21,15.27,18.53,48.25,100,94.43,14.94,1
audio201.wav,0.04,11.74,0.01,0.56,0.02,1.73,2.5,25.76,12.06,26.76,6.62,1.57,0.13,0,0.87,0.01,0.01,78.28,1.6,0.32,1
audio202.wav,6.2,99.19,90.82,59.97,0.02,99.35,6.83,77.96,57.56,22.97,56,5.16,0.83,9.03,96.03,7.32,0,100,27.28,0.07,1
audio203.wav,0.8,96.71,71.67,5.87,0.07,97.44,17.15,96.11,63.24,93.22,99.95,5.21,0.48,91.3,78.85,58.66,0,100,100,77.25,1
audio204.wav,95.97,89.32,3.23,4.27,18.08,99.72,8.32,98.51,22.8,71.79,22.81,15.13,92.74,99.31,7.68,14.59,0,100,28.04,7.94,1
audio205.wav,5.75,96.15,2.48,0.14,0.25,96.19,55.53,60.78,10.48,72.96,38.34,6.82,51.45,92.85,81.73,1.84,0.53,100,18.33,54.11,1
audio206.wav,97.48,86.19,90,7.46,0,99.65,8.81,98.77,19.58,10.68,94.93,48.79,13.67,6.22,66.89,70.39,0,100,16.84,2.61,1
audio207.wav,57.09,99.86,1.65,0.17,0.78,99.71,12.14,20.04,31.25,9.01,15.45,2.59,55.74,82.14,15.51,1.66,60.31,100,10.89,0,1
audio208.wav,66.36,97.99,91.44,5.93,0.43,97.75,45.9,41.46,33.75,84.09,82.54,2.03,34.19,4.72,82.01,9.44,61.34,100,100,0.59,1
audio209.wav,65.72,100,99.68,0.45,0.31,99.97,92.07,97.17,18.8,30.54,99.58,6.07,97.22,87.82,71.44,66.73,0,100,98.73,11.73,1
audio21.wav,0.01,1.59,40.64,35.84,0,0.94,7.94,57.29,3.5,9.66,3.2,4.19,0.01,0.34,82.19,1.08,0,100,59.93,55.32,1
audio210.wav,96.73,99.99,45.1,0.1,2.54,99.99,23.66,96.59,51.7,91.68,30.9,3.1,91.79,98.01,42.47,2.25,32.54,100,100,0.53,1
audio211.wav,99.49,76.46,16.39,1.88,0.14,98.5,11.96,18.82,44.92,31.1,95.03,2.62,49.67,16.48,45.44,1.98,0,100,99.48,4.8,1
audio212.wav,0.84,96.41,4.23,8.84,0.02,74.86,9.6,88.49,2.7,93.64,99.83,0.71,0.34,47.43,6.62,7.54,0,100,99.77,28.61,1
audio213.wav,7.86,51.39,43.76,98.98,0.33,67.44,12.65,99.83,5.99,94.24,77.01,5.15,0.17,88.15,11.43,77.83,4.75,100,100,73.35,1
audio214.wav,98.56,84.69,83.26,2.22,0.11,97.98,29.88,95.5,26.79,13.94,64.22,2.93,75.19,5.01,6.7,25.8,0.01,100,99.29,0.33,1
audio215.wav,85.81,92.84,11.94,4.16,0.17,99.88,79.29,98.07,13.11,93.74,99.15,2.65,14.9,42.85,2.75,32.07,10.56,100,99.86,99.83,1
audio216.wav,0.55,88.1,14.6,0,0.01,9.72,98.65,24.42,0.6,21.37,93.43,3.53,2.12,0.86,6.48,0.07,0,100,57.18,4.79,1
audio217.wav,89.12,99.42,59.83,22.08,0.11,99.81,25.51,83.3,43.88,44.87,66.65,15.1,10.92,97.86,83.55,17.61,0,100,76.07,0.01,1
audio218.wav,0,6.63,0,0,0,39.62,3.03,16.54,0.43,2,3.27,2.31,0,0.64,0.05,0.01,0,61.56,1.34,0.39,1
audio219.wav,10.92,99.92,85.64,0.15,0.81,95.17,88.55,1.74,1.34,86.14,36.87,2.6,19.53,65.39,88.19,2.89,0.5,100,8.35,0.04,1
audio22.wav,0,0.4,0.05,0,0,5.04,1.29,0.1,7.18,77.99,1,0.48,0,0.02,2.1,1.51,0,99.98,0.04,0.01,1
audio220.wav,7.24,15.97,7.44,46.79,0.08,73.37,7.53,98.73,12.16,13.32,8.17,3.58,26.87,1.74,2.03,56.39,0,100,78.26,11.73,1
audio221.wav,7.28,54.45,9.01,38.63,0.02,63.2,13.81,96.39,21.2,8.63,67.43,2.13,4.09,1.22,0.27,0.8,0,99.99,96.56,0.08,1
audio222.wav,99.02,97.98,87.84,0.96,0.06,98.21,43.12,98.45,72.69,75.07,99.9,3.82,80.72,13.07,48.26,6.06,0,100,100,4.31,1
audio223.wav,98.83,97.73,42.47,69.49,0.37,99.92,14.77,95.94,46.19,23.58,53.14,1.49,9.87,30.21,61.26,15.83,0,99.99,18.87,0,1
audio224.wav,82.94,99.09,91.24,51.23,0.87,98.97,26.82,96.25,32.61,85.67,90.9,1.8,77.25,63.86,8.23,23.06,32.81,100,99.6,11.65,1
audio225.wav,90.64,99.93,35.52,84.47,0.11,99.99,18.3,99.59,28.68,91.17,57.92,14.29,3.06,19.78,52.69,76.47,0,100,100,7.19,1
audio226.wav,91.41,99.67,39.1,3.37,2.48,99.31,4.87,92.2,45.45,85.57,38.57,3.74,74.56,31.48,51.82,5.28,0.29,100,29.15,5,1
audio227.wav,99.91,100,99.96,98.43,2.24,100,92.42,99.96,48.73,62.86,43.86,4.38,99.25,99.91,98.03,41.87,27.65,100,99.82,0,1
audio228.wav,97.81,98.36,6.22,11.22,0.26,99.86,37.04,98.47,79.89,98.03,99.68,8.04,90.59,80.2,21.43,89.09,0.16,100,98.21,95.54,1
audio229.wav,6.58,19.47,32.16,7.76,0.03,90.17,26.34,72.8,50.39,10.45,75.36,1.16,0.78,93.03,4.49,0.17,0,100,2.04,0.61,1
audio23.wav,0.01,11.8,10.93,0.5,0,2.27,28.08,35.3,2.57,9.21,26.74,5.56,0.03,0,67.3,0.45,0,99.11,96.36,46.03,1
audio230.wav,63.92,85.7,44.35,0.08,0.64,99,16.71,93.56,87.99,50.27,25.71,1.41,77.49,0.7,4.99,11.39,0.15,100,14.65,1.66,1
audio231.wav,99.64,99.27,99.56,7.52,12.23,99.99,61.68,89.01,59.91,77.91,99.98,5.12,88.46,77.35,91.2,9.64,1.03,100,99.96,0.02,1
audio232.wav,8.56,95.2,0.47,9.9,0.8,99.72,2.34,96.11,72.15,27.99,16.38,3.61,11.09,0.09,0.68,31.45,0.08,100,16.35,0.05,1
audio233.wav,65.27,99.76,0.24,1.95,0.1,96.26,24.82,91.28,3.03,62,48.28,2.93,3.47,17.99,0.48,4.56,0.01,100,3.46,0.22,1
audio234.wav,99.15,99.87,50.82,84.96,0.18,99.88,35.09,99.64,82.73,51.63,46.48,4.09,97.17,95.23,48.14,64.04,0,100,64.67,0.03,1
audio235.wav,0,83.76,0.62,0.02,0.03,72.91,18.62,4.51,0.22,5.29,25.18,2.36,0.02,84.71,0.16,0.03,0,100,0,0.04,1
audio236.wav,41.34,90.38,59.17,0.96,7.09,99.47,11.18,93.09,51.01,78.7,96.98,6,66.36,98.81,59.1,34.92,98.87,100,97.12,0.66,1
audio237.wav,96.61,98.76,4.71,0.62,0.78,99.48,3.73,83.8,60.21,11.68,25.1,2.88,72.14,5.89,1.61,2.15,0,100,6.2,0.01,1
audio238.wav,79.43,98.81,50.87,76.84,0.07,87.32,79.3,99.38,68.38,43.52,58.99,5.74,69.62,97.3,83.93,86,0,100,98.74,0,1
audio239.wav,53.98,99.72,5.92,16.06,2.22,95.12,42.63,99.21,81.28,52.02,34.56,2.45,65.23,88.79,46.14,13.08,19.73,100,12.84,0.07,1
audio24.wav,0,0.04,0.04,0.87,0.08,0.13,12.01,58.59,4.79,3.64,38.81,3.3,0.14,0.49,0.43,2,0,98.96,12.72,1.36,1
audio240.wav,41.18,99.82,95.5,74.65,0.11,99.86,58.74,95.02,39.54,21.45,72.13,2.38,66.6,97.2,99.42,2.15,0,100,58.22,0.04,1
audio241.wav,11.12,98.94,15.68,7.13,1.19,48.43,96.05,97.5,1.62,99.08,20.29,26.65,68.98,97.86,87.64,17.47,67.45,100,81.58,99.84,1
audio242.wav,0.29,46.26,67.8,0.26,0.08,24.16,61.88,74.73,1.76,97.32,95.69,1.98,0.25,99.73,22.22,24.69,0.01,100,99.96,2,1
audio243.wav,65.41,98.7,6.52,67,0.6,85.91,10.64,96.22,24.4,94.92,7.49,4.16,8.14,92.3,55.44,5.83,0.04,100,7,4.71,1
audio244.wav,76.53,99.77,72.79,8.18,0.06,99.87,74.35,93.63,41.55,30.99,81.12,4.65,13.47,99.38,50.57,12.89,0.01,100,98.05,99.97,1
audio245.wav,15.64,99.53,31.83,1.78,0.06,99.51,61.72,86.2,31.16,25.35,44.2,2.41,7.9,99.65,32.61,4.38,0.03,100,20.45,99.24,1
audio246.wav,9.41,66.08,43.62,2.28,0.03,99.41,9.26,91.64,39.18,81.24,82.05,3.01,13.24,38.19,7.27,5.22,0,100,78.95,58.25,1
audio247.wav,0.86,97.63,0.44,3.45,0.5,92.78,6.22,93.65,79.07,82.43,16.45,3.94,1.84,0.03,5.76,4.02,0.19,99.98,68.23,0.05,1
audio248.wav,4.83,82.87,0.82,6.75,0.16,26.92,18.3,0.7,47.93,90.92,77.4,6.34,0.38,0,39.18,6.52,0.01,99.98,42.99,0.01,1
audio249.wav,48.7,97.87,91.35,4.42,0.27,96.92,80.15,94.73,78.56,44.25,99.91,1.06,40.63,96.82,91.24,19.75,0,100,100,3.14,1
audio25.wav,0.01,0.92,10.72,1.23,0,4.18,0.8,85.77,1.24,17.9,9.99,1.61,0.22,0.46,0.73,31.09,0.13,99.69,0.15,4.78,1
audio250.wav,2.95,21.29,5.55,3.1,0.42,92.55,10.45,85.97,6.72,17,23.93,9.97,2.41,76.97,4.11,9.72,0.08,100,7.63,62.02,1
audio251.wav,5.51,100,36.75,3.73,0.05,99.99,46.02,26.19,52,80.87,96.22,5.34,13.48,0.01,48.43,1.33,26.09,100,23.46,0.03,1
audio252.wav,99.11,92.1,66.93,97.05,1.39,98.1,45.94,85.02,48.56,48.93,32.79,4.12,75.09,0.01,8.47,11.87,10.57,100,48.19,0.25,1
audio253.wav,0,59.78,2.94,0.04,0.04,98.11,0.07,0.43,29.59,5.43,10.31,2.03,0.15,0.03,0.01,0.01,0,100,0.03,0.01,1
audio254.wav,0.03,99.99,90.21,4.01,3.68,99.05,69.78,0.06,36.19,83.5,86.55,3.67,22.66,87.67,62.09,0.67,1.45,100,22.03,2.37,1
audio255.wav,44.89,91.43,3.39,0.22,0.07,98.87,90.44,71.16,74.96,76.43,17.34,3.53,44.77,9.11,7.8,2.02,0.03,100,17.11,0,1
audio256.wav,0,90.81,6.62,0.1,1.16,88.16,71.9,81.75,30.76,62.57,15.19,6.74,45.67,55.35,44.65,0.09,99.94,100,12.77,0.52,1
audio257.wav,1.25,59.94,9.41,1.37,0.96,96.53,17.68,76.83,39.09,97.4,99.77,3,25.66,0.07,1.46,3.32,99.96,100,83.37,30.09,1
audio258.wav,64.13,89.1,15.77,2.95,7.63,97.28,26.34,72.48,12.22,75.57,58.81,7.49,37.68,88.73,8.11,1.41,72.55,100,5.85,0.04,1
audio259.wav,26.22,98.11,0.04,0.02,0.02,82.64,4.17,0.35,48.28,14.82,10.87,0.9,56.25,0.03,0.14,0,0,100,1.24,0,1
audio26.wav,2.82,65.54,3.58,0.06,0.02,94.72,27.74,98.65,31.26,70.39,67.53,17.06,0.52,0,17.31,0.26,9.44,100,1.82,0.06,1
audio260.wav,0.01,98.38,0.36,0.13,1.61,99.84,62.15,19.76,46.6,51.6,59.01,0.5,31.32,4.97,7,0.5,96.02,100,31.62,0.07,1
audio261.wav,1.18,17.39,97.88,91.22,0.11,12.08,18.29,83.45,73.15,51.03,71.68,3.83,12.03,0,92.51,13.4,0,100,99.94,94.64,1
audio262.wav,3.16,4.45,6.31,0.02,0.08,75.1,5.64,0.82,9.58,88.25,15.94,0.6,7.68,8.94,32.38,1.61,82.22,100,0.41,2.75,1
audio263.wav,18.46,95.54,19.02,0.99,0.04,99.81,8.23,16.13,37.66,40.88,8.27,5.37,0.19,0.02,11.26,0.19,0.02,99.99,13.55,0.2,1
audio264.wav,2.03,99.97,97.88,15.95,0.9,99.93,89.79,4.99,78.97,73.23,79.64,2.49,92.13,1.47,87.6,3.61,1.23,100,17.99,0,1
audio265.wav,0.02,79.8,52.78,0.48,0.65,41.03,42.17,20.02,51.66,69.2,85.86,3.56,55.8,0,56.16,0.47,0.96,100,42.48,16.58,1
audio266.wav,0.14,30.95,0.13,0.04,0.01,3.73,6.86,26.08,74.32,10.07,51.39,2.14,0.4,0,0.31,0.06,0.01,96.67,0.03,0,1
audio267.wav,67.87,94.26,18.32,12.84,0.28,99.92,15.86,99.32,76.2,30.83,91.41,4.23,91.71,0,82.81,0.3,1.04,100,92.4,0,1
audio268.wav,98.67,99.96,1.5,1.07,3.62,99.43,17.29,74.53,83.4,60.48,16.18,1.76,84.77,0.1,3.22,26.82,99.93,100,98.5,0,1
audio269.wav,0,2.11,0,0,0.02,16.37,0.03,0.05,3.98,5.45,0.37,0.5,0,0.52,0.01,0,0,99.64,0,0,1
audio27.wav,3.7,56.06,3.28,3.86,2.16,98.95,15.45,36.18,5.9,96.33,66.25,10.82,0.81,0.63,98.27,23.03,0.01,100,23.33,3.48,1
audio270.wav,2.18,95.27,1.04,1.35,3.08,99.96,1.22,93.29,19.69,35.12,7.01,4.1,25.43,0.01,1.18,63.26,6.02,100,4.34,2.63,1
audio271.wav,0.32,1.76,0.04,0.03,0.4,7.89,17,1.29,87.7,17.51,11.23,0.49,0.98,0.01,0.38,0,0,100,8.31,0,1
audio272.wav,79.61,94.17,0.02,3.57,1.91,93.57,10.59,44.71,85.42,92.96,6.42,4.18,64.55,0.01,19.91,2.49,3.69,100,1.93,0.74,1
audio273.wav,3.18,99.88,16.88,9.46,4.26,99.81,8.96,89.32,68.58,56.02,8.78,2.41,87.77,0.05,40.31,6.75,99.31,100,6.31,0.07,1
audio274.wav,37.51,99.96,2.56,28.45,0.08,99.94,90.68,89.9,76.81,13.82,59.89,6.11,75.35,0,50.61,0.88,48.11,100,35.08,0,1
audio275.wav,2.87,82.61,0.77,26.57,2.77,44.6,67.43,58.62,72.9,54.33,21.81,14.47,18.15,0,5.93,1.64,1.26,100,81.77,0.6,1
audio276.wav,0.05,95.86,0.33,0.25,2.35,96.98,3.85,13.13,42.91,10.4,32.33,3.41,0.8,0.71,16.99,7.43,0,100,1.05,0.1,1
audio277.wav,55.87,94.07,1.92,1.53,11.02,98.83,16.72,10.69,7.33,95.52,20.28,3.33,19.16,43.02,16.18,1.99,99.99,100,99.95,24.7,1
audio278.wav,4.86,98.78,96.46,9.65,0.01,99.81,96.69,95.33,72.48,93.61,99.97,7.07,0.01,0,99.62,1.3,0,100,100,0.25,1
audio279.wav,0.14,80.87,0,0.06,0.06,8.78,4.69,1.32,60.44,16.11,60.68,1.44,0.23,0.04,24.14,0.03,0,99.93,4.27,0.02,1
audio28.wav,43.81,15.45,33.49,7.71,0.83,77.41,56.18,6.79,58.72,91.74,16.3,9.01,5.68,0,31.97,7.4,0,100,82.53,0.01,1
audio280.wav,0.17,83.44,0.4,22.04,0.14,97.44,4.71,3.49,50.04,51.46,29.48,5.31,2.39,0.44,1.04,1.25,0.8,100,0,0.15,1
audio281.wav,1.56,31.85,0.22,4.95,0.02,11.37,1.1,25.14,74.76,13.27,79.95,1,1.35,0,2.8,0.57,0,100,0,0,1
audio282.wav,0.61,98.67,0.84,0.1,0.11,39.44,9.08,2.26,64.67,22.13,35.07,1.1,81.33,0,0.83,0.04,2.76,99.73,0.01,0,1
audio283.wav,0.05,76.27,20.27,0.1,0.54,99.2,1.64,0.16,80.57,23.54,42.44,0.29,4.62,0.02,3.1,0,0,100,97.5,0,1
audio284.wav,0,5.2,0,0.12,0,38.12,0.41,0.05,9.11,1.35,1.99,0.74,0,0.02,0.05,0,0,70.5,0,0,1
audio285.wav,75.94,91.95,0.12,95.33,1.55,53.46,9.69,89.86,64.14,16.35,6.18,4.08,63.66,0.04,5.54,1.55,82.08,100,26.97,8.27,1
audio286.wav,61.13,99.94,4.08,75.69,1.77,100,10.19,98.94,82.59,92.08,95.7,4.26,26.88,2.69,5.76,73.56,99.99,100,100,0,1
audio287.wav,99.35,96.44,17.96,3.46,0.61,99.63,21.14,86.69,90.02,85.25,51.65,11.71,84.85,0,42.72,5.07,99.47,100,18.09,1.08,1
audio288.wav,13.78,98.88,6.67,18.43,0.06,98.9,5.71,78.6,92.92,23.45,19.88,6.14,50.8,0.01,1.69,0.48,0,100,86.15,0,1
audio289.wav,8.74,99.99,84.31,79.76,3.67,97.99,99.67,93.45,57.88,98.71,99.93,3.79,97.02,21.91,58.66,0.34,100,100,100,0.66,1
audio29.wav,0.02,0.56,0.31,0.49,0.01,48.15,4.52,49.2,0.66,36.24,13.68,8.53,0.24,3.09,1.24,3.94,31.89,100,5.07,99.96,1
audio290.wav,0,99.6,0.28,0,0.03,99.7,0.2,0.37,15.15,40.95,19.2,3.4,0.05,0.42,0.05,0.05,0,100,4.19,0.01,1
audio291.wav,0,99.95,18.38,0.1,0.01,95.19,45.35,0.07,10.69,62.83,24.81,0.11,11.22,0,0.36,0.01,0.01,100,80.21,0,1
audio292.wav,53.47,94.62,73.32,0.4,4.42,99.54,9.23,99.67,77.84,19.54,49.83,4.99,41.22,1.84,65.83,1.11,0,100,95.4,1.1,1
audio293.wav,9.59,64.26,61.56,14,2.45,26.39,37.8,20.33,47.21,27.59,93.53,11.83,15.31,0,31.28,7.95,0.31,100,0.63,5.63,1
audio294.wav,52.25,98.92,83.05,0.51,0.01,98.14,11.61,85.23,85.46,11.1,39.31,5.34,1.76,2.29,13.06,2.5,0,100,20.47,0.11,1
audio295.wav,42.72,99.49,28.85,0.21,1.06,99.97,47.18,94.99,30.09,99.1,92.76,2.83,22.5,0.16,55.23,8.26,99.98,100,99.64,0.08,1
audio296.wav,5.96,81.44,2.45,3.34,0.22,96.14,1.76,42.34,32.92,19.65,25.25,3.44,22.31,0.03,10.84,7.8,5.78,100,18.76,0,1
audio297.wav,23.06,87.41,2.77,0.27,2.06,99.38,1.8,47.86,78.58,75.55,60.57,20.82,99.04,0.35,4.78,23.13,99.99,100,98.73,69.24,1
audio298.wav,0,94.88,0,0,0,98.53,2.93,1.12,7.88,3.35,0.51,0.15,0.01,3.62,0.41,0.01,0,74.02,0,0,1
audio299.wav,1.47,99.85,15.4,0.01,0.35,36.4,50.62,38.1,24.13,61.1,43.07,2.43,92.49,0.19,53.78,0.17,1.48,99.96,71.44,0.44,1
audio3.wav,43.57,99.92,3.93,22.38,3.54,53.26,8.65,18.22,67.32,94.99,94.01,7.4,52.52,0,3.58,5.9,30.29,100,99.49,0.11,1
audio30.wav,0.15,0.47,10.77,83.53,5.34,18.59,22.84,17.54,11.42,67.26,20.47,4.08,0.26,0.24,41.54,7.67,25.73,100,72.61,95.15,1
audio300.wav,27.95,99.19,2.57,0.13,0.12,98.98,3.02,35.01,89.24,88.87,10.43,4.68,74.74,0.41,1.01,0.36,0.43,100,7.56,1.24,1
audio301.wav,97.77,98.6,5.18,30.8,0.17,97.82,40.36,93.54,60.32,75.4,99.21,6.21,91.1,0,15.53,0.33,0.01,100,4.18,0.03,1
audio302.wav,82.92,99.46,19.42,0.2,1.83,99.91,10.84,80.61,58.63,87.35,15.75,9.15,32.76,0,2.95,4.6,5.23,100,3.16,1.85,1
audio303.wav,99.05,99.93,97.74,99.3,0.32,99.93,62.33,96.41,61.9,99.65,99.99,14.89,46.51,0,61.36,1.83,91.44,100,100,0,1
audio304.wav,60.34,97.1,8.95,32.25,0.14,97.89,3.33,70.65,71.6,91.22,11.19,63.54,5.66,0,18.96,1.48,0.02,100,74.96,0,1
audio305.wav,0.4,52.62,14.08,66.98,0.01,94.15,2.46,35.99,24,65.89,39.79,6.88,0.19,0,21.84,0.08,0,100,56.14,1.41,1
audio306.wav,59.78,99.98,20.02,91.45,0.25,99.99,13.82,35.29,79.73,43.5,25.16,5.03,18.3,0,5.25,5.61,82.21,100,13.99,0.17,1
audio307.wav,95.08,97.89,96.64,9.64,1.67,99.8,14.25,83.22,66.66,85.95,25.88,2.65,85.54,0,40.27,0.41,31.6,99.99,95.22,0.24,1
audio308.wav,92.08,99.86,98.68,5.61,0.12,99.94,23.56,96.33,65.37,51.35,81.84,7.25,14.51,0,31.56,0.25,57.47,100,11.04,0.08,1
audio309.wav,99.64,99.76,19.48,31.13,0.87,99.89,7.12,96.37,86.71,46.42,77.61,15.17,60.51,0.79,24.28,0.62,0.01,100,99.99,0,1
audio31.wav,0,0,0,0,0,0.02,0.41,0,0.99,10.19,1.19,0.16,0,0.08,0.01,0,0,83.2,0,0,1
audio310.wav,0.26,99.92,26.71,24.09,0.25,99.52,35.82,31.41,40.52,98.29,14.04,11.92,1.32,0,28.79,1.77,39.13,100,44.6,0,1
audio311.wav,99.52,99.71,40.63,24.45,1.48,99.58,20.73,89.02,76.14,95.77,64.09,15.48,43.21,0,6.36,0.9,0.37,100,75.15,0.01,1
audio312.wav,1.47,99.97,91.77,16.45,0.06,99.7,89.43,18.43,51.36,98.85,58.35,2.31,5.75,0,71.75,0.03,2,100,88.48,0.04,1
audio313.wav,72.08,97.99,25.83,27.12,0.03,90.94,3.51,93.44,39.4,99.02,88.34,41.45,7.4,0,0.57,2.83,0.01,100,99.73,0.19,1
audio314.wav,98.83,98.07,67.75,1.59,0.15,99.79,5.12,98.26,54.39,25.88,19.72,11.34,6.45,0,10.62,0.26,0.06,100,16.53,0.01,1
audio315.wav,97.55,99.86,4.48,4.07,0.22,99.83,12.47,88.65,64.84,97.34,35.04,3.26,71.93,0.02,6.18,0.13,8.19,100,18.48,2.06,1
audio316.wav,0.1,59.46,99.82,0.63,0.04,43.67,18.41,1.1,32.01,78.83,99.96,4.51,0.72,0,31.92,0.02,92.15,100,24.38,0.02,1
audio317.wav,99.84,95.65,3.88,50.1,32.86,99,10.75,41.28,91.45,83.52,4.6,2.72,82.46,0,1.63,0.46,50.76,100,1.39,0.23,1
audio318.wav,5.78,99.62,88.93,15.13,0.72,99.6,98.58,98.66,66.41,76.08,95.89,8.47,6.48,0,77.65,1.63,1.43,100,91.83,1.34,1
audio319.wav,92.15,99.8,47.05,9.23,0.06,99.14,7.24,94.02,70.69,99.11,99.93,8.07,0.1,0,15.86,1.18,0.89,100,100,0.06,1
audio32.wav,2.31,10.18,5.41,0.16,0.15,7.41,15.96,26.7,54.55,2.86,30.24,2.13,11.61,0,3.13,2.66,10.81,100,13.12,1.1,1
audio320.wav,6.97,99.95,22.12,98.88,0.23,99.99,12.45,51.05,61.91,94.59,20.62,22.37,0.45,0,6.42,1.16,11.73,100,6.72,0,1
audio321.wav,83.5,87.22,3.78,8.13,0.08,99.99,2.44,90.56,34.67,76.09,13.42,19.71,0.69,0,2.09,3.87,0.06,99.95,23.12,0,1
audio322.wav,6.54,99.97,97.98,0.7,0.82,99.91,8.52,66.92,41.19,75.44,89.82,2.53,0.08,0,46.32,0.27,0,100,75.21,0.02,1
audio323.wav,99.98,99.89,92.88,98.63,7.45,99.95,2.44,81.23,87.13,98.37,92.25,10.62,58.51,0,9.47,7.66,69.82,100,99.83,0.42,1
audio324.wav,10.27,92.9,0.7,12.95,0.08,99.29,1.6,93.21,49.65,67.69,16.6,9.58,2.26,0,2.81,1,0,100,9.48,0,1
audio325.wav,99.46,95.33,4.96,52.39,1.77,99.17,3.75,85.27,82.78,75.56,42.01,19.38,39.61,0,10.04,0.27,0.52,100,33.14,0.05,1
audio326.wav,96.72,99.47,82.25,0.01,5,98.77,11.62,33.62,69.43,29.91,83.22,0.84,1.66,0.09,8.84,0,0,100,31.06,0,1
audio327.wav,99.94,99.46,18.34,82.89,1.3,99.59,23.6,98.38,83.67,97.09,44.84,7.8,74.4,0,68.42,1.55,79.96,100,98.21,0.51,1
audio328.wav,99.63,99.97,68.89,36.21,0.04,100,73.33,96.51,35.39,98.66,99.54,11.72,9.7,0.17,43.27,0.71,43.41,100,99.94,0.01,1
audio329.wav,99.66,99.89,16.4,61.4,2.74,99.95,2.25,35.87,85.52,93.05,8.18,7.3,25.88,0,0.51,1.71,79.31,100,16.69,0.05,1
audio33.wav,0.77,97.26,0.36,0.11,0.09,95.19,1.14,0.61,60.53,76.59,8,1.56,48.96,0.01,0.84,0.25,0.05,100,42.53,0.02,1
audio330.wav,97.3,15.62,1.88,0.23,1.65,73.58,4.49,23.22,71.77,65.2,8.95,3.47,32.48,0,0.96,0.22,99.83,100,0.69,0.18,1
audio331.wav,0.09,99.23,97.88,10.93,0.13,99.08,30.21,82.44,27.15,96.26,99.9,5.67,0.02,0.01,15.47,0.89,0.03,100,100,2.82,1
audio332.wav,98.63,99.99,100,24,1.49,99.85,99.91,3.63,54.64,87.45,99.98,4.45,0.01,0,99.93,1.6,7.77,100,100,0.03,1
audio333.wav,0.07,98.95,10.41,0,0.01,11.24,4.45,8.04,21.46,29.08,5.5,7.2,0.04,0,1.42,1.16,1.15,100,12.4,7.1,1
audio334.wav,54.26,99.75,5.49,99.65,0.16,80.78,0.67,98.64,42.92,28.68,10.85,7.36,14.86,0,1.65,39.89,0.02,100,10.19,0.01,1
audio335.wav,0.04,98.98,4.78,0.02,0,0.86,11.91,16.11,48.83,63.99,99.6,82.23,13.49,0,15.24,0.52,79.7,100,9.02,0,1
audio336.wav,12.93,99.83,2.98,75.5,0.01,98.51,10.45,93.88,39.66,11.94,20.54,28.71,11.76,0,1.84,9.33,0,100,85.9,0.01,1
audio337.wav,0.03,54.31,16.09,68.18,0.53,8.89,16.77,41.44,56.62,98.8,53.06,16.16,3.77,0,3.79,0.32,62.01,100,5.59,2.68,1
audio338.wav,1.92,97.41,2.61,46.26,0,69.71,5.16,97.73,12.02,26.32,98.2,6.92,5.12,0,7.24,2.51,0,100,1.21,0,1
audio339.wav,40.69,99.84,20.9,91.24,2.6,99.87,2.1,75.95,83.78,74.08,19.3,4.39,67.84,0,10.96,0.42,99.99,100,91.36,0,1
audio34.wav,0.04,10.54,3.42,6.74,0,5.41,21.1,78.87,0.54,72.45,4.08,2.29,5.35,0.02,15.09,67.91,0,96.56,70.96,30.87,1
audio340.wav,1.38,52.04,7.32,64.54,0.13,2.35,1.73,78.15,48.79,88.07,34.4,5,0.08,0,8.43,1.45,81.64,100,8.73,1.79,1
audio341.wav,98.44,99.94,28.6,74.73,3.95,99.23,58.44,21.38,65.01,93.43,98.87,6.01,98.24,0,9.54,6.74,99.99,100,17.84,0.14,1
audio342.wav,3.94,73.43,1.79,74.78,0.14,58.97,2.15,89.67,67.64,23.87,12.42,4.18,2.56,0,6.95,3.65,0.22,100,98.03,1.2,1
audio343.wav,5.33,82.82,11.14,61.06,0.05,28.16,7.8,93.43,43.74,35.86,84.89,3.01,6.34,0,20.53,0.31,16.71,100,4.62,0.02,1
audio344.wav,2.24,93.65,0.62,0.13,0,7.33,1.06,0.32,11.72,8.16,8.8,4.07,0.01,0,0.11,0.03,0,99.76,14.05,0.01,1
audio345.wav,12.28,70.21,0.05,78.41,0.02,61.92,0.3,97.48,26.38,52.82,9.54,50.18,5.75,0,0.02,2.4,0,100,4.22,0,1
audio346.wav,32.01,99.95,12.34,7.16,0.01,97.61,2.12,96.39,33.56,97.96,61.58,10.18,2.26,0,29.39,9.04,16.61,100,2.76,0.11,1
audio347.wav,18.27,99.92,7.78,71.82,0.01,79.73,7.42,71.36,35.2,83.45,7.17,11.53,0.14,0,21,0.14,14.42,100,4.11,0.3,1
audio348.wav,0.02,99.28,55.75,1.64,56.1,95.8,7.27,57.24,24.41,38.1,83.11,6.16,4.66,0.09,6.72,1.84,0.04,92.08,31.03,0.63,1
audio349.wav,0.84,94.59,98.08,85.55,0.03,27.59,12.44,71.69,14.09,30.1,65.23,4.43,9.59,0,51.9,0.15,0.38,100,81.76,0.01,1
audio35.wav,0,0.02,0,0,0,0.01,0.65,0,0.35,1.18,0.42,0.04,0,0,0.02,0,0,100,0,0,1
audio350.wav,0.08,95.72,19.97,8.08,0.08,50.71,3.56,89.45,37.63,87.31,15.38,6.74,2.59,0,10.1,8.06,0.1,100,100,0.51,1
audio351.wav,18.71,89.07,2.54,11.67,0.33,4.84,4.72,54.17,62.34,50.08,10.04,3.97,16.25,0,0.08,0.36,0.52,100,6.79,0.21,1
audio352.wav,99.44,63.59,20.92,12.36,0.08,66.67,35.13,9.9,60.11,98.48,24.19,5.57,32.3,0.02,17.35,1.09,36.86,100,7.18,0.51,1
audio353.wav,0.02,22.22,1.85,10.94,0.01,14.8,1.85,90.54,9.38,5.95,14.72,5.79,0.05,0.02,1.21,1.44,0,3.66,96.29,0.33,1
audio354.wav,0.02,23.71,0,0.15,0.03,7.56,10.59,14.53,1.66,7.25,7,1.46,13.6,0.03,0.05,0.85,0.01,99.65,0.01,0.04,1
audio355.wav,98.85,99.61,4.93,41.58,0.49,92.04,14.7,97.89,45.82,97.47,43.2,5.2,66.87,0,24.11,1.45,42.39,100,1.95,0.26,1
audio356.wav,0.02,99.17,98.5,83.15,0.32,99.51,80.83,98.59,13.88,50.65,56.63,39.67,16.13,46.06,62,23.92,94.58,100,100,89.02,1
audio357.wav,0.01,25.13,6.16,12.29,0.06,49.39,1.81,26.46,2.82,23.25,27.08,6.24,4.79,0.21,7.84,1.78,1.25,100,99.93,9.69,1
audio358.wav,0.21,65.86,0.69,0.96,0,13.26,5.33,21.78,11.36,71.96,7.23,8.04,14.72,0,2.08,3.99,14.05,100,0.02,59.66,1
audio359.wav,0,46.48,99.74,7.41,0,2.23,20.59,75.12,4.61,24.9,38.18,3.96,0,0,34.93,16.04,0,100,99.41,0.07,1
audio36.wav,0,0.06,0.14,0.14,0,14.45,1.11,1.12,10.76,9.45,4.86,0.08,0,0.13,0.05,0.01,0,16.86,0.22,0.35,1
audio360.wav,8.72,50.31,1.02,29.72,2.18,84.56,10.17,97.88,10.47,55.32,57.03,15.85,1.96,1.25,1.89,8.94,0,100,95.41,96.5,1
audio361.wav,0,25.69,22.99,0.7,0,0.05,19.03,4.96,0.58,61.54,15.9,5.38,0,0,7.08,0.01,0,99.85,1.44,0,1
audio362.wav,7.51,86.08,0.84,89.54,0,82.2,2.55,88.44,42.57,28.69,5.22,7.67,23.88,0,0.16,4.04,0,100,0.65,0.09,1
audio363.wav,1.81,93.22,1.44,0.77,0,92.98,3.01,37.18,70.59,4.9,2.19,3.95,1.25,0,0.3,0.05,0.05,100,1.39,0,1
audio364.wav,32.55,97.68,26.66,21.66,0.13,88.59,14.38,44.06,63.14,57.15,71.25,5.84,48.05,0,76.64,4.09,12.51,100,99.79,1.24,1
audio365.wav,78.26,99.98,30.91,2.39,0.51,58.36,2.25,99.14,54.71,55.21,81.3,9.31,96.89,0,74.31,1.92,0.96,100,3.7,1.84,1
audio366.wav,0,1.07,0.02,0.62,0,1.16,1.39,46.71,1.79,7.15,7.7,17.97,0.01,0,0.58,6.53,0,99.8,36.27,0.01,1
audio367.wav,24.92,99.97,0.16,14.51,0.36,10.72,1.19,4.57,39.33,90.38,6.62,2.06,19.09,0,0.63,0.27,0.39,100,0.01,54.09,1
audio368.wav,34.07,96.8,4.08,2.62,0.51,45.59,3.27,91.65,6.89,92.33,3.15,17.24,21.65,0,0.89,1.1,91.6,100,68.91,1.16,1
audio369.wav,0,10.4,0.02,0,0,0.55,0.03,0.08,43.65,37.28,3.78,0.33,0.07,0,0.06,0,0,85.38,0,0,1
audio37.wav,0.09,3.3,1.22,72.13,0.18,41.51,6.35,95.76,26.57,21.36,7.64,15.73,1.51,0.01,1.35,8.21,0.52,96.6,2.04,1.01,1
audio370.wav,0.86,99.34,33.8,2.39,0.14,79.62,37.58,56.85,32.95,67.98,18.28,5.99,2.43,0,9.12,0.08,3.28,100,73.89,0.12,1
audio371.wav,0.3,63.17,1.24,0.41,0.41,95.2,0.74,23.84,40.88,60.88,6.86,2.42,3.83,6.92,0.98,4.44,0.01,100,1,0.36,1
audio372.wav,40.28,98.07,41.78,46.48,0.4,47.44,94.5,62.48,18.59,86.82,87.42,24.14,67.83,0,70.95,6.68,2.64,100,100,0.49,1
audio373.wav,10.9,95.17,0.36,0.45,0,3.41,2.56,4.65,33.6,18.06,28.08,2.06,1.25,0,0.18,0.04,0,99.68,0.42,0,1
audio374.wav,0.04,94.07,16.4,3.96,0.47,95.75,8.96,87.95,7.51,85.9,8.48,5.73,23.45,4.91,1.44,15.39,15.01,100,2.49,83.31,1
audio375.wav,60.34,92.87,6.02,23.35,3.81,95.13,9.07,88.13,69.78,40.16,12.64,3.89,40.43,0.11,35.76,29.43,50.24,100,24.4,61.4,1
audio376.wav,2.54,99.66,4.83,17.25,0.01,94.74,4.36,60.47,47.5,21.9,7.38,5.29,62.52,0,21.8,1.76,21.46,100,0.26,0.1,1
audio377.wav,0,0.61,0.1,0.58,0.01,5.08,2.53,23.7,8.11,37.42,12.13,12.38,0.09,0.03,4.7,0.22,0.13,99.96,0.06,99.73,1
audio378.wav,1.17,81.63,75.93,98.13,0,59.2,11.95,95.74,22.62,98.5,91.8,11.47,1.93,0,26.93,6.6,0,100,100,0,1
audio379.wav,0,0.75,0.04,0,0.03,0.23,1.67,16.79,13.78,21.97,1.59,1.53,0.08,0,0.09,0.53,0,99.85,0.04,0,1
audio38.wav,0.35,99.71,68.47,98.72,0.29,91.91,62.66,81.97,3.23,78.05,91.12,20.66,55.65,0.04,97.87,93.82,41.23,99.77,2.46,0.03,1
audio380.wav,47.61,91.99,0.82,1.62,0.04,70.48,1.94,80.04,70.32,97.17,7.4,7.72,9.63,0,4.51,0.45,93.38,100,3.57,0.4,1
audio381.wav,55.83,93.44,19.39,71.86,0.06,78.46,5.41,6.53,48.22,41.93,19.81,1.08,1.53,0,5.74,0.43,0.48,100,96.68,0.21,1
audio382.wav,49.84,97.71,98.58,99.42,1.06,98.86,49.87,94.56,92,34.01,97.02,83.44,79.35,0.79,44.01,81.09,60.02,100,100,90.3,1
audio383.wav,0.34,99.67,95.98,85.75,0.1,59.68,38.44,96.2,53,99.11,99.85,23.86,0.58,0,98.41,18.88,9.79,100,100,0.04,1
audio384.wav,1.81,25.5,0.57,0.27,0.03,0.05,25.57,38.77,9.29,13.19,7.69,6.19,0.36,0,5.66,0.48,0,10.36,3.39,0.01,1
audio385.wav,0.21,95.14,1.98,1.97,0.02,43.87,2.33,67.89,23.41,13.32,7.26,4.67,0.25,0,0.35,0.28,0,100,34.13,1.88,1
audio386.wav,43.89,68.47,26.66,0.66,0.04,66.64,33.52,63.8,27.15,69.9,42.51,5.66,15.18,0,22.23,1.97,0,100,3.53,0.05,1
audio387.wav,0.01,0.03,0.14,0.01,0,0.01,0.33,0.4,1.23,9.88,4.2,1.02,0,0,0.07,0.17,0,99.82,78.26,0,1
audio388.wav,0.18,76.11,46.66,7.61,0,1.88,9.21,24.75,20.75,16.38,89.14,5.81,0.01,0,33.38,0.9,0,100,99.73,0.28,1
audio389.wav,11.46,97.87,21.34,89.05,0.02,94.33,63.5,52.37,28.65,61.85,97.66,65.09,2.33,0,28.85,7.44,0,100,100,0.01,1
audio39.wav,82.81,71.35,28.01,0.33,1.71,98.29,2.68,23.59,14.49,84.4,77.56,13.63,87.91,0.1,30.91,18.6,29.48,100,4.01,73.8,1
audio390.wav,0.01,74.32,1.14,0.03,0,1.03,40.12,8.32,7.4,44.21,26.91,1.56,0,0,2.07,0.07,0,99.99,0.62,0,1
audio391.wav,44.68,99.33,39.98,99.31,0.01,97.62,2.68,98.42,27.82,91.12,66.07,18.31,6.95,0,43.71,58.36,1.67,100,88.26,0,1
audio392.wav,0.58,94.1,0.4,0.06,0.04,10.43,3.23,0.98,13.36,20.43,5.19,1.1,0.15,0,0.13,0.03,0,99.96,1.77,0,1
audio393.wav,19.45,92.05,99.96,44.81,0.13,83.48,94.9,97.68,74.16,62.51,99.65,3.59,50.02,0,92.81,2.57,0,0.07,100,8.41,1
audio394.wav,0,1.17,0.64,0.24,0,2.48,8.31,4.92,8.82,84.34,6.75,1.95,0.1,0,0.09,2.72,0,100,4.24,2.81,1
audio395.wav,0.17,87.5,74.59,27.68,0.04,6.25,3.32,77.75,32.12,69.65,99.89,2.92,0.33,1.41,2.89,6.11,0,100,98.27,24.8,1
audio396.wav,57.65,96.95,50.14,98.21,0.02,91.1,18.92,99.72,33.13,90.73,67.11,24.03,69.94,0,33.33,55.2,0.03,100,1.29,0,1
audio397.wav,0,0.25,0,0,0.03,0.01,0.29,0.3,19.56,27.13,0.95,1.58,0.09,0,0.05,0,0,100,0,0,1
audio398.wav,0,0.02,0.12,97.01,0.01,0.46,11.02,5.11,25.47,1.26,7.15,0.64,0.04,0,0.1,0.01,0,3.45,0,0,1
audio399.wav,3.49,43.26,4.19,2.58,0.45,11.45,14.62,23.81,44.56,36.92,17.45,6.05,88.02,0,5.49,2.25,99.76,100,0.02,9.25,1
audio4.wav,0.03,97.85,3.42,0,0.08,8.77,15.78,0.15,53.37,40.01,77.2,0.96,1.05,0,1.28,0,0,72.35,68.59,0,1
audio40.wav,48.54,99.93,43.91,88.12,3.68,99.86,22.39,93.36,64.81,98.27,57.09,1.16,11.82,87.66,46.41,4.5,95.99,100,32.39,0.07,1
audio400.wav,0,12.88,0.43,0.03,0,0.25,7.45,0.11,0.69,16.9,6.36,0.17,0,0,0.29,0,0,99.36,18.64,0.01,1
audio401.wav,96.89,96.48,78.55,97.59,0.1,32.44,81.03,99.54,67.8,76.68,97.63,7.42,37.71,0,45.58,7.66,0.06,100,99.59,0.04,1
audio402.wav,16.6,36.7,1.59,89.28,0,58.54,3.05,94.9,21.91,68.56,18.39,39.65,27.86,0,8.49,1.85,0,100,57.04,0.08,1
audio403.wav,14.24,98.64,1.11,1.1,0.07,78.47,0.82,26.76,19.74,79.64,4.39,4.34,1.41,0,0.11,0.08,0.52,100,11.66,0.03,1
audio404.wav,0.95,88.55,6.34,0.14,0.36,5.58,81.14,2.08,7.63,19.12,74.27,3.72,33.38,0,7.18,0.05,0.01,0,56.52,0,1
audio405.wav,98.85,99.56,9.07,82.46,0.15,69.42,2.8,87.04,19.69,57.85,14.64,11.13,44.33,0,1.55,1.7,86.15,100,14.46,8.26,1
audio406.wav,0.48,100,2.34,12.42,0.05,95.53,0.78,49.97,6.69,77.81,17.05,9.27,0.47,0,2.72,0.31,95.52,100,0.23,0.06,1
audio407.wav,1.58,94.51,5.36,99.55,0.25,88.92,5.79,85.35,35.3,32.09,14.6,16.23,40.93,0,0.16,5.35,0,100,24.49,2.68,1
audio408.wav,2.39,93.59,39.73,97.43,0.01,96.01,77.57,64.5,39.11,64.51,74.97,5.63,0.39,0,12.23,3.26,0,100,100,0,1
audio409.wav,65.5,98.97,51.14,99.98,0.01,32.29,41.16,99.82,16.2,96.4,99.2,60.05,53.22,0,59.72,62.89,0.03,100,99.99,0,1
audio41.wav,5.4,72.91,0,1.61,0.18,0.06,7.51,38.84,38.35,0.35,7.36,2.48,66.72,0.01,0.76,0.04,0.02,1.34,0.3,0,1
audio410.wav,3.31,86.62,94.19,28.17,0.01,18.45,60.16,64.22,16.89,85.44,99.89,6.52,3.09,0,30.21,2.09,0,100,100,0.07,1
audio411.wav,99.45,91.77,45.43,98,1.32,68.79,30.36,91.83,32.24,99.54,99.32,10.66,22.55,0,2.2,2,99.96,100,100,0.73,1
audio412.wav,33.75,99.97,13.46,91.4,1.56,98.83,6.61,50.32,74.77,92.72,9,1.71,70.94,0,12.4,0.41,36.41,100,75.97,0.01,1
audio413.wav,0.29,8.62,0.99,0.12,0,1.88,0.45,30.39,70.69,17.44,1.88,1.7,0.71,0,0.08,0.01,0,99.97,2.44,0.01,1
audio414.wav,71.51,98.53,0.01,1.94,0.07,79.15,0.23,1.5,77.17,8.93,6.62,1.49,0.44,0,0.46,0.01,0,98.17,6.91,0,1
audio415.wav,8.18,98.67,48.7,59.18,0.01,86.72,16.95,54.18,80.12,49.89,30.03,5.76,26.31,0,9.41,0.71,0,100,99.54,0.01,1
audio416.wav,72.27,99.91,0.04,98.29,0.01,67.81,8.76,97.5,15.42,21.2,30.22,8.99,40.79,0,2.63,21.65,6.22,100,1.09,0,1
audio417.wav,0.4,98.17,1.41,98.12,0.01,17.48,2.04,92.35,27.81,47.13,4.95,85.03,1.23,0,1.38,12.7,0.01,100,57.97,0.02,1
audio418.wav,49.1,97.13,99.75,85.06,0.02,0.4,99.06,9.2,10.83,98.2,39.14,7.29,70.08,0,98.24,26.4,0.15,100,100,0.91,1
audio419.wav,19.09,99.1,6.87,0.1,0.23,46.64,3.06,1.63,25,79.57,6.36,1.85,20.35,0,6.62,0.98,0.15,100,14.02,0,1
audio42.wav,0,0.03,1.01,0,0,0.28,1.7,0.01,0.77,8.2,9.14,1.88,0,0.02,0.25,0.63,0,46.26,0.08,0.17,1
audio420.wav,1.15,10.65,5.11,21.04,0.03,1.23,2.55,46.85,32.91,97.4,8.1,4,0.14,0,1.76,1.9,0.02,100,48.3,0.61,1
audio421.wav,5.56,99.24,25.45,93.1,0,3.9,0.32,96.35,17.48,45.38,15.82,13.82,22.17,0,0.51,0.97,0,99.97,21.43,0,1
audio422.wav,18.78,60.14,4.13,77.64,0,18.9,0.7,93.95,16.09,8.77,3.96,87.13,20.41,0,0.15,12.88,0,0.04,55.75,0.02,1
audio423.wav,95.76,97.96,12.43,67.24,0.04,90.38,28.14,94.81,32.93,98.22,98.21,35.66,20.64,0,8.33,1.49,1.33,100,4.76,0.1,1
audio424.wav,81.45,99.96,61.5,66.2,0.08,85.06,36.54,99.43,37.97,97.92,98.27,49.56,74.42,0,10.4,7.23,54.01,100,99.51,0.11,1
audio425.wav,5.67,68.41,9.5,43.74,0.1,84.22,8.79,83.53,29.65,94.88,69.64,20.88,62.54,0,5.52,0.35,0.12,100,99.99,0,1
audio426.wav,99.48,99.89,11.99,66.67,6.17,99.97,2.68,89.16,49.44,97.88,26.13,3.32,44.83,0,20.17,0.8,56.8,100,86.95,0,1
audio427.wav,43.87,84.08,23.55,53.8,0.09,98.39,10.42,87.41,50.36,99.8,82.29,8.69,0.35,0.03,15.16,2.73,0.11,100,14.89,3.28,1
audio428.wav,93.19,99.03,96.17,99.98,0.01,94.51,94.91,99.84,56.32,93.34,99.92,9.34,0.38,0,82.52,11.57,0.04,100,99.73,0,1
audio429.wav,98.7,99.56,91.12,15.32,0.09,99.12,58.16,97.98,56.74,95.77,85.37,13.19,66.53,9.59,77.86,2.69,0,100,98.87,0,1
audio43.wav,0.01,0.66,91.81,0.3,0.09,3.08,90.3,11.33,2.5,76.39,94.72,4.27,0.04,13.62,77.52,10.12,97.48,100,99.99,99.97,1
audio430.wav,1.33,88.39,0.75,0.03,0,67.77,37.58,3.74,26.21,18.07,41.8,1.82,0.15,0,1.03,0,0,99.75,41.39,0,1
audio431.wav,88.68,85.77,56.04,99.71,0.05,99.03,31.87,97.19,68.9,40.24,73.3,11.59,24.5,0.04,64.1,2.26,0,100,28.38,0.13,1
audio432.wav,0.03,98.52,12.77,46.2,14.88,98.94,74.82,17.2,30.53,22.31,41.69,2.65,94.74,26.15,0.3,3.03,99.65,100,1.43,0,1
audio433.wav,86.25,37.3,0,0.02,0.02,62.66,1.4,41.06,32.41,15.42,31.02,1,0.67,0.02,0.19,0.01,0,100,0,0,1
audio434.wav,87.15,99.53,0.01,5.06,0.68,91.9,0.73,17.85,88.06,71.74,8.3,1.85,15.4,0,3,0.03,3.14,100,13.82,0,1
audio435.wav,72.2,97.5,0.2,69.77,0.06,95.56,2.48,80.36,83.95,35.14,75.12,4.29,2.74,0,0.39,0.27,0.02,100,3.8,0.04,1
audio436.wav,98.83,99.63,42.72,97.19,0.18,99.84,85.32,98.76,63.6,70.87,72.85,17.66,38.2,0,18.78,4.4,0.02,100,56.6,0.07,1
audio437.wav,99.13,93.17,0.01,0.47,4.16,97.6,0.34,2.97,81.84,68.85,9.85,0.66,31.47,0,0.08,0,2.2,100,0.11,0,1
audio438.wav,74.09,99.99,99.47,98.85,8.3,98.77,99.05,97.25,64.77,99.32,99.85,4.11,99.2,0.01,96.02,11.82,99.95,100,63.9,0,1
audio439.wav,66.6,99.83,9.2,4.13,29.89,99.99,3,46.09,83.12,86.48,46.11,17.43,87.15,0,1.49,0.13,92.09,100,13.25,0,1
audio44.wav,98.4,59.25,98.68,91.73,26.3,74.98,96.23,99.74,81.13,94.71,99.98,73.98,61.87,62.39,51.72,82.43,100,100,100,47.44,1
audio440.wav,99.72,99.99,94.86,96.2,5.2,100,27.11,92.62,85.76,71.17,74.07,8.64,29.7,61.45,55.05,1.48,0.89,100,81.89,0.08,1
audio441.wav,12.66,99.77,99.91,99.28,0.15,96.09,71.66,95.1,79.62,97.12,99.71,6.19,23.64,0,49.31,2.62,99.86,100,100,0.6,1
audio442.wav,0.18,82.77,3.13,0.04,0,77.65,17.28,16.79,26.73,30.9,11.53,2.83,0.1,0,1.34,0.01,0,99.82,14.67,0,1
audio443.wav,92.81,100,56.7,17.35,0.28,99.32,17.23,96.15,84.92,68.29,85.65,21.82,97.03,7.59,7.42,0.4,7.23,100,16.25,0.02,1
audio444.wav,90.28,99.93,86.88,99.29,1.77,96.07,11.74,99.63,86.16,92.73,99.27,15,55.05,0,36.12,15.16,99.73,100,100,0.2,1
audio445.wav,93.03,98.31,28.84,55.91,0.21,96.25,4.87,91.08,63.59,52.01,26.14,14.94,2.05,0.01,10.38,0.01,0,100,33.55,0.66,1
audio446.wav,85.58,99.28,0.52,0.81,3.72,98.73,24.72,91.95,84.08,24.9,14.25,17.48,72.21,85.45,7.04,0.63,0,100,20.33,3.4,1
audio447.wav,85.24,99.99,43.65,35.53,3.36,99.51,20.37,61.84,89.1,90.33,66.77,6.27,99.81,0.03,20.14,0.49,96.01,100,7.02,0.01,1
audio448.wav,49.57,97.11,12.97,99.99,0.03,99.67,9.45,99.61,47.56,35.4,76.28,80.19,0.16,0,5.19,3.2,0,99.99,40.95,0,1
audio449.wav,38.84,99.27,3.85,8.64,0.21,68.13,5.92,20.11,29.57,86.75,29.87,5.41,0.03,0,33.62,0.13,0,95.53,78.99,0.01,1
audio45.wav,50.05,32.97,13.28,74.96,22.58,51.94,30.94,96.08,37.21,98.36,55.3,34.51,0.79,84.48,11.46,41.62,99.92,99.96,81.93,1.66,1
audio450.wav,47.67,99.98,19.28,0.07,6.32,99.75,85.59,18.19,75.75,84.58,14.31,1.75,21.44,0.01,11.9,0.31,96.79,100,17.56,0,1
audio451.wav,92.75,99.56,3.1,6.4,0.13,96.63,33.68,26.67,49.65,91.19,33.31,19.12,0.91,0,7.55,7.68,66.06,100,1.87,0.16,1
audio452.wav,0.22,89.31,8.56,0.83,0,73.52,6.59,6.01,6.63,15.5,11.77,3.03,0.01,0,12.65,0.18,0,73.07,90.63,0,1
audio453.wav,9.25,80.18,16.39,94,0.47,90.05,50.93,79.93,57.02,88.28,42.97,41.2,62.52,0.06,11.66,5.23,67.66,100,33.95,1.82,1
audio454.wav,0.05,25.68,6.76,57.5,0.08,21.69,5.1,94.62,28.14,99.26,16.15,10.83,0.22,0,2.85,18.54,0,100,99.78,19.08,1
audio455.wav,95.02,98.49,65.1,0.08,0.13,96.3,21.6,28.62,52.49,95.49,56.92,5.38,16.87,0,80.2,0.69,1.52,100,98.88,0.03,1
audio456.wav,0.12,1.76,0.02,0.05,0.28,0.97,4.16,0.23,50.62,4.26,27.72,0.16,0.52,0,2.22,0.09,0,0.02,0.45,0,1
audio457.wav,4.21,37.9,0,0.02,0.03,30.32,1.15,0.06,70.96,91.7,12.22,1.38,0.1,0,0.14,0.03,0,100,0.1,0,1
audio458.wav,66.75,98.13,4.18,90.16,71.22,64.22,4.23,67.77,75.68,93.63,22.35,0,69.59,1.26,0.61,31.38,99.74,100,4.56,50.79,1
audio459.wav,97.16,95.1,9.05,98.37,0.21,75.93,20.81,94.63,17.94,89.59,19.09,12.21,24.15,0,6.86,19.18,72.12,100,0.12,0.01,1
audio46.wav,12.74,58.17,1.28,5.86,67.72,63.54,51.72,98.05,3.85,88.18,99.57,6.76,17.51,97.24,36.5,24.97,97.51,99.95,94.6,74.21,1
audio460.wav,0,0.66,0,0,0,1.84,0.37,0.28,0.92,2.54,0.38,0,0,0,0.02,0,0,99.99,1.14,0,1
audio461.wav,1.36,93.67,2.28,0.05,0.08,69.42,15.6,8.16,19.9,97.78,7.09,1.08,1.09,0,3.88,0.41,0,100,3.42,0.09,1
audio462.wav,17,98.83,6.57,18.84,0.1,84.23,21.84,51.09,34.47,45.84,98.4,4.25,0.31,0,1.32,0.92,0.02,100,2.7,0.03,1
audio463.wav,0.21,85.56,2.71,4.23,0.01,39.67,61.98,2.88,30.91,27.39,82.82,1.04,0.14,0,36,0.02,0,99.97,10.15,0,1
audio464.wav,0.03,11.63,0,0,0,11.86,2.63,0.01,8.8,18.49,5.52,1.46,0,0,0.17,0,0,99.96,0,0,1
audio465.wav,46.38,99.29,28.2,45.59,98.73,77.97,87.73,0.45,90.05,92.63,53.41,63.94,99.61,95.3,57.3,48.73,0.71,100,10.46,34.58,1
audio466.wav,0.17,95.94,1.02,14.34,0.01,78.81,51.2,83.67,23.48,99.15,57.55,2.47,0.07,0,69.61,21.52,0.16,100,69.06,1.23,1
audio467.wav,47.7,99.49,28.07,45.56,97.6,71.77,88.17,0.34,88.69,90.68,54.21,63.7,99.41,94.47,53.23,39.71,1,100,10.94,3.97,1
audio468.wav,0.11,98.94,100,3.16,0,68.96,99.17,66.74,11.87,84.62,97.16,1.12,0.01,0,98.77,0.59,0.17,100,100,0.2,1
audio469.wav,0,90.07,11.61,98.41,5.08,23.89,2.01,75.61,43.21,47.55,55.53,1.19,20.14,0,83.33,9.37,0.01,100,7.14,3.33,1
audio47.wav,0,0.02,0.03,21.26,0.01,0.49,77.23,85.94,0.31,57.89,20.16,24.97,0,2.21,8.32,8.53,0.06,100,29.12,8.75,1
audio470.wav,0,0.06,0,0,0,0.03,1.59,0.04,0.48,6.68,37.18,0.02,0,0,0.01,0.02,0,98.76,55.89,0.04,1
audio471.wav,0,0.9,0.12,0.04,0,0.4,3.26,0.37,0.08,3.95,6.4,0.6,0,0,1.82,0.01,0,95.06,0.75,0,1
audio472.wav,0,0,0,0,0,0.01,0.03,0,0.06,1.91,2.78,0,0,0.18,0,0,0,96.29,0,0,1
audio473.wav,78.65,82.02,1.66,22.34,0.7,13.55,2.79,71.01,47.57,94.61,10.75,1.54,25.56,0,39.98,76.62,96.23,100,0.91,0.17,1
audio474.wav,0,38.27,0.51,0.01,0,10.57,3.16,0.63,25.68,31.3,22.39,1.9,0.01,0,4.45,0,0,99.99,0,0,1
audio475.wav,2.43,95.92,4.79,19.04,0.96,94.19,7.55,72.24,69.75,90.08,14.38,3.12,6.56,0,3.18,2.02,0.63,100,5.04,0.01,1
audio476.wav,1.89,85.11,23.61,11.13,0.01,54.64,10.06,24.09,40.41,38.7,5.42,2.43,0.11,0,25.91,0.13,0,97.03,0.91,0.02,1
audio477.wav,0.1,63.88,35.14,4.19,0.16,39.07,11.47,28.17,2.67,76.96,10.93,1.92,0.09,0,5.7,1.05,0.13,100,6.9,0.52,1
audio478.wav,0,0.97,0.03,0.06,0,9.28,0.12,19.59,7.38,6.94,0.7,1.24,0,0,0.07,0,0,100,0.09,0,1
audio479.wav,91.94,76.61,11.79,23.07,28.7,72.15,5.63,63.1,56.51,89.19,21.09,3.14,97.64,0,17.99,1.38,98.42,100,0.2,9.44,1
audio48.wav,22.58,69.86,11.34,4.28,13.68,81.39,7.01,95.95,55.73,64.66,21.85,7.5,71.02,93.31,25.15,0.87,82.92,99.43,56.49,0,1
audio480.wav,9.99,99.56,95.47,1.16,0.1,77.41,37.85,4.83,56.39,23.98,99.96,2.48,26.86,0,50.28,0.36,8.56,100,100,0.04,1
audio481.wav,0,0.04,0.08,0,0,0.19,2.7,0.05,1.81,3.35,10.55,0.45,0,52.39,0.13,0,0,98.42,17.16,0,1
audio482.wav,44.94,16.64,43.2,54.99,0.29,48.66,55.52,38.21,46.8,57.86,69.17,78.03,28.69,0,67.71,3.81,0.01,100,99.99,0.02,1
audio483.wav,0.25,26.56,5.5,0,28.66,41.07,2.9,0.26,34.74,19.95,12.58,0.63,4.92,13.49,4.63,1.7,84.03,100,2.83,0.53,1
audio484.wav,0,0,0,0,0,0.12,0.04,0.06,0.14,1.58,2.87,0,0,0.03,0.02,0,0,57.23,0.13,0,1
audio485.wav,0,0.14,0.52,0,0,0.01,0.56,0.03,0.89,3.59,6.3,0.41,0,0,0.05,0,0,0.03,1.45,0,1
audio486.wav,1.4,99.77,49.08,3.49,0,86.33,5.74,66.36,9.03,49.28,23.66,8.43,0.09,0,15.36,0.93,0,100,4.84,0.06,1
audio487.wav,7.08,98.5,15.53,48.66,0.01,54.85,10,56.94,25.73,58.64,98.66,4.38,6.55,0,2.74,3.59,0,100,32.4,0,1
audio488.wav,3.13,85.36,1.49,87.23,0.01,54.22,3.98,93.68,35.28,33.07,28.01,22,0.63,0,2.21,1.05,0.27,100,75.98,0,1
audio489.wav,0,85.64,0.75,24.42,0,19.2,0.17,70.15,0.58,36.06,2.57,8.35,0,1.32,0.11,0.12,0,94.73,2.56,2.37,1
audio49.wav,0.29,0.1,0.53,22.95,0.61,20.23,36.66,84.32,45.53,7.96,85.7,9.49,2.03,26.21,1.89,5.75,81.56,99.99,3.79,0.16,1
audio490.wav,0.17,36.53,20.38,13.82,1.08,16.34,0.97,1.15,36.28,32.79,2.71,15.55,0.02,0.01,20.67,0.34,0,97.21,96.68,0.88,1
audio491.wav,0.07,68.76,3.45,0,46.74,89.33,5.52,43.52,17.38,80.06,11.9,29.76,93.17,0.02,7.83,17.17,99.85,100,3.3,0.04,1
audio492.wav,0.03,16.64,1.23,12.86,0,33.88,2.72,93.82,41.2,69.62,15.35,6.6,0.61,0,1.86,0.69,0,100,2.12,0.01,1
audio493.wav,0.92,76.26,12.33,99.97,0.5,73.84,4.06,96.86,33.04,85.47,11.46,32.28,4.09,0,6,42.53,90.21,100,0.01,0.03,1
audio494.wav,1.87,97.78,2.87,3.86,0,93.67,8.45,42.92,45.16,42.02,5.29,5.14,20.73,0,3.51,0.06,0.04,100,10.47,0.43,1
audio495.wav,0,0.41,4.91,0.06,0.04,7.35,17.5,1.59,27.62,3.69,18.82,1.42,0.32,7.63,12.28,1.02,2.13,100,5.52,15.1,1
audio496.wav,0,0.03,0.08,0,0,1.43,0.23,0.02,2.1,5.45,15.38,0.16,0,0,0.06,0,0,94.91,0.05,0,1
audio497.wav,0.55,71.87,99.99,95.26,0.04,5.1,80.53,99,48.6,96.78,99.75,6.19,4.85,0,94.91,8.6,1.02,100,100,1.62,1
audio498.wav,0,0,0.02,46.91,0,1.45,0.07,88.17,4.95,6.25,4.63,93.81,0,0,0.03,7.16,0,95.14,30.95,1.99,1
audio499.wav,0.11,96.73,51.39,96.64,0.01,29.46,11.02,93.83,35.34,50.66,55.99,9.92,0.56,0,5.07,1.14,0,99.88,99.02,0.02,1
audio5.wav,0.68,1.05,0.29,4.6,4.91,23.49,1.16,26.23,18.68,20.94,11.03,7.58,2.77,0.03,0.25,0.98,99.97,100,0.43,46.83,1
audio50.wav,0.01,90.44,0.58,4.09,0.04,0.45,40.75,93.25,1.6,85.92,49.18,2.07,2.15,0.04,20.22,24.64,3.34,100,1.06,32.13,1
audio500.wav,98.56,94.54,2.69,99.24,0.01,96.35,3.17,98.58,23.55,88.3,89.04,33.41,1.44,0,1.73,19.53,0.02,100,66.34,0.01,1
audio501.wav,1.14,98.46,29.92,1.27,1.33,84.26,21.49,31.14,38.64,98.75,98.74,1.09,1.97,0,34.17,0.57,1.75,100,100,0.01,1
audio502.wav,1.73,99.99,92,0.64,1.85,99.7,80.56,11.94,74.03,93.97,70,19.14,0.57,0,89.23,2.43,100,100,100,0.01,1
audio503.wav,40.16,65.37,1.38,0.04,46.4,97.82,39.75,32.39,82.81,97.16,81.87,1.97,1.66,0,2.88,1.29,97.09,100,99.03,0.2,1
audio504.wav,99.31,100,91.64,11.02,47.09,100,82.99,95.31,74.88,99.75,74.31,5.76,98.77,0.46,43.02,2.45,99.95,100,99.96,0,1
audio505.wav,97.48,99.66,99.32,20.1,34.28,99.76,95.94,13.91,78.04,98.87,99.44,1.99,89.96,0,65.99,0.6,97.18,100,100,0.04,1
audio506.wav,0.03,60.82,2.56,0.03,1.14,1.65,9.93,4.21,85.21,91.13,86.04,1.69,8.67,0,2.32,0.29,52.23,100,40.13,0.38,1
audio507.wav,5.71,98.51,99.99,2.65,4.86,99.87,91.18,90.82,91.36,98.4,91.41,4.75,49.28,0,97.65,2.49,95.63,100,100,0.11,1
audio508.wav,10.42,99.62,100,1.43,0.5,97.99,95.89,13.73,83.57,87.68,98.91,1.58,0.06,0,59.02,0.34,10.39,100,100,38.33,1
audio509.wav,96.27,99.99,18.44,0.05,95.11,99.99,22.45,3.38,94.71,96.18,22.01,1.65,94.5,0,72.17,0.14,60.74,100,26.13,0.01,1
audio51.wav,13.1,83.86,28.28,0.01,0.75,88.23,9.63,74.29,52.12,65.58,92.34,7.49,0.07,0.22,23.75,7.04,0,100,99.96,93.94,1
audio510.wav,93.72,99.97,99.86,0.17,34.78,99.97,54.85,3.71,88.27,90.49,99.99,3.16,68.51,0,67.08,0.03,0.12,100,100,0.01,1
audio511.wav,45.13,99.9,37.54,0.08,19.12,99.98,10.21,14.09,84,98.14,15.06,1.7,1.26,0,18.62,0.08,92.76,100,37.67,0.02,1
audio512.wav,81.91,99.91,3,34.23,5.24,99.96,6.06,3.44,55.18,78.73,25.91,3.99,0.28,0,8.6,0.16,0.05,100,99.93,0,1
audio513.wav,1.87,96.49,2.37,5.96,17.46,96.78,4.08,72.85,63.95,98.49,27.27,7.93,0.01,0,3.68,4.86,0.52,100,100,2.44,1
audio514.wav,99.99,100,17.75,0.88,21.92,100,51.28,2.84,83.85,94.47,82.78,3.94,98.65,0,6.02,1.06,99.95,100,4.37,0,1
audio515.wav,99.39,99.95,7.18,0.41,94.45,100,15.11,36.87,97.17,99.29,94.3,3.35,87.36,0,30.41,0.39,74.15,100,100,0.02,1
audio516.wav,99.35,99.97,28.71,0.3,47.01,99.77,72.27,12.78,68.61,99.25,66.46,3.87,80.24,0,86.17,0.09,99.96,100,100,0.05,1
audio517.wav,0.35,99.97,100,0.19,1.24,99.98,99.44,85.08,61.39,94.22,99.97,6.85,5.12,0,96.95,0.32,5.04,100,100,0,1
audio518.wav,9.58,99.97,99.93,3.07,7.08,99.23,25.85,1.1,77.07,99.15,94.35,3.43,0.57,0,58.65,0.16,95.74,100,100,0,1
audio519.wav,85.74,99.71,1.59,21.44,57.36,91.27,5.62,1.38,81.06,42.67,21.51,1.23,78.41,0,3.29,0,23.25,100,8.41,0,1
audio52.wav,25.77,97.91,82.31,54.16,0.08,99.45,10.15,85.58,39.04,31.93,79.4,5.41,22.02,40.11,77.88,57.73,99.88,100,98.96,0.08,1
audio520.wav,21.93,99.95,98.83,0.31,3.67,99.7,71.16,14.77,74.72,95.79,99.88,4.67,0.04,0,61.95,0.98,0,100,100,3.53,1
audio521.wav,69.74,99.44,99.56,39.14,20.12,99.9,63.54,9.89,96.67,70.5,99.86,3.39,0.08,0,97.89,4.49,98.99,100,99.97,0.06,1
audio522.wav,99.95,100,99.09,18.64,80.66,99.95,98.93,47.79,81.38,73.08,99.98,3.78,99.24,0,80.27,1.84,100,100,100,0,1
audio523.wav,99.32,99.81,31.16,97.51,10.91,100,41.78,95.18,83.48,52.65,99.03,3.51,89.98,0.63,83.72,3.72,100,100,100,0.75,1
audio524.wav,36.54,99.35,99.43,28.28,7.28,99.47,56.28,4.8,96.39,94.99,99.96,7.66,2.09,0,86.16,0.22,31.37,100,100,0,1
audio525.wav,12.88,99.96,54.68,13.38,0.17,42.42,85.3,49.25,61.41,94.82,98.22,4.92,0.8,0,96.69,3.86,97.7,100,75.12,0.01,1
audio526.wav,84.36,99.73,46.46,0.28,33.78,99.5,72.11,33.47,83.37,98.03,98.36,6.71,2.43,0,87.38,12.18,97.39,100,99.99,0.97,1
audio527.wav,40.81,99.98,78.76,20.7,7.97,99.97,41.69,4.93,95.16,99.07,99.89,8.16,2.76,0,13.6,48.3,89.43,100,100,32.7,1
audio528.wav,98.94,99.37,52.86,60.33,49.67,100,9.31,61.51,77.05,79.46,42.26,5.41,58.79,0.01,7.46,4.63,99.35,100,99.97,0,1
audio529.wav,99.11,100,29.8,0.24,93.74,99.9,70.57,18.3,91.18,98.43,88.93,2.08,99.66,0,55.74,0.68,99.23,100,99.19,0.25,1
audio53.wav,47.33,36.57,89.81,0.9,0.42,80.71,92.14,93.64,36.8,85.29,99.65,15.45,7,0.17,68.06,20.67,97.74,100,100,98.75,1
audio530.wav,89.49,99.98,32.02,26.07,45.55,99.96,4.87,29.05,74.71,51.27,7.97,3.44,15.4,0,1.6,0.55,31.97,100,9.12,0.01,1
audio531.wav,90.57,99.94,13.58,70.76,7.86,99.97,12.33,35.99,94.66,99.72,87.79,9.23,53.05,0,39.49,2.09,99.71,100,99.99,0.15,1
audio532.wav,74.35,99.67,89.07,44.29,0.5,99.98,8.08,31.12,78.87,24.51,62.1,4.76,1.19,0.01,0.84,4.76,0.03,100,62.5,0,1
audio533.wav,53.23,99.96,99.92,0.94,1.2,95.61,55.03,12.55,68.87,90.71,99.84,7.6,0.26,0,94.18,1.03,6.15,100,100,0,1
audio534.wav,21.16,99.16,78.8,1.15,43.52,99.99,61.96,90.48,88.49,91.06,98.21,1.4,1.91,5.67,85.85,2.37,90.27,100,100,34.95,1
audio535.wav,99.97,100,100,56.25,13.26,100,99.82,96.6,81.48,99.8,99.62,18.27,95.02,0,71.13,2.12,100,100,100,0,1
audio536.wav,11.26,99.9,25.08,0.34,0.15,92.37,45,0.1,51.73,85.3,77.17,1.21,0.02,0,91.87,0.04,0,99.99,99.66,0,1
audio537.wav,34.05,99.97,99.98,0.12,4.82,99.84,93.61,5.42,83.42,99.07,99.62,0.71,0.12,0,61.94,1.72,99.97,100,100,0.82,1
audio538.wav,97.49,99.25,98.34,20.64,96.67,99.99,16.87,18.25,96.48,95.81,64.55,0.58,98.15,0,14.92,0.22,44.37,100,98.79,0,1
audio539.wav,99.94,99.73,32.6,30.7,92.99,99.99,2.62,3.27,91.39,76.42,49.05,3.81,87.51,0,2.14,2,84.63,99.6,0.55,0.01,1
audio54.wav,99.19,85.26,40.84,23.25,1.6,44.53,54.79,98.58,20.21,55.53,58.09,28.28,37.51,27.98,19.94,42.35,99.85,100,93.46,0.32,1
audio540.wav,19.34,99.99,9.83,8.58,4.16,100,30.74,5.82,24.54,99.77,61.26,11.73,0.44,0,9.24,0.28,4.28,100,99.99,0.12,1
audio541.wav,95.98,99.99,21.44,64.66,3.63,99.48,80.55,56.7,76.93,99.65,98.28,8.06,0.01,0,12.47,2.96,99.99,100,14.03,0,1
audio542.wav,0.01,97.43,15.76,0,1.72,42.5,19.56,1.03,44.38,59.6,14.21,0.91,0.11,0.01,25.18,0,0.41,100,15.59,0.18,1
audio543.wav,33.4,99.92,1.3,0.7,4.04,99.13,0.5,64.87,84.59,67.31,65.51,6.59,42.68,0,12.86,6,10.42,100,12.53,0.08,1
audio544.wav,95.75,100,99.99,0.33,3.47,99.99,98.91,20.95,69.39,99.34,99.21,3.13,94.03,0,21.93,0.48,94.17,100,99.97,0,1
audio545.wav,6.82,44.37,7.11,0.03,0.28,8.99,1.42,4.45,84.91,8.19,13.15,0.89,0.57,0,22.42,0.01,0,98.79,2.24,0,1
audio546.wav,79.29,99.98,100,22.92,13.95,99.93,72.51,7.84,95.15,99.15,99.93,11.17,1.62,0,22.89,2.22,97.29,100,100,1.2,1
audio547.wav,59.42,99.95,56.86,0.18,14.49,99.2,33.72,7.2,82.34,27.02,51.61,1.55,3.84,0,29.29,0.29,0.36,100,74.91,0.03,1
audio548.wav,99.96,100,100,94.76,19.37,100,99.57,93.74,81.69,99.8,99.29,44.74,80.37,0.15,94.19,0.68,100,100,100,0,1
audio549.wav,30.93,98.72,65.25,26.82,0.31,99.49,75.35,37.25,36.93,97.54,97.78,2.51,0.07,0,89.47,0.23,60.04,100,100,0.03,1
audio55.wav,93.36,97.43,41.01,39.3,11.67,96.85,79.3,98.05,80.05,53.06,97.93,7.01,98.56,37.99,43.88,19.25,99.98,99.98,99.69,0.59,1
audio550.wav,48.35,99.44,1.23,20.42,0.68,92.42,37.13,1.97,59.42,90.43,48.49,3.66,2.04,0,18.07,0.22,0.21,100,100,0,1
audio551.wav,78.87,99.05,9.04,0.86,0.17,99.91,18.74,0.08,31.25,81.12,58.98,5.04,0.06,0,3.44,0.15,0.01,99.54,97.3,0,1
audio552.wav,14.45,99.48,6.17,1.48,0.59,100,7.44,26.24,66.58,50.13,42.59,1.07,48.9,0,2.56,2.52,99.98,100,98.19,0,1
audio553.wav,99.16,99.59,2.93,16.8,11.05,100,17.01,60.7,86.9,95.1,15.04,3.79,54.46,0.11,4.05,6.07,97.98,100,93.38,0.02,1
audio554.wav,99.13,96.94,4.9,95.83,1.24,99.81,1.06,18.86,34.48,64.7,52.36,2.48,4.66,0,2.34,17.1,98.96,100,15.22,0.13,1
audio555.wav,90.77,98.92,5.26,56.38,0.05,96.57,7.27,71.46,33.97,52.35,93.71,4.55,21.09,0,4.55,0.53,0.01,100,32.39,0,1
audio556.wav,13,81.29,50.46,0.01,0.04,44.7,5.39,0.72,11.31,94.47,33.82,2.14,0.9,0,16.88,4.71,0,100,19.63,0.01,1
audio557.wav,96.89,99.55,11.93,0.06,0.11,92.01,7.99,0.04,30.07,37.93,39.45,7.08,1.85,0,1.17,1.3,0,0.88,16.63,0.02,1
audio558.wav,47.36,94.09,29.66,13.55,0.27,98,26.71,48.46,35.15,86.02,99.61,11.09,1.01,0,37.99,2.2,0.4,100,95.21,0.01,1
audio559.wav,35.34,99.31,4.97,1.53,0.12,99.5,21.19,20.04,79.38,37.54,23.94,7.12,86.35,0.01,9.58,7.37,0,100,10.64,0.4,1
audio56.wav,5.18,2.53,54.18,94,1.88,4.84,22.67,36.48,11.79,14.1,22.47,3.48,11.05,0,10.43,60.55,26.89,100,34.91,0.7,1
audio560.wav,70.38,91.27,7.08,54.43,0.04,99.91,2.69,95.07,15.71,29.26,67.05,17.13,5.6,0,15.24,4.04,0.1,100,20.85,0.32,1
audio561.wav,21.09,96.11,9.95,2.18,0.27,99.88,8.36,44.66,45.47,52.55,29.57,9.81,18.39,0,4.66,4.19,14.88,100,52.94,0.4,1
audio562.wav,19.16,98.42,39.5,59.8,0.04,99.54,11.8,88.21,31.55,55.74,57.43,8.72,6.78,0,2.48,1.15,0.57,100,56.67,0.01,1
audio563.wav,63.02,20.01,1.35,49.75,0.06,50.14,1.3,27.39,17.63,7.43,94.87,4.61,0.77,0,0.24,2.92,0,99.98,2.77,0.15,1
audio564.wav,63.02,20.01,1.35,49.75,0.06,50.14,1.3,27.39,17.63,7.43,94.87,4.61,0.77,0,0.24,2.92,0,99.98,2.77,0.15,1
audio565.wav,79.44,97.15,1.48,30.83,0.13,97.54,32.65,80.44,40.36,58.95,98.14,7.79,3.27,0,33.15,2.33,0.18,100,100,0.34,1
audio566.wav,63.54,99.86,13.71,3.79,0.35,99.42,15,53.26,25.79,96.74,92.02,5.14,0.36,0,4.91,6.28,0,100,61.32,0.01,1
audio567.wav,88.91,97.61,27.74,15.68,0.27,99.5,77.35,41.06,19.23,96.38,97.28,2.83,4.82,0,60.65,0.6,84.65,100,95.69,0.01,1
audio568.wav,4.82,98.84,63.03,57.2,0.02,99.74,95.66,94.27,25.72,99.66,99.86,17.01,0.02,0,13.97,18.14,0,100,100,2.99,1
audio569.wav,70.01,96.24,84.4,75.11,0.12,99.47,53.49,18.15,28.19,99.47,99.18,18.9,0.11,0,85.77,2.94,0.87,100,100,0,1
audio57.wav,5.2,98.74,3.48,27.71,29.2,91.09,21.68,87.5,17.23,99.67,16.05,7.6,8.17,0.13,10.48,78.75,99.94,100,33.61,1.64,1
audio570.wav,4.04,85.98,11.14,0.94,0.03,99.83,1.47,0.95,25.99,97.51,32.13,6.02,2.32,0,2.1,1.56,0,100,49.42,0.35,1
audio571.wav,48.19,87.33,11.89,9.05,0.31,99.93,6.98,88.65,47.23,98.35,90.94,2.53,0.26,0,3.95,0.64,0.79,100,40.08,0.16,1
audio572.wav,9.23,99.29,10.42,30.47,0.18,99.19,8.19,33.07,28.47,76.74,20.03,4,0.83,0,2.34,0.88,0,100,0.63,0,1
audio573.wav,8.73,97.64,5.43,6.9,0.51,99.42,26.26,2.36,42.05,88.95,90.08,4.83,2.48,0,4.67,0.57,0.01,100,98.54,0.13,1
audio574.wav,3.39,92.44,8.97,6.75,0.01,98.33,3.66,45.71,13.37,23.92,46.96,1.57,0.48,0,0.76,1.52,0,0.52,54.2,0.04,1
audio575.wav,12.43,29.74,3.65,1.72,0.18,86.04,1.89,55.13,50.2,30.43,4.3,3.4,3.63,0,2.75,0.26,0,100,33,0.01,1
audio576.wav,5.7,99.97,0.81,85.96,0.04,46.79,3.54,88.02,53.5,99.85,97.47,11.26,0.2,0,4.09,6.48,0.6,100,94.57,0.06,1
audio577.wav,90.96,99.59,24.48,94.62,0.11,99.6,11.46,25.94,71.4,98.36,12.82,9.31,98.04,0,43.8,2.05,0,100,12.44,0,1
audio578.wav,17,99.93,59.36,78.6,0.02,99.81,53.3,95.38,49.14,42.84,68.25,7.62,0.1,0,20.65,0.6,0.08,100,88.9,0,1
audio579.wav,99.84,93.15,5.31,52.87,0.14,99.39,12.65,88.9,58.22,9.56,36.01,26.6,10.89,0,40.43,0.32,0.06,100,34.9,0,1
audio58.wav,81.36,99.93,98.92,6.97,14.3,98.39,78.83,30.58,84.63,85.27,47.15,0.96,21.6,0,96.38,0.38,8.83,100,88.86,0.02,1
audio580.wav,99.61,95.93,92.68,23.55,0.37,94.85,68.34,56.5,43.48,88.23,92.47,8.43,41.99,0,86.57,3.15,9.06,100,99.99,0.01,1
audio581.wav,6.13,99.4,4.04,90.68,0,92.35,6.88,9.18,40.9,99.88,75.01,8.64,2.35,0,36.03,0.02,89.1,100,96.46,0.02,1
audio582.wav,56.77,89.87,0.68,75.55,0.05,95.41,3.82,95.9,70,13.81,41.44,9.26,0.26,0,7.66,0.4,0.58,100,3.98,0,1
audio583.wav,94.8,99.97,93.5,89.22,2.74,99.99,98.26,62.98,68.46,89.49,99.62,6.24,91.37,0.01,9.56,0.73,90.92,100,100,0.01,1
audio584.wav,27.32,88.04,99.8,7.29,0,92.78,37.24,8.63,37.03,84.67,87.21,7.02,0.03,0,97.75,0.32,0,100,100,0,1
audio585.wav,47.02,96.57,99.97,19.62,0.01,50.62,98.45,0.23,38.23,70.23,99.97,4.18,0.16,0,97.35,0.07,0.36,100,100,0,1
audio586.wav,88.36,99.63,1.03,97.71,0.24,99.83,31.28,74.55,62.57,81.54,43.58,5.24,1.68,0,1.99,3.26,0,100,50.78,0.01,1
audio587.wav,81.62,89.11,3.62,0.94,0.79,93.45,9.17,79.35,63.19,63.92,33.18,3.47,43.38,0,47,4.45,0,100,1.96,2.62,1
audio588.wav,9.78,99.8,28.22,14.35,0.01,98.93,24.8,74.04,38.56,83.13,62.43,5.88,0,0,2.43,1.55,0,100,41.14,0,1
audio589.wav,97.48,96.86,28.12,21.04,0.09,99.04,14.47,53.99,50.09,53.29,33.77,6.15,3.48,0,39.1,0.04,1.8,100,43.67,0,1
audio59.wav,1.77,88.62,69.44,20.16,0.53,57.35,75.71,44.79,15.69,84.84,55.79,8.33,15.24,0.01,3.48,1.32,99.73,100,100,99.81,1
audio590.wav,79.54,99.95,27.81,45.14,0.52,99.98,51.93,98.25,47.8,93.41,50.77,4.56,58.75,0,46.78,5.55,0,100,98.28,0.02,1
audio591.wav,43.58,98.55,5.06,61.4,0.03,99.44,9.34,42.95,32.98,96.49,57.8,7.24,0.62,0,2.89,6.87,7.25,100,5.64,0.04,1
audio592.wav,99.12,98.77,63.81,57.75,0.21,98.34,71,65.81,69.72,87.64,91.38,14.47,6.77,0,43.7,0.71,0.01,100,99.84,0,1
audio593.wav,4.2,90.58,23.04,35.38,0,72,5.71,14.21,35.75,60,97.93,2.45,0.04,0,20.82,0.13,0.01,100,28.42,0.01,1
audio594.wav,4.74,98.86,16.46,0.56,0.11,99.76,40.71,76.81,35.99,98.85,21.31,1.65,4.14,0,0.93,0.19,18.71,100,30.76,16.21,1
audio595.wav,64.4,99.48,55.43,0.62,0.03,99.72,21.28,83.46,51.19,33.02,99,16.48,70.03,0,47.24,0.29,0,100,63.8,0.07,1
audio596.wav,97.73,99.46,1.16,52.13,0.14,99.19,13.28,52.52,57.96,79.44,39.82,18.75,36.53,0,25.38,0.24,0.75,100,95.57,0.06,1
audio597.wav,98.41,35.39,0.23,19.35,0.01,16.85,12.93,65.46,72.75,46.44,24.82,2.92,2.97,0,0.03,0.1,0,100,2.1,0,1
audio598.wav,68.83,98.46,65.68,99.33,0.06,99.16,16.12,96.73,49.52,15.73,74.21,17.48,1.29,0,28.2,7.25,0,100,78.61,0,1
audio599.wav,77.1,99.72,25.11,97.71,0.06,99.63,9.31,79.59,82.37,92.22,24.21,13.4,4.59,0.02,17.69,9.84,0.02,100,31.3,0.01,1
audio6.wav,0.09,9.35,4.04,0.91,0.08,7.85,67.09,1.59,13.68,49.15,92.69,7.01,0.83,0,22.8,0.99,1.15,100,100,4.65,1
audio60.wav,3.99,53.87,0.17,0.17,0.05,38.56,4.46,18.34,15.57,40.47,6.67,1.13,12.85,1,1.06,0.73,0.83,100,10.42,28.74,1
audio600.wav,24.35,99.04,9.84,8.04,0.06,99.18,3.29,18.89,57.44,96.54,15.04,5.2,0.55,0,2.46,1.73,0,100,7.49,0.2,1
audio61.wav,17.5,93.13,19.44,49.7,0.09,79.02,20.96,61.21,62.97,83.64,68.87,1.41,22.62,70.57,20.14,2.98,99.74,100,94.39,88.74,1
audio62.wav,0.1,48.58,11.51,2.53,0.02,26.64,5.78,11.41,0.17,37.14,55.65,1.99,0.07,0.01,6.39,1.17,3.82,99.99,4.93,0.05,1
audio63.wav,0.88,9.25,0.02,39.18,0.54,29.1,0.51,34.84,62.36,19.82,7.2,1.32,0.08,0.02,0.13,6.03,0.01,99.91,0.11,0,1
audio64.wav,0,0.01,0,0,0,0,0.67,0.14,0.47,2.86,1.7,0.42,0,0,0,0.03,0,6.62,0.06,0,1
audio65.wav,68.4,99.46,88.26,7.71,7.37,32.96,82.52,1.03,13.34,96.59,47.53,12.9,33.18,6.38,44.33,31.45,98.51,100,98.71,0,1
audio66.wav,0.07,4.79,6.22,0.42,0.08,8.15,49.14,44.1,17.88,79.28,33.04,3.21,2.4,3.39,25.45,1.83,0,100,48.92,91.15,1
audio67.wav,0.28,99.8,18.73,0.32,0.89,92.32,70.5,59.3,34.93,65.42,99.68,0.52,57.46,6.14,24.36,80.79,99.9,100,100,91.71,1
audio68.wav,40.81,99.98,46.99,0.54,0.09,93.14,31.25,88.73,79.85,81.2,13.33,1.71,56.15,0.1,24.71,18.03,1.25,100,80.41,0.22,1
audio69.wav,0.22,97.93,2.73,1.71,0.03,97.73,6.16,97.73,42.32,11.37,53.19,5.27,0.43,3.65,0.65,15.76,5.15,100,20.41,0,1
audio7.wav,0.17,50.3,2.91,0.22,0.18,16.07,2.59,3.2,53.36,51.75,50.51,0.75,82.5,0,0.99,0.05,3.01,100,1.53,0.89,1
audio70.wav,0.01,10.68,0.19,0,0,2.66,27.12,1.11,16.34,15.64,15.37,0.27,0.01,0.08,1.35,0,0,94.41,5.09,0.01,1
audio71.wav,90.8,99.4,99.95,11.97,0.6,98.94,91.45,84.29,65.92,81.78,99.99,5.23,19.04,0,95.24,10.47,100,100,99.51,84.49,1
audio72.wav,1.2,99.91,14.81,44.75,0.27,99.53,13.2,89.91,77.11,99.66,99.77,5.79,1.73,1.46,41.25,15.98,38.36,100,61.72,0.1,1
audio73.wav,0.13,67.37,1.29,5.29,0.96,65.57,1.63,88.72,6.2,11.91,10.43,5.16,0.63,0.1,3.58,18.17,0.63,100,1.31,3.88,1
audio74.wav,0.18,97.62,39.07,1.12,0.38,99.36,0.53,26.97,11.59,27.44,39.53,2.77,0.37,6.3,12.28,1.57,0,99.93,2.43,3.94,1
audio75.wav,44.34,99.75,24.83,87.75,0.48,97.12,21.52,99.85,36.88,64.52,99.93,8.01,4.46,36.01,83.06,36.71,4.25,100,83.07,0,1
audio76.wav,99.22,97.92,33.97,97.91,2.19,95.5,5.8,99.9,56.44,61.23,76.92,35.43,69.81,20.1,30.31,97.98,17.91,100,35.98,0,1
audio77.wav,31.08,96.99,2.25,15.11,8.07,97.89,11.59,98.05,54.38,83.28,96.91,71.8,60.69,96.28,34.2,87.86,10.19,100,99.39,1.85,1
audio78.wav,36.84,94.23,40.96,0.44,0.47,97.24,72.05,88.24,23.95,83.49,99.67,5.65,4.53,3.3,61.86,9.63,0,100,99.98,13.88,1
audio79.wav,21.56,5.63,3.88,3.73,0.02,31.32,4.39,40.28,9.91,49.31,10.93,2.62,22.97,0.01,8.98,0.82,0,100,3.43,33.46,1
audio8.wav,2.16,24.91,13.13,4.01,5.8,28.66,34.61,46.05,29.09,86.59,98.32,9.91,52.93,0,90.04,2.08,0.7,100,24.87,21.82,1
audio80.wav,8.11,12.46,1.73,6.42,1.55,0.26,3.9,52.7,38.84,29.34,5.86,5.63,29.98,0.01,0.81,4.38,0,98.09,2.33,3.96,1
audio81.wav,11.67,100,65.03,7.34,26.81,99.99,49.81,84.02,85.65,91.72,64.13,1.67,25.09,93.61,63.33,63.13,91.66,100,95.56,2.29,1
audio82.wav,1.18,97.95,25.96,0.37,0.6,55.44,16.26,53.77,20.1,18.69,70.98,3.34,1.74,5.62,0.85,3.87,0,88.89,24.65,0.06,1
audio83.wav,4.39,6.64,0.28,0.6,0.05,28.75,3.02,2.15,78.68,15.22,9.74,1.14,0.15,0.01,0.24,1.13,0,96.4,0.37,0.04,1
audio84.wav,0.88,7.67,2.41,8.04,1.67,9.2,1.89,8.07,4.41,84.5,4.78,4.41,0.98,0.01,4.64,7.08,46.92,100,0.13,3.87,1
audio85.wav,68.32,99.68,1.92,13.43,0.17,26.46,85.29,3.89,19.07,92.69,68.57,1.74,9.6,0,17.28,11.13,0.42,100,2.44,47.53,1
audio86.wav,13.41,36.8,46.57,13.61,0.8,5.14,41.93,90.44,62.14,4.76,58.85,7.39,2.27,7.24,25.51,19.91,57.08,100,96.34,7.93,1
audio87.wav,98.82,99.94,99.32,99.63,0.18,84.48,37.1,99.8,31.85,98.59,98.43,7.34,26.78,30.92,87.76,71.34,99.99,100,99.93,32.34,1
audio88.wav,0.78,96.88,10.87,2.74,1.23,92.09,6.64,96.08,3.49,10.29,11.23,2.3,19.09,18.26,5.12,42.65,6.92,100,76.59,4.39,1
audio89.wav,0.04,3.69,0.31,0.88,0,2.6,0.46,54.89,8.48,12.19,33.57,0.83,0.01,0,0.1,0.77,0,99.97,18.5,0.01,1
audio9.wav,0,0.81,0.25,62.49,0,0.27,58.2,58.76,0.91,4.33,16.02,0.25,0,0.48,3.15,1.48,1.83,100,5.04,74.2,1
audio90.wav,8.06,18.73,0.01,0.93,0.2,2.72,3.8,24.77,18.5,74.82,3.6,3.01,0.15,0,0.35,4.22,0.03,100,14.74,2.03,1
audio91.wav,0.09,6.03,0.13,0.42,0.06,5.97,22.85,22.8,7.34,24.23,13.12,1.77,0.01,0.24,0.04,1.36,0,97.65,19.74,0,1
audio92.wav,1.42,95.65,2.64,0.65,4.37,96.04,10.27,35.23,15.56,90.45,32.54,9.63,0.09,0.03,75.24,6.27,78.58,100,59.32,99.26,1
audio93.wav,0.01,99.97,11.18,9.14,0.05,49.57,9.39,61.02,8.34,91.28,99.62,1.41,0.02,0.9,83.81,0.31,0,93.63,99.89,99.9,1
audio94.wav,0.03,0.72,6.52,10.87,0,3.04,36.3,3.43,2.9,22.73,36.77,4.18,0,0.02,54.21,0.43,0,100,100,37.15,1
audio95.wav,47.97,89.22,99.62,0.31,2.03,92.23,95.02,78.42,46.79,88.18,99.98,10.63,8.63,63.24,94.71,38.94,15.51,100,100,6.55,1
audio96.wav,99.93,66.59,8.53,72.4,15.03,86.81,10.31,64.24,61.81,98.92,83.72,19.31,88.51,39.32,29.16,73.65,100,100,2.79,0,1
audio97.wav,91.59,56.77,2.08,46.99,7.01,69.36,16.56,91.33,11.84,95.71,99.44,64.33,38.02,22.04,38.49,85.28,95.35,100,100,6.54,1
audio98.wav,0.23,14.12,35.27,3.35,0.07,2.57,11.61,57.33,14.85,29.51,44.51,2.69,0.71,0.03,1.42,0.08,0,100,92.02,65,1
audio99.wav,1.82,97.75,81.57,41.08,7.32,99.66,53.51,71.9,82.26,97.57,99.61,6.47,1.99,68.56,94.79,81.64,98.87,100,100,0.22,1
1.wav,46.44,62.86,5.8,3.27,0.65,85.75,9.14,0.68,26.3,66.62,45.72,3.89,2.19,0.01,4.41,0.97,0.45,98.58,12.68,0.01,0
10.wav,0,3.68,0.03,0.01,0,35.68,9.54,0.08,0.8,7.6,7.6,31.87,0,0.03,0.43,0.05,0,3.01,0.11,0.13,0
100.wav,0.14,31.64,83.38,0,0,0.76,11.19,0,33.13,10.4,99.11,0.19,0.02,0,69.12,0.01,0,78.09,99.17,0,0
101.wav,53.55,93.9,0.12,0.08,0.27,91.53,17.53,0.21,75.59,86.68,89.61,3.23,53.09,0,2.41,2.56,0,100,13.96,0,0
102.wav,0.01,7.12,26.24,0.01,0,0.24,2.44,0.01,17.77,4.65,99.27,0.39,0,0,25.92,0.01,0,0.71,98.62,0,0
103.wav,0,24.5,48.18,0.81,0,0.13,15.05,0.02,2.86,10.01,99.56,0.83,0,0,41.16,0,0,0.03,90.09,0,0
104.wav,0.09,90.34,0.97,0.05,0,5.16,21.88,0.05,21.55,52.8,89.77,1.1,0,0,0.75,0.02,0,11.25,14.14,0,0
105.wav,0.01,1.44,99.07,0,0,0.17,54.79,0,11.06,3.59,87.85,0.23,0.01,0,24.83,0,0,0.03,94.7,0,0
106.wav,0.01,4.86,76.73,0.09,0,0.02,44.69,0.02,18.2,11.07,87.13,0.92,0,0,8.4,0.01,0,0.02,61.67,0,0
107.wav,0.07,21.41,36.46,0.05,0,0.34,25.65,0.01,17.73,13.67,94.55,0.15,0.02,0,5.58,0.01,0,0.12,92.44,0,0
108.wav,0.64,2.79,11.28,0.01,0,0.2,0.32,0.05,6.45,18.24,10.53,0.27,0.01,0,0.56,0,0,95.75,0.02,0,0
109.wav,0.07,5.4,1.41,0.05,0,0.45,1.49,0,18.84,16.42,9.83,0.81,0,0,0.06,0,0,99.84,3.46,0,0
11.wav,11.78,99.44,16.98,0.19,0.11,4.03,85.39,0.06,29.85,94.05,97.83,12.36,7.53,0,4.04,0.23,0.13,93.22,95.2,0,0
110.wav,0.22,34.69,1.13,0,0.01,1.78,4.45,0.17,11.88,7.76,43.08,0.61,0,0,0.26,0,0,7.88,38,0,0
111.wav,0.1,55.96,10.11,0,0,0.85,1.24,0.01,5.75,46.18,47.21,0.6,0,0,0.22,0,0,99.74,6.24,0,0
112.wav,0.13,0.34,3.03,0,0,0.11,7.32,0,29.04,2.85,28.55,1.86,0.14,0,0.23,0.34,0,98.8,4.17,0,0
113.wav,0.02,31.45,82.71,0.02,0.01,20.46,40.34,0.4,34.24,39.72,96.96,2.82,0,0,11.73,0.86,0,99.88,36.2,0,0
114.wav,0.34,23.7,77.14,0.02,0,0.05,38.23,0.01,23.15,28.44,91.54,0.36,0,0,4.19,0,0,7.22,61.11,0,0
115.wav,0.02,2.23,4.46,0,0,0.1,4.05,0,7.03,3.04,66.01,0.84,0,0,0.56,0,0,33.19,94.79,0,0
116.wav,0.3,12.54,50.77,0,0,5.95,13.82,0,14.81,28.82,98.2,0.14,0,0,17.35,0,0,0.96,99.74,0,0
117.wav,0.53,4.07,89.51,0.04,0,1,30.04,0.18,22.96,8.84,99.01,0.56,0,0,94.32,0,0,9.65,96.53,0,0
118.wav,0.15,52.23,95.1,0,0,14.62,81.41,0,13.82,10.58,97.93,0.2,0,0,9.44,0,0,1.56,94.12,0,0
119.wav,0.33,51.85,1.29,0,0,0.77,2.84,0.02,28.03,14.97,66.63,0.48,0.01,0,0.24,0,0,52.29,17.31,0,0
12.wav,98.84,96.78,0.38,2.78,14.49,93.41,16.1,2.5,96.06,80.6,30.63,4.91,58.78,0,0.22,1.91,80.61,100,27,0.02,0
120.wav,2.58,33,54.59,0,0.01,0.72,12.49,0,56.58,22.03,97.1,0.15,0.02,0,20.85,0,0.03,99.99,99.29,0,0
121.wav,0.38,33.86,1.05,0,0,0.28,3.38,0,31.51,18.39,6.72,0.32,0.02,0,5.06,0,0,73.52,0.97,0,0
122.wav,0.69,37.14,59.54,0,0.01,1.05,56.87,0,18.8,8.87,97.33,0.25,0,0,29.08,0,0.03,3.38,98.85,0,0
123.wav,0.15,22.39,26.98,0,0,1.9,27.12,0.5,16.14,21.95,87.81,0.49,0,0,63.68,0,0,99.84,77.08,0,0
124.wav,8.87,97.04,49.85,2.89,1.8,48.8,9.89,0.08,5.09,53.67,2.94,22.06,9.78,99.93,1.49,0.31,0,99.37,5.1,1.29,0
125.wav,3.21,86.66,0.92,0,0.01,10.44,8.11,0.02,43.41,16.06,87.49,0.23,0.03,0,0.75,0,0,22.94,31.84,0,0
126.wav,0.67,62.73,1.12,0,0,1.16,6.55,0.03,24.23,4.24,31.44,0.5,0,0,1.27,0,0,61.27,80.96,0,0
127.wav,0.96,82.18,55.7,0,0,2.52,45.92,0.01,48.95,9.3,92.87,0.54,0.01,0,29.92,0,0.04,18.83,91.53,0,0
128.wav,7.72,33.14,85.38,0,0.05,0.28,7.83,0,70.18,18.53,45.29,0.1,0.04,0,19.15,0,2.35,33.93,74.63,0,0
129.wav,0.22,29.07,45.51,0,0,0.66,13.02,0.01,20.89,15.57,94.78,0.28,0,0,12.94,0,0,98.6,99.22,0,0
13.wav,7.15,47.5,53.21,0.27,0.19,85.45,23.4,2.51,60.65,89.52,88.75,8.17,1.58,0,29.13,0.3,0.01,99.98,8.88,0,0
130.wav,0.04,52.69,49.45,0,0,2.27,77.3,0.03,10.49,8.47,76.57,0.22,0,0,47.71,0,0,30.31,88.68,0,0
131.wav,0.04,5.98,1.69,0,0,0.58,10.54,0.06,6.27,0.41,33.45,0.76,0,0,6.29,0,0,91.1,87.56,0,0
132.wav,0,7.19,0.46,0,0,0.03,6.15,0.02,13.4,5.11,21.91,0.15,0,0,0.81,0,0,91.63,0.14,0,0
133.wav,0.15,60.54,1.54,0,0,0.97,15.81,0,28.15,27.9,31.24,0.69,0.04,0,0.37,0,0,28.03,75.6,0,0
134.wav,0.1,0.82,48.77,0,0,0.48,42.58,0,4.88,20.87,95.32,0.18,0,0,20.68,0,0,32.73,39.96,0,0
135.wav,26.54,99.83,46.11,32.07,0.04,99.81,36.86,2.92,88.32,87.24,99.82,0.84,67.5,0,4.07,0.87,0,100,7.51,0,0
136.wav,0,0.46,0.04,0,0,0.27,23.38,0,0.64,3.44,15.94,0.15,0,0,0.27,0,0,8.28,0.02,0,0
137.wav,0,1.6,7.41,0,0,0,3.7,0,0.11,0.47,23.08,0.08,0,0,0.57,0,0,8.86,1.43,0,0
138.wav,0.02,57.56,26.18,0,0,4.19,17.54,0.02,25.1,17.82,86.84,0.85,0,0,49.1,0,0,94.55,48.8,0,0
139.wav,2.81,55.1,34.07,0,0.01,1.11,10.34,0.28,34.73,8.83,22.9,0.18,0.03,0,6.52,0,0,5.82,8.49,0,0
14.wav,0.18,99.39,2.65,0.01,0.03,24.97,4.23,0,15.01,12.33,70.12,0.46,1.1,0,1.5,0.56,0,99.97,3.33,0,0
140.wav,3.27,45.22,0.23,0,0,9.33,35.33,0.02,18.6,27.02,14.28,0.89,0.04,0,3.02,0,0,19.11,8.15,0,0
141.wav,0.02,5.86,72.94,0.63,0,1.57,89.52,0.81,11.74,9.81,97.23,3.47,0,0,61.05,0.01,0,3.14,99.15,0,0
142.wav,0.22,15.93,54.69,0.13,0,0.03,84.99,0.04,31.97,17.28,90.61,1.78,0,0,4.37,0,0,0,80.14,0,0
143.wav,0.02,64.53,24.27,0.31,0,5.34,24.87,2.51,9.57,22.26,96.19,4.25,0.02,0,19.59,0.01,0,7.88,23.96,0,0
144.wav,0,0.27,95.74,5.87,0,0.1,36.13,0.06,5.6,1.43,95.97,2.46,0,0,6.1,0,0,0,95.61,0,0
145.wav,0.11,1.38,9.83,0.98,0,0.66,16.48,1.62,5.41,11.82,93.54,2.64,0,0,4.65,0.01,0,2.78,17.24,0,0
146.wav,47.63,98.22,0.03,93.76,0.06,99.75,0.56,59.72,84.95,18.96,86.78,3.8,3.84,71.98,3.92,18.69,0,99.93,9.39,0,0
147.wav,0.02,41.46,97.5,0.18,0,0.02,74.59,0.09,4.89,20.18,89.06,0.82,0.06,0,51.27,0,0,8.11,98.46,0,0
148.wav,0.02,77.79,86.3,0.35,0,0.8,82.96,0.51,18.63,17.48,99.31,1.52,0.1,0,76.7,0.03,0,1.21,99.96,0,0
149.wav,0.16,2.13,49.2,0.03,0,0.09,23.44,0.63,8.67,3.2,79.59,1.37,0,0,24.22,0,0,33.66,22.59,0,0
15.wav,0.01,2.16,0.45,0.02,0.04,0.15,25.05,0.36,9.7,27.83,70.78,2.24,0,0,1,0.36,0,0.44,12.82,0.16,0
150.wav,0.02,1.52,26.4,0.01,0,0,1.96,0.04,12.52,43.44,42.24,0.8,0,0,37.61,0,0,10.05,48.79,0,0
151.wav,0.04,6.62,73.66,0.73,0,0.09,82.47,1.16,8.62,16.13,93,1.06,0,0,17.64,0.02,0,0.42,98.08,0,0
152.wav,0,22.92,1.94,0,0,0.2,43.42,0.11,3.29,4.17,7.11,1.16,0,0,0.19,0,0,6.34,3.37,0,0
153.wav,0,9.7,33.41,0.25,0,0.01,53.61,0.03,4.16,2.81,25.2,0.77,0,0,1.01,0,0,4.65,51.37,0,0
154.wav,0,42.71,0.7,2.85,0,0.09,12.03,0.6,3.36,3.63,12.89,2.84,0,0,0.12,0,0,0.09,8.1,0,0
155.wav,0.41,40.78,10.86,0.82,0,0.72,32.42,1.44,17.24,9.26,90.36,2.11,0.01,0,7.02,0,0,0.15,25.73,0,0
156.wav,0.08,4.44,56.17,4.31,0,0.03,7.97,0.45,8.38,8.07,85.05,2.97,0,0,6.68,0.04,0,0.03,31.05,0,0
157.wav,21.06,7.38,0.94,8.87,0.09,61.6,1.97,14.13,81.79,27.6,30.07,2.73,95.12,1.66,0.48,0.96,30.17,99.14,0.46,0.24,0
158.wav,0.14,22.17,98.65,9.63,0,0.4,42.93,8.79,24.85,19.21,87.54,1.91,0,0,37.95,0.11,0,0.09,90.14,0,0
159.wav,0.08,40.55,10.27,0.21,0,0.48,5.67,0.03,17.98,4.27,90.67,0.29,0.01,0,27.85,0,0.05,24.98,92.86,0,0
16.wav,43.84,75.15,6.91,0.45,3.05,97.56,16.94,0.71,37.52,77.32,92.14,1.3,84.1,0,15.07,0.94,0,94.98,19.98,0,0
160.wav,0.33,0.04,25.82,0.01,0.05,0.12,44.67,0.01,33.58,1.95,70.61,0.17,0,0,0.58,0,0,99.29,4.78,0,0
161.wav,0,1.45,48.07,0.75,0,0.09,56.17,0.24,13.68,6.08,84.31,0.32,0.01,0,4.29,0.01,0,0.66,29.62,0,0
162.wav,8.78,38.98,32.79,1.1,0,1.05,53.16,0.16,34.75,11.22,99.31,0.49,0.18,0,38.53,0,0,99.97,82.85,0,0
163.wav,0.47,59.33,32.78,4,0,0.26,13.11,0.13,28.82,17.9,98.29,0.6,0,0,71.92,0.01,0,13.42,91.32,0,0
164.wav,2.08,57.57,83.95,35.91,0,21.99,19.09,0.21,36.6,32.12,83.3,1.76,0.22,0,1.27,0.04,0,4.65,91.5,0,0
165.wav,0.84,92.36,90.58,8.81,0,0.55,37.34,1.29,17.98,8.76,97.56,0.69,0,0,43.59,0.02,0,9.7,90.26,0,0
166.wav,0.28,4.43,11.63,0.12,0,0.59,16.11,0.11,21.27,21.05,99.03,0.22,0.02,0,0.91,0.01,0,1.33,7.73,0,0
167.wav,0,0,0.49,0,0.01,0,0.95,0.11,3.54,1.29,16.09,0.9,0,0,0.6,0,0,0,44.58,0,0
168.wav,0.23,54.89,2.34,0.01,0,6.93,4.6,0.01,24.34,4.23,71.71,0.08,0.04,0,0.99,0,0,37.69,6.04,0,0
169.wav,0,34.54,2.24,4.88,0,0.08,6.29,0.39,31.12,9.24,71.57,7.68,0.01,0,12.31,0.17,0,0.34,69.04,0,0
17.wav,98.16,98.67,0.35,84.43,20.91,96.45,25.17,0.52,77.51,94.38,83.63,7.29,98.36,0.01,1.56,8.9,9.19,62.34,0.14,0,0
170.wav,0,0.67,0.03,0.02,0,0,0.05,3.08,0.14,0.45,0.38,27.65,0,6.78,0.01,0.22,0,0.05,0,0,0
171.wav,0.28,67.94,0.23,0.04,0,0.56,19.19,0.04,34.5,16.92,93.27,0.26,0.02,0,1.27,0,0,46.5,1.42,0,0
172.wav,0,0,4.7,0.16,0,0,33.63,10.66,0.28,1.55,12.45,0.56,0,0,12.94,1.78,0,0,41.83,0.51,0
173.wav,0.04,60.32,0.05,0.25,0,0.1,1.8,0.15,9.71,2.46,15.45,0.75,0,0,0.12,0.01,0,95.91,62.9,0,0
174.wav,0,0,55.86,1.83,0,0,88.7,9.82,0.1,0.4,93.56,62.3,0,0,69.61,1.84,0,0,95.36,0.02,0
175.wav,0.07,82.7,98.22,0.04,0,0.05,89.36,0.69,16.44,18.59,99.36,1.33,0,0,65.13,0,0,39.55,98.93,0,0
176.wav,0,0,1.16,2.62,0,0,1.78,0.86,2.29,0.19,6.28,0.39,0,0,1,0.15,0,0,73.56,0,0
177.wav,0,0.96,2.83,0,0,0.01,0.5,0,19.64,2.17,78.06,0.12,0,0,0.12,0,0,0.03,3.61,0,0
178.wav,0,0.38,2.56,0,0,0,18.63,0,6.69,1.71,42.69,0.31,0,0,2.28,0,0,0,98.69,0,0
179.wav,0.35,3.59,6.2,0.01,0,0,2.4,0.01,11.67,4.5,93.29,0.07,0,0,1.66,0,0,0.04,14.26,0,0
18.wav,23.73,7.46,0.09,0.11,0.01,20.19,2.18,0.13,74.97,36.92,13.53,1.35,0.06,0.01,0.2,8.18,0,99.96,0.01,0.08,0
180.wav,3.42,27.77,96.66,0.28,0,0.4,19,0.05,16.25,17.51,99.89,0.5,0.12,0,18.1,0.01,0,5.65,23.37,0,0
181.wav,0,0.05,0.61,0.03,0,0,1.17,0.02,3.84,2.87,3.11,0.39,0,0,0.03,0,0,0,0.26,0,0
182.wav,0.07,13.67,65.98,0,0,0.53,76.11,0.01,5.49,4.52,85.99,0.11,0,0,61.8,0,0,5.12,87.39,0,0
183.wav,0,0.22,0.77,0.02,0,0,0.82,0.32,3.45,0.21,18.9,0.55,0,0,0.64,0,0,0,5.91,0,0
184.wav,0,0.05,6.78,0.2,0,0,0.9,0.22,1.57,2.88,6.83,0.78,0,0,0.36,0,0,0,3.93,0,0
185.wav,0,0.01,45.7,0.02,0,0.1,46.31,0.02,2.22,1.86,55.77,0.05,0,0,1.67,0.01,0,1.03,23.35,0,0
186.wav,0.01,0.36,0.34,5.62,0.08,3,4.49,14.5,1.65,2.05,6.97,21.96,0.03,4.87,0.51,0.02,5.14,0.18,86.04,0.03,0
187.wav,0,0.14,23.86,0.01,0,0.02,11.77,0.09,6.3,10.78,10.75,0.53,0,0,1.83,0,0,12.42,19.94,0,0
188.wav,0,3.2,8.46,0.02,0,0.12,2.1,1.46,0.51,1.21,5.06,0.85,0,0.25,6.38,0.07,0,0.1,1.6,6.39,0
189.wav,0,38.93,87.14,0.02,0,0.1,38.14,0.28,9.02,7.53,97.84,1.15,0,0,1.82,0.01,0,0.09,81.03,0,0
19.wav,97.82,99.86,63.53,93.72,19.72,99.96,87.79,0.52,83.54,99.76,99,4.06,99.53,0,22.44,1.65,93.52,51.19,80.12,0,0
190.wav,0,18.38,98.06,4.8,0,0.3,90.06,36.74,1.61,8.79,61.88,4.83,0.01,0,63.5,0.28,0.14,0,98.59,80.46,0
191.wav,0.03,4.27,93.76,8.16,0,1.23,26.03,0.28,25.88,6.56,66.33,2.01,0.02,0,8.73,0.01,0,15,97.4,0,0
192.wav,0,18.95,0.06,0.05,0,0.06,0.79,0.67,0.56,3.37,2.67,0.02,0,0,0.1,0,0,0,0.14,0,0
193.wav,0,24.24,49.8,0.45,0,9.94,9.5,0.08,7.06,14.23,64.47,2.61,0,0,3.98,0.01,0,27.89,69.34,0,0
194.wav,0,0,0.03,0,0,0,0.01,0.02,0.48,0.57,0.85,0.17,0,0,0.25,0,0,0,0.02,0,0
195.wav,0.01,4.71,5.63,2.27,0,3.54,8.73,0.01,1.58,9.4,10.63,0.57,0,0,0.73,0.02,0,4.75,30.58,0,0
196.wav,0,0,0.01,2.97,0,0,0.77,0.39,0.3,0.02,3.46,38.26,0,0,0.66,0.08,0,0,24.77,0,0
197.wav,0.04,29.48,4.92,7.45,0,7.76,2.69,1.71,28.03,9.27,56.89,1.85,0.02,0,1.27,0.03,0,55,6.64,0,0
198.wav,0,0,0.02,0.01,0,0,0.5,0.02,1.88,1.55,3.01,0.61,0,0,0.01,0,0,0,0.01,0,0
199.wav,0.72,1.42,45.76,0.08,0,0,30.52,0,13.21,2.96,98.88,0.38,0,0,21.58,0,0,0.05,48.64,0,0
2.wav,97.76,98.46,1.57,0.41,0.11,99.8,30.82,1.18,84.85,89.38,76.6,1.46,73.67,0,1.6,1.86,0.11,100,65.12,0,0
20.wav,95.33,62.78,96.77,0.74,8.63,58.7,90.52,0.11,48.07,47.85,99.93,1.16,4.68,0,0.43,2.17,0.2,100,99.15,0,0
200.wav,0,0.12,0.67,0,0,0.03,1.16,0,3.64,10.59,6.71,0.26,0,0,0.22,0,0,4.42,5.37,0,0
201.wav,0,0.15,0,0,0,0,0.01,1.83,0.47,0.56,0.23,0.15,0,0,0,0,0,0,0,0,0
202.wav,0.15,3.61,57.54,0,0,0.2,16.32,0,3.54,16.17,73.68,0.17,0,0,1.37,0,0,69.7,97.13,0,0
203.wav,0,0.21,7.56,9.45,0,0,9.24,15.32,0.15,56.7,86.9,8,0,0,27.82,0.05,0,0,7.07,0,0
204.wav,0.18,28.95,68.57,0.05,0,0.03,47.58,0.06,8.57,12.13,99.86,0.27,0,0,8.85,0,0,19.89,94.44,0,0
205.wav,0,82.61,83.72,0.46,0,0.06,46.9,88.6,0.1,62.39,96.45,30.14,0,0.01,84.68,0.08,0,2.37,98.99,0.01,0
206.wav,0.01,1.04,99.87,0,0,0.01,40.21,0,10.66,14.17,93.59,0.37,0,0,68.25,0,0,0.01,68.77,0,0
207.wav,0.01,0.49,0.04,0,0,28.71,4.93,0.01,18.49,44.6,24.39,1.92,0,0,0.54,0.08,0,99.99,1.14,0,0
208.wav,0,0,29.88,0.17,0,0,51.8,0.24,0.36,8.41,90.92,5.06,0,0,10.73,0.01,0,0,98.83,0,0
209.wav,0.01,1.43,0.28,0,0,0.09,7.67,0,7.35,17.46,19.82,0.53,0,0,1.53,0,0,73.38,33.41,0,0
21.wav,97.53,38.03,66.34,37.14,0.47,81.38,9.47,2.38,46.29,41.64,97.72,3.15,45.85,0,1.68,1.01,0.02,16.65,9.75,0.01,0
210.wav,0,0.01,0.01,0,0,0,73.5,0.2,0.95,5.31,31.53,1.84,0,0,1.02,0.01,0,0,3.16,1.06,0
211.wav,0,59.27,34.89,0,0,0.23,2.52,0,21.09,37.88,41.08,0.14,0,0,2.54,0,0,2.25,27.35,0,0
212.wav,0,0.05,13.89,0.47,0,0,1,2.13,0.06,2.83,5.9,18.5,0,0,2.01,0.26,0,0,47.34,0.01,0
213.wav,0.12,29.28,13.71,0,0,0.2,43.2,0,6.91,15.89,96.16,0.26,0,0,5.17,0,0,6.93,23.27,0,0
214.wav,0,0.23,11.58,0.05,0,0,14.85,14,0.04,0.42,91.38,9.65,0,0,5.55,0.02,0,0,80.72,0.59,0
215.wav,0.01,7.66,52.64,0,0,0.08,4.03,0,5.47,47.96,48.38,0.09,0,0,3.09,0,0,2.34,85.2,0,0
216.wav,0,0,0.01,0,0,0,0.03,0.11,0.2,6.78,5.1,0.22,0,0,0,0.01,0,0,0.42,0.29,0
217.wav,0.02,21.35,61.22,0,0,0.05,4.34,0,7.81,40.16,68.84,0.34,0,0,42.1,0,0,0.81,29.14,0,0
218.wav,0,0.13,4.06,0,0,0,0.52,0.07,0.12,7.66,26.59,0.21,0,0,0.85,0,0,0.3,15.45,0,0
219.wav,0,6.39,2.97,0,0,0.05,1.78,0,11.14,8.43,11.21,0.43,0,0,0.25,0,0,95.87,9.37,0,0
22.wav,65.54,12.08,99.89,1.39,0.77,72.88,95.67,0.01,50.75,84.19,99.81,1.89,2.53,0,34.98,1.2,0.01,100,99.93,0,0
220.wav,0.09,12.62,70.1,0,0,0.09,18.29,0,5.92,3.28,79.36,0.12,0,0,7.51,0,0,0.27,97.9,0,0
221.wav,0,0,0,0,0,0,0.07,10.68,0.57,0.29,5.93,5.65,0,0,0.06,0.58,0,0,0.4,0.55,0
222.wav,0,2.29,0.11,0,0,0.07,4.85,0,11.85,16.17,10.66,0.35,0,0,0.25,0,0,5.63,36.33,0,0
223.wav,0,0,6.35,0,0,0,12.64,2.32,3.29,0.43,38.33,0.53,0,0,0.12,0.05,0,0,15.49,0,0
224.wav,0,5.91,99.57,0.02,0,0.13,86.79,4.85,3.27,11.57,92.77,0.15,0,0.1,33.75,0.16,0,0.08,8.25,0,0
225.wav,0,0.01,0.86,0,0,0,0.14,0.16,1.34,0.44,5.23,0.21,0,0,2.25,0.01,0,0,0.01,0,0
226.wav,0,41.49,40.01,0.01,0,1.34,20.07,6.03,0.6,2.41,92.65,2.42,0,0.04,25.67,0.06,0,21.91,81.39,0,0
227.wav,3.56,17.74,0.56,0.33,0,44.42,5.99,0.67,0.66,40.19,17.16,2.4,0.67,1.46,0.29,0.12,0.09,99.97,7.53,0.09,0
228.wav,0,0,1.02,0,0,0,0.38,0.1,0.01,0.29,5.04,2.8,0,0,0.08,0.02,0,0,14.04,0.01,0
229.wav,0,6.71,11.29,0.02,0,0.36,26.2,4.12,2.32,9.59,91.67,0.49,0,0,0.52,0.03,0,3.91,93.83,0,0
23.wav,0,6.39,3.53,0.01,0,0.16,1.03,0.01,23.59,3.33,19.89,14.75,0.01,0,0.64,0.1,0,7.29,61.22,0,0
230.wav,0,0,0,0,0,0,0.04,0,0.25,0.12,0.78,0.1,0,0,0,0,0,0,0.08,0,0
231.wav,0.01,20.25,29.14,0.02,0,0.76,1.38,1.3,0.98,0.77,64.35,1.87,0.01,0.03,5.72,0.23,0.02,9.11,16.2,0,0
232.wav,0,0,0.01,0,0,0,0.02,0.11,0.01,0.39,4.11,0.62,0,0,0.03,0,0,0,0,0,0
233.wav,0,4.15,14.21,0.01,0,0.72,26.15,0.09,12.09,2.95,59.95,0.17,0.03,0,28.31,0.11,0,98.48,72.3,0,0
234.wav,0,0,1.85,0,0,0,0.61,44.45,0.17,0.86,3.35,4.97,0,0,0.18,0.01,0,0,2.59,0,0
235.wav,0,7.34,0.68,0,0,0.56,7.19,1.16,22.36,2.77,65.31,0.23,0.01,0.12,0.58,0.01,0,29.24,12.71,0,0
236.wav,0,0,98.49,0.15,0,0,1.21,28.3,0.05,0.49,5.92,38.14,0,0,23.78,0.32,0,0,99.76,0.25,0
237.wav,0.02,1.76,0.87,0,0,0.88,52.9,1.41,0.3,4.42,32.65,0.86,0.01,0.02,2.22,0.04,0,13.99,32.97,0,0
238.wav,0,0,0.66,0.17,0,0,0.39,20.2,1.37,3.95,1.95,99.3,0,0,0.27,2.35,0,0,2.67,0.22,0
239.wav,0.07,1.17,0.3,0,0,1.08,37.71,0.61,4.44,7.16,72.46,1.14,0,0.01,5.04,0.01,0,34.39,98.55,0,0
24.wav,2.71,36.15,0.02,0,0.97,26.39,18.49,0.01,59.28,75.97,8.7,1.92,5.8,0,1.27,0.2,0,98.69,2.88,0.05,0
240.wav,0,0.78,0.08,0,0,0.2,2.79,0.93,0.39,1.01,7.9,1.64,0,0.01,1.35,0.19,0,6.43,2.21,0,0
241.wav,0,0,12.25,0,0,0,1.58,0.14,0.01,0.27,24.07,0.62,0,0,2.97,0.01,0,0,55.67,0,0
242.wav,0.01,8.69,48.1,0,0,1.92,38.45,0.14,1.02,6.62,94.14,0.22,0,0,10.83,0.1,0,15.47,90.07,0,0
243.wav,0,0,0.48,0.03,0,0,1.48,7.78,0.05,0.71,26.88,2.51,0.01,0,1.42,0.14,0,0,3.27,0.76,0
244.wav,0,2.47,0.61,0,0,0.57,25.36,0.17,0.11,0.97,33.16,0.08,0,0.07,0.85,0.03,0,14.16,18.44,0,0
245.wav,0,0.01,0.17,0.62,0,0,1.26,0.51,0.27,1.44,29.74,1.9,0,0,2.07,0.01,0,0,87.62,0,0
246.wav,0.07,50.46,0.3,0,0,3.12,5.23,0.2,0.04,15.92,16.27,0.04,0.03,0.03,0.55,0.02,0,0.38,28.46,0,0
247.wav,83.98,99.86,1.24,0.94,2.43,99.37,1.63,0.41,90.35,96.98,11.01,1.33,98.26,97.66,0.79,19.55,2.02,100,23.5,0.01,0
248.wav,0,0,0.14,0,0,0,0.29,1.88,0.05,0.76,3.16,4.9,0,0,0.25,0.01,0,0,6.39,0.58,0
249.wav,0,10.56,5.23,0,0,0.28,63.62,0.31,0.11,2.81,15.7,0.22,0,0,8.46,0.04,0,0.96,99.38,0,0
25.wav,4.64,51.17,13.36,0.08,0.03,67.42,7.44,0.13,46.41,28.07,52.35,3.26,0.17,0,8.19,1.59,0,99.91,4.57,0.01,0
250.wav,0,0.01,5.66,0,0,0,0.26,0.01,0.22,0.09,2.54,3.35,0,0,1.24,0.01,0,0,48.46,0,0
251.wav,0.09,53.23,53.63,0.01,0,22.88,83.37,1.49,20.05,14.35,76.42,0.86,0.01,0.44,45.28,0.1,0,0.54,97.24,0,0
252.wav,0,0,4.54,0.01,0,0,3.16,0.84,0.09,2.22,27.55,0.61,0,0,0.03,0,0,0,83.23,0,0
253.wav,0,1.32,23.87,0,0,0.51,77.51,0.06,0.93,10.9,58.75,0.14,0,0.04,3.97,0.02,0,79.85,64.63,0,0
254.wav,0,0,1.11,0,0,0,2.83,0.02,0.12,0.25,10.66,0.33,0,0,0.91,0,0,0,2.02,0,0
255.wav,0.09,3.75,6.93,0.01,0,0.07,12.66,0.14,8.3,13,19.59,2.08,0,0,2.46,0.02,0,30.61,83.97,0,0
256.wav,0,0,4.92,0,0,0,0.48,0.1,0.17,0.65,4.43,0.83,0.01,0,0.23,0.12,0,0,47.51,0,0
257.wav,0.25,1.78,83.58,0,0,0.05,91.67,0.01,11.43,3.58,71.61,0.14,0,0,18.9,0,0,1.84,99.64,0,0
258.wav,0.04,0.54,72.11,0.02,0,0.08,30.45,0.03,8.38,5.09,99.58,0.78,0,0,17.51,0,0,2.05,99.83,0,0
259.wav,0.37,10.23,1.17,7.69,0.27,0.01,1.15,51.29,7.09,1.41,3.37,12.37,0.49,0.15,0.57,0.65,0.13,0,0.61,0.02,0
26.wav,0,4.46,90.55,0.02,0.06,0.03,42.42,0.03,4.47,3.41,87.43,5.87,0.08,0.06,24.69,0.01,0,0.42,19.01,0.12,0
260.wav,0,7.42,59.99,0,0,0.01,98.8,0.12,1.71,2.3,99.48,0.24,0,0,36.89,0,0,0.03,98.44,0,0
261.wav,0,3.29,20.05,0.1,0,0,2.41,9.06,0.35,0.78,3.87,1.75,0,0,9.22,0.04,0,0,31.17,0.18,0
262.wav,0.02,6.64,35.1,0.13,0,0.09,42.29,0.19,8.75,12.87,89.83,1.56,0.02,0,52.9,0.04,0,31.65,59.87,0,0
263.wav,0,0.01,0,0.01,0,0.13,1.01,0.82,0.26,1.72,10.73,0.08,0,0.01,0.02,0.01,0,1.38,1.14,0.02,0
264.wav,0,3.08,96.61,0.01,0,0.02,20.75,0.01,2.54,1.29,99.07,1.09,0,0,19.43,0.01,0,0.11,99.91,0,0
265.wav,0,4.47,3.03,0,0,0,0.52,0.91,0.04,0.14,15.99,0.2,0,0,0.12,0.01,0,0,3.74,0,0
266.wav,2.59,10.39,2.09,0.02,0,0.07,4.94,1.16,6.06,5.76,93.19,1.08,0,0,11.28,0.04,0,9.91,98.58,0,0
267.wav,1.01,67.54,33.52,0,0.02,7.06,30.86,0,19.36,80.21,64.48,19.48,0.02,0,21.95,0.05,0,71.23,1.36,0,0
268.wav,0.02,5.03,0.55,0,0.01,7.65,7.55,0.04,1.39,3.7,40.4,3.37,0.09,1.75,9.25,0.76,0,72.28,5.67,0,0
269.wav,0,0.18,0.1,0,0,0,0.31,0.06,0.06,0.81,4.48,0.01,0,0,0.07,0,0,3.25,0.88,0.03,0
27.wav,0.18,2.97,41.76,0,0.01,28.58,17.31,0.22,30.65,30.23,26.08,15.75,0.01,0,12.12,0.82,0,96.99,17.89,0,0
270.wav,0.01,1.52,34.1,0,0,0.24,89.32,1.57,8.68,2.7,56.18,0.43,0,0,0.87,0.01,0,1.88,94.37,0,0
271.wav,0,0,0.01,0,0,0,0.02,0.01,0.02,0.13,4.61,0.05,0,0,0.01,0,0,0,0,0,0
272.wav,0,4.25,0.5,0.05,0,0.01,7.11,0,2.74,0.79,5,0.44,0,0,0.17,0,0,0.01,34.46,0,0
273.wav,0,0,0.26,0,0,0,0.21,0.01,0.01,0.07,2.72,0.04,0,0,0.52,0,0,0,2.48,0,0
274.wav,0.81,0.08,98.11,0,0,0.07,23.17,0.24,6.86,1.74,99.07,0.05,0,0,60.32,0.01,0,0.36,98.79,0,0
275.wav,0.04,46.61,44.99,14.47,0,0.13,43.29,35.61,0.74,11.66,20.2,13.53,0,0.72,30.32,1.12,0,85.13,99.63,6.79,0
276.wav,0,4.32,15.22,0,0,0.25,10.77,7.93,0.84,9.15,57,0.07,0,0,1.61,0.01,0,10.98,97.53,0,0
277.wav,0,0.37,5.21,0.01,0,0.02,4.8,0.22,0.17,1.01,8.77,0.77,0,0.09,1.88,0,0.85,3.66,4.61,0,0
278.wav,0.37,10.24,88.4,0,0,0.06,38.51,0.12,2.1,9.14,94.66,0.06,0.01,0,21.53,0.03,0,1.05,68.09,0,0
279.wav,0.01,0.48,65.67,0,0,0.08,12.25,0.04,2.59,6.55,92.76,0.06,0,0,24.62,0,0,0.08,52.23,0,0
28.wav,0.19,14.37,14.32,0,0,0.8,13.29,0.01,10.74,4.51,87.87,0.14,0,0,2.72,0,0,17.76,12.69,0,0
280.wav,0,0,0.14,0,0,0,2.39,6.3,0.04,0.45,4.71,49.58,0,0,0.06,0.05,0,0,9.99,0.13,0
281.wav,0,6.02,54.32,0,0,0.11,85.92,3.24,0.24,4.42,97.64,0.38,0,0,82.86,0,0,1.64,87.59,0,0
282.wav,0,0,0.01,0.03,0,0,0.01,1.59,0.04,0.42,0.41,25.13,0,0,0,0,0,0,0,0,0
283.wav,0,0.71,17.26,0,0,0.03,4.58,2.13,0.07,2.2,21.01,0.07,0,0,7.45,0,0,0.07,91.46,0,0
284.wav,0,0,1.24,0,0,0,2.24,0.01,0.39,0.83,8.17,0.16,0,0,0.38,0,0,0,17.31,0,0
285.wav,0,0.03,64.5,0,0,0.04,48.64,0.24,0.32,4.24,87.61,0.08,0,0,12.7,0.01,0,0,76.95,0,0
286.wav,0,0.08,4.98,0,0,0,0.24,0.04,0.09,3.41,29.27,0.31,0,0,0.14,0,0.01,0.05,2.36,0,0
287.wav,0,1.18,51.5,0,0,0.01,36.89,0.02,2.11,2.67,93.77,0.02,0.01,0,2.78,0.01,0,0,97.56,0,0
288.wav,62.84,11.45,3.96,1.11,0.17,1.6,5.61,0.03,37.57,81.81,41.71,4.78,0.06,0,0.32,1.42,0,21.74,85.56,0,0
289.wav,0,4.61,2.73,0.01,0,0.01,0.16,0.92,0.92,52.16,6.47,2.91,0.01,0.71,9.97,0.08,2.43,0.02,12.7,0.95,0
29.wav,0.27,43.2,20.01,0,0,1.14,4.81,0,5.77,19.02,89.13,0.17,0,0,16.48,0,0,93.76,91.72,0,0
290.wav,0,14.42,6.92,0,0,0.82,25.21,0.08,1.48,1.01,40.48,0.22,0,0,1.87,0.01,0,0.37,39.88,0,0
291.wav,0.03,6.48,6.47,0,0,0.01,5.34,1.05,1.52,76.76,4.55,2.75,2.38,0.11,4.84,0.05,86.39,0,3.54,0.04,0
292.wav,0.02,0.06,0.02,0,0,0.03,26.71,1.58,1.33,3.63,24.41,0.07,0,0,3.05,0,0,1.01,13.72,0,0
293.wav,0,0.01,0.01,0,0,0,1.21,0.44,0.32,27.67,1.99,9.43,0.03,3.42,0.19,0.02,1.44,0,2.45,0.01,0
294.wav,0.01,1.18,51.31,0.01,0,1.83,16.52,0.65,2.57,13.79,94.03,0.09,0,0,11.97,0.01,0,18.43,79.2,0,0
295.wav,0,0,0.04,0.02,0,0,0.16,1.12,0.11,0.25,2.98,1.97,0,0,0.06,0.02,0,0,5.7,0.13,0
296.wav,0.01,0.62,12.99,0,0,0.02,16.37,6.87,0.77,3.83,85.19,0.08,0,0,1.22,0.01,0,0.33,8.19,0,0
297.wav,0,0,3.11,0.02,0,0,1.32,2.18,0.12,2.37,10.95,3.57,0,0,0.23,0.04,0,0,23.26,0.01,0
298.wav,0,8.09,61.62,0,0,0.04,71.67,0.23,0.48,10.52,98.54,0.03,0,0,72.2,0,0,0.14,99.78,0,0
299.wav,0,0,0.03,0.12,0,0,0.16,0.14,0.44,2.24,0.09,0.07,0,0,0,0,0,0.09,0,0,0
3.wav,6.07,99.63,9.01,13.83,0.01,16.38,96.76,0.89,10.83,14.89,97.15,4.25,0.04,0,10.45,0.67,0,1.21,88.07,0,0
30.wav,0.08,34.69,1.25,0,0,0.09,1.75,0.01,4.39,8.96,14.41,0.05,0.01,0,0.76,0,0,0.68,13.42,0,0
300.wav,0,15.49,63.75,0,0,0.25,86.22,0.5,1.77,8.11,77.9,0.05,0,0,47.21,0,0.01,1,99.42,0,0
301.wav,0,23.09,9.44,0.01,0,0.2,14.83,0.43,0.86,1.38,31.74,0.24,0,0.04,10.29,0.02,0,1.69,85.24,0,0
302.wav,0,0,10.51,0.41,0,0,3.38,6.51,0.09,0.13,9.81,0.43,0,0,2.94,0.08,0,0,39.42,0,0
303.wav,0.02,88.55,0.71,0.06,0,0.36,4.89,13.75,0.26,3.06,50.92,0.19,0,0,0.63,0.01,0,1.12,97.87,0,0
304.wav,0,5.09,11.15,0.26,0,0,13.32,2.13,0.08,0.82,21.75,0.18,0,0,8.02,0,0,0,34.98,0,0
305.wav,0.01,17.87,0.46,0.02,0,0.26,1.35,0.39,6.26,8.48,78.75,0.34,0,0,0.19,0.09,0,0.61,28.93,0,0
306.wav,0,0,47.88,0.17,0,0,0.59,33.66,1.96,0.38,27.17,0.15,0,0,3.11,0.05,0,0,47.81,0,0
307.wav,0,3.63,5,0,0,0.01,37.56,0,4.42,1.34,43.92,0.03,0,0,5.96,0,0,0.03,88.59,0,0
308.wav,96.09,95.09,43.39,1.28,1.35,21.1,98.82,0.1,54.92,95.29,99.73,10.78,0.16,0,14.48,3.22,0,91.52,99.64,0.02,0
309.wav,0,0.35,1.06,0.16,0,0,20.37,1.29,3.77,0.55,10.55,3.66,0,0.16,0.11,0,0,0,2.5,0,0
31.wav,5.49,11.47,94.93,0.05,0,5.47,86.72,1.01,11.33,12.19,99.28,0.38,0.1,0,86.79,0.02,0,61.6,99.5,0,0
310.wav,0.04,47.5,22.51,0,0,0.13,18.25,0,8.59,5.12,80.73,0.01,0.01,0,2.32,0,0,69.92,17.65,0,0
311.wav,0,0,0.49,0,0,0,0.87,0.01,0.58,2.55,8.94,2.28,0,0,0.35,0,0,0,4.12,0,0
312.wav,0,0.68,4.2,0.05,0,0.69,6.53,0.07,2.53,11.98,19,0.35,0,0,1.42,0.02,0,10.36,0.81,0,0
313.wav,0.01,31.46,54.72,12.96,0,0.27,12.48,65.95,4.62,4.28,28.37,2.79,0,0.01,19.66,0.05,0,0.04,70.35,0.07,0
314.wav,0,0,2.43,0,0,0,19.03,4.83,0.01,0.03,12.82,0.41,0,0,0.69,0.12,0,0,11.34,1.46,0
315.wav,0,0,0.46,0,0,0,1.27,0.02,0.04,0.46,24.55,0.15,0,0,1.6,0,0,0,0.12,0,0
316.wav,5.58,81.15,0.44,0.14,0.01,79.72,5.94,0.03,32.68,65.54,14.64,9.76,0.01,0,1.58,1,0,99.92,7.81,0.2,0
317.wav,88.9,5.78,0.17,0.08,0.38,2.62,3.45,0.45,39.23,26.16,29.8,5.23,0.05,0,0.43,0.97,0,10.87,1.21,0.03,0
318.wav,0,0.11,0.7,0,0,0.01,0.49,0.4,0.03,3.07,18.49,0.28,0,0,0.53,1.08,0,0.85,2.59,0.02,0
319.wav,0,0.05,9.26,0,0,0,2.07,0.01,0.02,0.25,13.21,0.32,0,0,0.12,0,0,0,1.09,0,0
32.wav,0.03,31.83,16.65,0.01,0,0.61,7.86,0.08,4.89,20.43,60.59,1.76,0.02,0,3.23,0.02,0,4.35,56.11,0,0
320.wav,0,0,0.26,0.14,0,0,1.97,21.54,0.05,0.65,7.83,0.6,0,0,2.36,0.17,0,0,11.37,0.4,0
321.wav,0.01,6.55,19.92,0.01,0.01,22.23,8.85,0.61,10.79,87.82,97.69,1.47,0,0,1.3,0.54,0,97.13,4.38,0.02,0
322.wav,0,0,2.8,0,0,0,0.65,0.33,0.01,0.67,14.93,0.46,0,0,3.29,0.04,0,0,3.69,0,0
323.wav,0,0,9.31,0,0,0,0.08,0.62,0.08,0.15,3.55,0.74,0,0,1.35,0.55,0,0,57.5,0,0
324.wav,0,0,5.59,0.14,0,0,88.65,19.15,0.07,0.04,95.69,0.5,0,0,36.45,0.05,0,0,77.3,0,0
325.wav,0,0,0.03,0,0,0,1.51,0.02,0.02,0.21,11.17,0.5,0,0,0.6,0.03,0,0,2.54,0,0
326.wav,0,0,0,0,0,0,0.04,0.53,0.09,0.02,1.72,0.23,0,0,0.02,0,0,0,0,0,0
327.wav,0,0,0,0,0,0,2,0.1,0.07,0.14,19.2,0.48,0,0,0.36,0.03,0,0,0.49,0.97,0
328.wav,1.05,67.84,3.75,77.18,0,11.11,0.27,1.32,21.69,15.54,9.79,4.5,0.02,1.99,0.12,1.59,0,92.91,3.41,0,0
329.wav,0,0.1,0.2,0.04,0,0,0.02,14.18,0.07,1,11.55,7.83,0,0,0.03,0.43,0,0,0.98,0.08,0
33.wav,0.04,24.18,86.02,0.91,0.01,11.03,80.39,0.05,10.66,1.63,98.27,1.62,0.06,0,58.95,0.57,0,93.81,99.76,0,0
330.wav,0,0,0.12,0.02,0,0,12.21,0.27,0.06,0.38,4.91,0.29,0,0,0.16,0.04,0,0,0.87,0,0
331.wav,0,0,3.33,0,0,0,0.59,0,0.03,0.14,11.09,0.6,0,0,0.28,0,0,0,4.31,0,0
332.wav,31.34,93.7,51.49,0.54,2.19,96.47,97.55,0.12,80.19,87.91,99.76,1.78,95.67,97.82,92.15,43.86,0.07,99.99,99.95,0.34,0
333.wav,0,5.97,1.39,0,0,0.88,1.04,0,0.04,8.24,7.02,0.1,0,0.05,0.01,0,0,0.56,4.91,0,0
334.wav,0,0.06,1.91,0,0,0,9.44,0.06,0.06,0.12,13.63,0.63,0,0,0.13,0.03,0,0,8,0.01,0
335.wav,0,10.76,1.61,0,0,0.18,0.58,0.02,1.33,1.01,7.25,0.11,0,0,0.04,0,0,0.04,0.59,0,0
336.wav,0,20.03,0,0,0.02,0,1.11,0.2,3.77,0.76,4.37,0.09,0.01,0,0.11,0.06,0,0,46,0,0
337.wav,0,1.09,0.22,0,0,0.07,2.21,1.34,4.62,3.02,2.31,2.75,0.01,0,0.24,0.07,0,4.1,2.07,0,0
338.wav,0,0,0.05,0,0,0,0.71,0.04,0.18,1.89,4.51,0.66,0,0,0.05,0.01,0,0,2.4,0,0
339.wav,0,0,0.99,0.05,0,0,1.94,14.21,3.47,0.1,3.9,70.7,0,0,0.44,0.04,0,0,53.85,0,0
34.wav,0.46,18.75,12.52,0,0.01,1.12,23.73,0,8.45,9.51,89.67,0.16,0.02,0,47.85,0,0,10.3,28.41,0,0
340.wav,52.59,45.76,2.34,3.84,0,57.79,1.92,0.3,83.72,23.82,56.15,1.88,1.92,0.01,0.22,1.46,0,34.26,2.78,0,0
341.wav,0,10.09,0,0,0,0,0.38,0.09,0.06,2.51,12.52,2.51,0,0,0.1,0,0,0.08,0.2,0,0
342.wav,0,0.01,27.02,34.18,0,0,5.6,2.31,1.33,1.65,18.84,0.74,0,0,2.75,0.03,0,0,34.92,0.07,0
343.wav,0,99.61,19.18,65.13,0.09,96.93,12.56,1.54,2,60.04,13.34,74.57,0.06,99.3,1.78,2.07,0,98.02,14.71,5.23,0
344.wav,0,0,0.09,0,0,0,0.4,0,1.25,2.2,1.43,0.07,0,0,0.01,0,0,0,1.2,0,0
345.wav,0.12,0.15,0.61,14.83,0.03,0.21,0.28,13.8,15.18,18.31,9.12,0.6,0.02,0,0.99,0.01,0.1,0.21,1.16,0.09,0
346.wav,0.09,0.6,27.39,99.17,0,0,2.83,92.12,12.61,7.36,17.9,2.95,0.04,0,2.72,0.5,0,0,47.88,0.06,0
347.wav,0,0.28,5.8,0,0,0,2.36,0.41,0.06,0.73,8.21,0.08,0,0,0.8,0,0,0,0.08,0,0
348.wav,0,0.01,29.53,0.03,0,0,0.19,0.42,0.41,1.56,5.53,0,0,0,0.91,0,0,0,12.75,0,0
349.wav,0,0,1.97,0.02,0,0,0.3,0.15,0.73,0.07,12.91,1.71,0,0,0.03,0,0,0,44.82,0,0
35.wav,99.26,98.22,80.59,0.05,1.88,98.93,90.12,0.07,80.71,37.91,61.65,2.13,59.98,0,49,2.03,0,100,99.79,0,0
350.wav,2.32,67.33,15.91,0,0,5.03,27.71,0,35.61,24.33,42.94,3.24,0.01,0,19.33,0.26,0,8.93,84.18,0,0
351.wav,0.08,0.16,15.83,11.26,0,0,41.43,77.41,3.32,3.56,81.76,1.78,0,0,2.13,3.87,0,0.02,88.34,0,0
352.wav,0,0,2.61,0,0,0,0.07,0.57,0.49,0.21,17.97,13.84,0,0,0.45,0.29,0,0.04,5.15,0,0
353.wav,0,0,3.05,0.87,0,0,25.05,0.07,4.39,0.12,9.89,1.69,0,0,0.44,0,0,0,98.8,0,0
354.wav,2.27,89.29,1.7,1.45,0.15,0.64,7.86,0.67,45.31,99.12,34.85,29.88,0.1,0,0.13,15.35,0,100,1.32,0.01,0
355.wav,0,0.01,0.12,0.01,0,0,2.11,0.48,0.99,0.47,5.77,5.82,0,0,0.11,0.01,0,0,1.33,0.01,0
356.wav,0.03,0.21,8.17,0.05,0,0,91.42,12.84,0.13,0.33,73.77,0.42,0,0,14.8,0.02,0,0,66.06,0,0
357.wav,0,0.22,1.56,0.09,0,0,0.42,1.58,3.02,1.49,12.53,0.52,0,0,1.35,0.01,0,0,1.76,0,0
358.wav,0,0,3.12,0,0,0,2.02,0.18,0.98,0.92,6.54,0.56,0,0,9.69,0.04,0,0,64.88,0.05,0
359.wav,0,15.82,0.02,0,0,0,0.04,0.24,0.03,0.41,0.8,0.01,0,0,0.09,0,0,0,0,0,0
36.wav,0.11,2.05,95.1,0.34,0,0.17,40.85,0.06,2.08,4.2,94.7,1.31,0,0,61.3,0.01,0,12.74,88.39,0,0
360.wav,0,16.36,2.14,0.96,0,0,10.52,1.73,0.21,9.4,57.51,0.15,0,0,15.25,0,0.01,0.18,53.32,0.01,0
361.wav,0.01,0,4.66,0,0.28,0,1.64,0.26,9.25,0.46,69,0.15,0.49,0,0.38,0.05,0,0,3.12,0.12,0
362.wav,3.23,31.72,4.42,37.58,0,21.74,2.54,0.62,35.27,58.21,29.13,14.88,1.39,0,4.02,7.55,0,94.68,93.74,0,0
363.wav,0.02,0.02,1.31,0,0,0,2.44,0.04,4.36,0.29,94.62,0.28,0.08,0,8.27,0,0,0,11.95,1.54,0
364.wav,0.8,3.27,3,0,0.03,0,19.09,0.1,6.51,0.52,54.18,0.29,0,0,0.63,0.01,0,0,2.78,0,0
365.wav,0.65,6.84,0,0,0.32,52.83,0.5,0.09,55.28,59.37,14.71,2.16,0.75,0,0.02,6.23,0,100,0.87,0,0
366.wav,0.02,0.01,1.33,0,0,0.19,3.53,0,0.96,2.03,80.9,0.13,0.01,0.26,16.15,0,38.87,0.38,74.88,0,0
367.wav,0,0.21,27.64,0,0.01,0,16.95,0.27,0.16,2.32,4.78,0.46,0.03,0.05,4.43,0.01,0.27,2.06,5.33,0,0
368.wav,98.93,54.25,0.08,4.22,0.24,67.99,6.6,0.2,70.53,54.84,56.89,2.16,71.15,0,1.11,7.42,0,99.52,8.98,0,0
369.wav,0.81,33.95,13.7,4.36,0.02,0.05,6.76,7.98,0.64,24.33,57.92,1.21,0.18,6,16,0.66,0.31,2.62,5.55,0,0
37.wav,0.01,0.9,61.17,0,0,0.03,24.57,0.06,8.82,11.19,88.76,0.41,0,0,4.93,0.02,0,0,15.24,0,0
370.wav,0,4.68,49.28,0.05,0.02,0.07,71.26,9.14,0.52,87.26,56.72,0.53,0.02,0.01,61.66,0.01,18.06,0.01,26.18,0,0
371.wav,0,0.31,0.97,74.74,0.01,0,0.28,6.21,0.43,0.76,3.37,1.14,0.01,0,0.15,0.21,0,0,1.13,0.09,0
372.wav,0,0.08,0,0,0,0,0.19,0.29,0.1,4.66,5.84,0.26,0.08,0,0.43,0,0,0.34,43.92,0.01,0
373.wav,0,0.43,0.02,0,0,0,0.74,0.06,0.99,0.89,6.38,0.13,0,0,1.32,0,0,0,2.75,0,0
374.wav,0,0.03,10.6,94.37,0,0.01,2.05,49.25,1.16,1.12,2.82,1.22,0.01,0,15.21,7.13,0,0,99.05,0.15,0
375.wav,0,0.09,0.04,2.67,0,0,44.67,21,0.37,6.95,31.41,4.96,0,0,0.73,0.33,0,0,0.45,0,0
376.wav,42.42,84.83,0,0.07,0.86,93.34,0.67,3.12,72.92,80.38,7.18,7.56,85.77,59.8,0.24,8.43,0,99.41,1.93,0,0
377.wav,0,0,0.65,0.16,0,0,0.11,0.82,0.13,0.58,3.43,0.06,0,0,0.04,0.02,0,0,0.02,0,0
378.wav,0.08,82.32,1.51,0.07,0,30.12,4.49,0.32,8.55,59.89,5.5,38.12,0,0,0.6,0.34,0,99.98,22.9,0,0
379.wav,0,0,0.02,0,0,0,0.15,0.01,0.03,1.86,3.65,0,0,0,0.05,0,0,0,1.54,0,0
38.wav,0.36,59.31,31.57,0,0,2.24,30.77,0.15,11.27,34.43,99.32,0.1,0.01,0,3.56,0,0,85.18,70.69,0,0
380.wav,0,0,0,0,0,0,0.51,0.27,0.05,1.61,6.61,0,0,0,0.06,0,0,0,0.47,0.93,0
381.wav,0,0.01,24.44,0,0,0,4.85,0.1,0.91,0.45,12.6,0.13,0,0,0.27,0.01,0,0,71.89,0,0
382.wav,0,0,0.21,0,0,0,0.64,0.06,0.85,0.32,18.32,0.3,0,0,0.31,0,0,0,21.88,0,0
383.wav,0,0.01,3.3,0,0,0,4.85,2.49,0.04,1.03,7.39,0.96,0,0,0.84,0.01,0,0,2.02,0.01,0
384.wav,0,0,1.54,0.53,0,0,45.24,1.79,0.04,0.19,40.69,0.4,0,0,21.42,0,0,0,32.33,0,0
385.wav,0,0,1.92,0.01,0,0,1.65,0.24,0.45,0.05,27.34,0.05,0,0,0.48,0,0,0,41.23,0,0
386.wav,0.01,1.49,14.64,1.05,0.01,0.07,1.47,15.79,2.24,0.93,12.59,1.94,0,0,1.67,0.02,0,0,94.49,5.14,0
387.wav,0.13,70.34,3.54,0.56,0.05,44.87,2.57,1.12,29.18,67.15,28.17,1.98,0,0,1.28,10.12,0,63.43,7.7,0,0
388.wav,0,2.26,1.43,0.03,0,0,8.08,23.33,2.16,1.17,23.84,0.17,0.02,0,6.08,0.03,0.01,0,18.38,0.87,0
389.wav,0,0.03,4.04,0,0,0,87.95,1.59,0.28,0.03,93.46,2.55,0,0,1.64,0.05,0,0,79.64,0,0
39.wav,1.09,43.53,33.19,0,0,1.75,10.44,0.02,2.64,10.38,92.91,0.1,0,0,10.95,0,0,0,70.6,0,0
390.wav,3.53,99.37,1.98,0.06,0.02,95.27,0.6,0.03,31.17,93.81,17.15,10.88,0.24,0,0.26,0.41,0.07,99.98,9.24,0,0
391.wav,0,0,1.01,4.42,0,0,1.28,31.17,0.11,28.03,1.56,30.99,0,0,2.46,0.31,0,0,15.99,0,0
392.wav,0,2.71,42.13,0.17,0,0,9.39,13.75,0.61,4.16,7.18,2.61,0,0,47.98,0.03,0,0,89.75,0,0
393.wav,0.03,0.05,12.14,16.22,0,0.11,2.09,26.29,0.65,3.98,17.23,41.07,0,0.08,1.76,1.01,0,0.5,91.54,0,0
394.wav,0,1.32,1.49,1.25,0,0.02,2.81,78.93,0.63,2.04,1.84,25.11,0.01,0,13.06,0.42,0.06,0,57.25,2.13,0
395.wav,0.01,6.46,13.44,0.04,0.02,0,17.07,0.08,2.2,0.2,31.45,4.65,0,0,2.15,0,0.03,0,8.33,0,0
396.wav,0,9.87,9.66,0.02,0,0.57,12.25,0.21,0.06,6.47,29.13,0.08,0,0.21,35.91,0,0,0.05,64.5,0.03,0
397.wav,0,0.86,0.13,0.21,0,0.4,0.09,0.1,0.15,4,2.19,0.34,0,0,0.04,0,0,0,0.08,0,0
398.wav,0,0.12,0.33,0,0,0.03,0.9,1.27,0.11,2.24,4.6,0.19,0,0,0.75,0,0,0.21,12.18,0,0
399.wav,0,0,0,0,0,0,0,0.04,0.2,0.37,0.28,0.07,0,0,0,0,0,0,0,0,0
4.wav,39.15,99.8,0.19,3.15,4.7,99.14,48.25,1.01,89.93,44.34,98.86,1.61,96.78,99.79,0.44,1.97,2.97,99.98,4.06,0,0
40.wav,0.17,2.09,18.36,0.07,0,0.02,64.26,0.07,2.09,6.84,79.33,0.35,0,0,13.86,0,0,0.34,83.67,0,0
400.wav,1.62,49.49,75.97,1.86,0,1.95,25.12,1.68,4.15,24.03,61.92,16.97,0.04,0,1.56,0.04,0,66.97,2.13,0,0
401.wav,0,1.14,0.01,0,0,0,0.11,0.01,0.29,1.28,2.7,0.08,0,0,0.23,0,0,0,6.23,0,0
402.wav,0,0,0.17,0.31,0,0,2.32,25.05,0.29,0.58,4.86,35.42,0,0,2.05,0.05,0,0,16.66,0.01,0
403.wav,0,0.68,0,0,0,0,0.14,0.44,0.71,0.29,1.05,0.04,0,0,0.34,0.02,0,29.43,0,0,0
404.wav,1.43,1.76,0.01,0,0.18,0,0.16,0.14,26.35,1.29,14.04,0.18,0.02,0.23,0.15,0,0.06,1.44,0,0,0
405.wav,0,2.3,0.03,0,0.06,0,0.18,2.43,7.51,0.59,10.01,0.77,0.02,0,0.03,0.03,1.02,0,0.01,0,0
406.wav,0,58.78,0,0,0.72,0,0.06,0.78,8.9,2.31,0.85,0.05,0.1,0.42,0.03,0,0,5.07,0,0,0
407.wav,0,0,0.03,0,0,0,0.04,0.09,0.39,1.5,11.97,0.03,0,0.01,0.06,0.07,0,0,4.2,0,0
408.wav,0.48,51.03,1.67,20.28,0,58.15,47.36,0.02,30.14,33.99,25.54,11.51,0.07,0,0.6,0.14,0,95.94,14.17,0,0
409.wav,0.08,1.54,0.06,0,0,0.63,0.3,0.04,3.3,8.68,6.36,0.07,0.13,0,0.06,0.03,0.09,0.28,3.98,0,0
41.wav,0,0.07,0.16,0.29,0,0.01,68.01,1.39,11.93,13.6,33.7,9.15,0,0,1.04,0.23,0,41.61,84.15,0,0
410.wav,0,0.02,0.04,97.46,27.16,0.01,0.01,3.88,61.23,5.71,1.4,80.22,0.5,36.87,0.06,0.5,0,99.48,0,0.02,0
411.wav,0,0.04,1.43,0,0,0,3.26,0.01,0.26,0.26,2.52,0.27,0,0,0.12,0,0,0,0.05,0,0
412.wav,0,0,0.89,0,0,0,1.69,0.15,0.01,2.33,69.33,0.67,0,0,12.77,0,0,0,93.15,0,0
413.wav,0,0,0.01,0.01,0,0,0.1,0.2,0.29,1.15,4.34,0.09,0,0,0.8,0,0,0,4.73,0,0
414.wav,0,0,5.94,0,0,0,0.48,2.13,0.02,0.21,23.22,0.19,0,0,7.6,0.08,0,0,51.03,0.04,0
415.wav,0,0,0.68,0,0,0,1.64,0.09,0.06,1.3,9.15,0.3,0,0,3.79,0,0,0,9.69,0,0
416.wav,0,0,0.18,0,0,0,0.08,0.14,0.1,0.35,8.3,0.04,0,0,0.11,0.01,0,0,26.06,0,0
417.wav,0,0,16.42,0,0,0,7.38,0.1,0.98,2.04,73.74,0.06,0,0,25.24,0,0,0,73.92,0,0
418.wav,37.69,91.66,10.55,7.84,0.04,74.84,7.5,0.7,70.6,10.62,65.16,1.91,84.71,59.84,0.79,34.22,0,99.97,99.76,0,0
419.wav,0.09,0.24,0.2,0.44,0.08,28.37,6.25,0.54,10.65,5.03,20.2,3.96,5.96,0.21,3.62,0.83,0,5.1,0.29,0.02,0
42.wav,0.03,1.76,38.47,0.08,0,0.79,47.91,0.76,18.56,54.98,97.72,5.57,0.16,0,3.32,0,0,4.37,77.41,0,0
420.wav,0,0,0.23,0,0,0,0.2,0.2,0.11,1.12,8.08,4.12,0,0,11.27,0.01,0,0,5.05,0,0
421.wav,0,0,1.42,0,0,0,0.41,0.04,0.08,0.96,4.09,1.5,0,0,0.04,0,0,0,2.36,0,0
422.wav,0,0,1.34,0,0,0,1.11,0.1,0.17,0.6,25.65,1.61,0,0,0.01,0.01,0,0,12.42,0,0
423.wav,0,0,84.1,9.76,0,0,92.47,92.43,5.46,0.58,81.51,2.5,0,0,53.57,0.57,0,57.03,93.39,0.02,0
424.wav,0,0.02,0.01,0,0,0,0.52,1.86,0.04,0.44,9.41,3.07,0,0,0,0.02,0,0,5.06,0,0
425.wav,0,0,73.07,1.11,0,0,11.63,34.88,1.22,4.34,28.06,2.49,0,0,6.58,0.09,0,0,11.95,0.01,0
426.wav,0,0,0.21,0,0,0,0.26,0,1.85,1.39,4.18,0.24,0,0,0.12,0,0,0,0.75,0,0
427.wav,0,0,0,20.23,0,0,1.55,17.49,0.64,0.5,10.74,0.82,0,0,0.03,0.71,0,0,0.13,7.02,0
428.wav,0.03,0.01,5.55,3.03,0,0,2.41,76.04,7.72,7.6,7.64,3.09,0,0,16.54,0.06,0,0,43.1,0,0
429.wav,0.02,86.47,0.08,0.02,0.01,3.55,2.65,0.01,16.15,46.69,11.87,1.97,13.27,0,0.44,0.04,0,99.87,8.61,0,0
43.wav,0,2.39,4.74,0,0,0.01,38.79,0,3.79,6.31,15.86,0.16,0,0,12.78,0,0,0.27,60.31,0,0
430.wav,0.12,51.61,1.29,14.14,0,0,18.3,82,3.13,9.35,73.89,31.71,0.04,0,0.85,0.08,0,0.02,4.88,0,0
431.wav,0.7,0.62,86.54,0.58,0,0,91.03,3.13,1.28,0.17,99.06,5.94,0,0,24.66,0.5,0.01,0,79.94,0.01,0
432.wav,0,0.41,53.18,0,0,0,66.7,0.11,0.32,1.62,78.25,0.4,0,0,68.5,0.03,1.25,0,98.43,0,0
433.wav,0.01,1.41,0.06,0,0.01,0.52,4.32,0.26,9.22,3.88,4.88,0.37,0.08,0,0.06,0,0,0,0.05,0,0
434.wav,0,0,1.26,0.07,0,0,0.51,1.38,0.13,0.35,15.23,8.98,0,0,0.57,0.03,0,0,95.72,0,0
435.wav,0,0.18,4.85,0.19,0,0,11.21,52.15,0.02,8.46,10.26,21.9,0,0,2.91,1.24,0,1.52,15.86,1.39,0
436.wav,0,0.5,94.22,0,0,0,3.49,0.1,0.06,0.09,82.67,2.62,0,0,4.89,0.01,0,0,62.77,0.01,0
437.wav,0.02,0.14,3.08,0.01,0,0,84.67,6.56,0.11,1.77,37.59,3.28,0,0,28.88,0.11,12,0,87.17,0.16,0
438.wav,0,5.63,8.97,0.58,0,0.12,8.51,0.38,0.13,4.42,76.81,1.15,0.01,0,0.55,0,0,0,11.6,0,0
439.wav,0.04,0.93,2.21,0.15,0,3.6,7.51,0.01,44.96,3.33,2.34,7.67,0.87,0,0.26,0.12,0,85.58,1.7,0,0
44.wav,0,0.09,6.42,0.01,0,0,6.43,0.01,3.94,3.34,8.78,1.91,0,0,12.27,0.01,0,1.9,4.7,0,0
440.wav,0.01,1.32,0.24,0,0,0,1.57,0.21,4.9,5.71,20.29,1.55,0,0,1.46,0,0.01,0,0.01,0,0
441.wav,0,35.64,1.56,0.11,0,0.01,9.62,2.26,0.27,5.52,45.93,2.11,0,0,57.15,0.02,0,0.03,94.17,0,0
442.wav,0,0,77.87,0.01,0,0,45.33,3.56,1.17,0.1,99.94,4.63,0.01,0,1.66,0,0,0,78.48,0.02,0
443.wav,0,13.73,1.42,0,0,0,0.79,1.42,0.09,2.44,19.18,1.31,0,0,9.34,0,99.9,0.03,76.67,0,0
444.wav,0,0,0.13,0,0,0,38.99,1.48,1.12,0.15,20.16,3.67,0,0,0.22,0,0,0,0.02,0,0
445.wav,0,0.9,0.71,0,0,0,0.74,0,0.01,5.25,6,0.88,0,0,9.86,0,0,0,26.28,0.08,0
446.wav,0,0.12,98.23,0,0,0,64.32,0.89,0.03,0.17,94.64,0.31,0,0,10.52,0.01,0,0,22.38,0.33,0
447.wav,0,0.04,0.02,0.54,0,0,0.42,0.11,0.12,0.47,6.44,0.02,0,0,0.02,0,0,0,0.15,0,0
448.wav,0.01,0.03,2.94,89.16,0.01,0,3,27.88,12.74,6.95,47.71,2.9,0,0,16.45,0.01,0,0,7.57,0,0
449.wav,0.79,7.8,0.06,0.43,0.01,0.27,24.17,0.03,41.96,51.67,7.09,9.06,4.35,0,1.99,0.37,0,98.78,2.29,0,0
45.wav,0.07,5.42,1.08,0,0.01,0,10.47,0,6.81,6.73,75.86,0.52,0.01,0,3.77,0.02,0,10.92,8.18,0,0
450.wav,0,0,0.02,2.21,0,0,0.13,2.28,2.06,2.26,6.83,0.23,0,0,0.03,0,0,0.03,0,0,0
451.wav,0,0.06,13.96,2.69,0,0,3.09,22.63,4.58,4.25,62.06,5.83,0,0,33.92,0.11,0,0,4.35,0,0
452.wav,0,0,0.24,0,0,0,0.1,0,2.01,1.05,2.77,0.26,0,0,0.48,0,0,0.02,4.07,0,0
453.wav,0,0,0,0,0,0,0.06,0.04,0.4,0.46,2.3,0,0,0,0.01,0,0,0,0.64,0,0
454.wav,0,0,0.1,0,0,0,0.25,0.01,2.33,0.05,16.37,0.96,0,0,0.83,0,0,0,2.39,0,0
455.wav,0,0,0.82,0,0,0,0.13,0.04,0.77,0.22,2.75,0,0,0,1.06,0,0,0,0.45,0,0
456.wav,0,0,0.68,0,0,0,0.64,0,1.19,1.62,8.76,0.06,0,0,8.7,0,0,0,30.76,0,0
457.wav,0,0.85,7.18,0.01,0,0,0.84,0.1,2.75,1.15,9.76,49.23,0,0,3.54,1.44,0,0,11.02,0,0
458.wav,0,0,19.26,0.01,0,0,4.35,0.03,12.72,1.75,9.51,1.16,0,0,2.8,0.04,0,0,88.72,0,0
459.wav,0,0,26.73,0.04,0,0,0.66,0.01,2.04,0.52,31.52,1.13,0,0,7.7,0.07,0,8.63,12.98,0.19,0
46.wav,88.13,99.88,69.28,0.02,0.77,97.98,96.31,0.03,90.81,96.43,99.86,1.72,99.24,0,20.95,0.06,0.57,100,99.59,0,0
460.wav,0,0.51,0.05,0.02,0,0.51,8.27,0,9.53,11.44,24.13,16.78,0,0,0.09,0,0,55.16,50.76,0,0
461.wav,0,0,0,0.01,0,0,2.5,0.1,0.01,0.83,12.54,0.04,0,0,0.03,0,0,0,0,0,0
462.wav,0,0,0,0.01,0,0,0.4,0.12,0.34,1.53,12.83,0.68,0,0,0.04,0,0,0.43,0.4,0,0
463.wav,0,0.03,0.96,0,0,0.01,0.33,0.49,2.93,3.01,4.58,1.65,0,0,0.84,0,0,0.01,5.74,0.01,0
464.wav,0,0,0.01,0.01,0,0,0.61,0.03,2.53,0.98,1.42,0.32,0,0,0,0,0,0,0,0,0
465.wav,0,0,0.01,0.18,0,0,0.7,22.54,0.1,0.28,37.66,2.22,0,0,0.39,0.48,0,0,1.17,0.2,0
466.wav,0,0,0,0,0,0,0.01,0.01,0.09,0.85,0.95,0.27,0,0,0,0,0,0,0,0,0
467.wav,0,0,0.59,0.02,0,0,0.33,0.81,0.05,2.1,12.16,3.57,0,0,0.06,0.01,0,0,1.22,0.19,0
468.wav,0,0,0,0,0,0,0.09,0.04,0.07,0.63,0.27,0.25,0,0,0.02,0,0,0,0,0,0
469.wav,0,0,0,0,0,0,0.4,0,0.41,1.81,1.78,0.12,0,0,0.02,0,0,0,0,0,0
47.wav,0,17.95,11.64,0,0,0.03,23.39,0,3.43,7.76,53.03,2.43,0,0,1.79,0.07,0,70.53,62.45,0,0
470.wav,0,0.01,0,0,0,0,2.91,0.14,0.09,1.44,2.99,0,0,0,0.01,0,0,0,0,0,0
471.wav,0.01,13.54,44.31,1.02,0.01,8.59,67.58,0.47,31.25,85.81,89.76,32.86,0.02,0,8.1,1.2,0,51.42,96.84,0,0
472.wav,0,0.47,0.16,0.25,0,0,0.12,1.06,0.36,0.18,25.76,0.03,0,0,0.13,0,0,0,3.15,0,0
473.wav,0,1.34,30.08,0.4,0,0,0.17,75.9,0.1,17.68,8.36,0.27,0,0,9.33,0.12,0.01,0.88,10.15,0.03,0
474.wav,0,0,1.69,0.11,0,0,0.05,0.2,0.49,2.09,6.93,1.06,0,0,0.08,0,0,0,8.81,0,0
475.wav,0,0.01,20.55,0.2,0,0,0.85,0.36,0.15,0.23,14.37,0.86,0,0,0.62,0.02,0,0,5.02,0,0
476.wav,0.03,0.01,62.07,0.01,0,0,23.07,1.94,0.38,0.62,53.61,2.45,0,0,23.12,0,0,0,78.81,0,0
477.wav,0.01,0.51,0.03,0.05,0,0,0.12,3.95,21.27,1.57,8.23,0.52,0.01,0,0.09,0.02,0,0,0,0,0
478.wav,0,3.24,0.01,0.15,0,0,2.03,1.02,0.24,4,4.37,0.16,0.01,0,0.02,0,0,0,1.36,0,0
479.wav,0,0.03,1.65,2.64,0,0,2.85,5.12,2.87,0.38,8.01,0.05,0,0,6.88,0.01,0,0,0.62,0.39,0
48.wav,0.03,25.92,3.11,0,0,0.17,12.72,0,6.58,3.97,69.55,1.07,0.06,0,8.37,0.01,0,14.32,39.01,0,0
480.wav,0,0,0.83,0.14,0,0,0.08,20.31,0.08,0.59,2.45,3.72,0,0,0.13,0.23,0,0,0.94,0.53,0
481.wav,0,0.15,0.01,0.31,0,0,0.44,0.13,7.47,5.48,6.42,1.46,0,0,0.95,0.21,0,0,42.75,0,0
482.wav,1.8,54.9,66.06,0.04,0.02,88.21,21.02,0.08,43.81,88.82,82.75,6.26,0.89,0,7.56,0.17,0,99.16,98.15,0,0
483.wav,0,0,0,0,0,0,0.05,0.01,0.02,0.75,20.03,0.16,0,0,0.06,0,0,0,0,0,0
484.wav,0,1.95,0.75,0,0,0.05,24.68,0.4,2.71,0.69,59.82,24.53,0,0,0.39,0,0,0,4.08,0,0
485.wav,0,0.04,0,0,0,0,0.08,0.06,1.12,0.02,3.58,0.64,0.01,0,0.01,0,0,0,0.02,0,0
486.wav,0,0.37,0,0,0,0,0.12,0.05,0.07,0.23,4.19,0.54,0,0,0.01,0,0,0,0,0,0
487.wav,0,0.2,0.29,0.02,0,0.01,0.49,0.83,3.05,1.73,2.78,0.47,0,0,0.07,0.6,0,1.2,30.5,0,0
488.wav,0,0.16,0.19,2.13,0,0,0.24,0.85,4.3,3.93,0.46,0.24,0,0,0.17,0,0,0,1.56,0,0
489.wav,0,0,0.01,0,0,0,0.02,0.63,4.71,1.61,5.4,0.69,0,0,0.27,0,0,0,16.78,0,0
49.wav,0,1.87,38.82,0,0,0.08,38.19,0,3.36,9.38,89.34,1.71,0,0,19.26,0.01,0,6.87,2.25,0,0
490.wav,0,0.02,2.33,0.1,0,0,1.39,1.99,2.26,0.67,2.9,0.31,0,0,0.21,0.04,0,0.24,12.87,0,0
491.wav,0.03,5.79,1.96,5.79,0.01,0.01,4.89,7.95,2.05,6.4,2.14,2.32,0,0,2.24,0.1,0,0,6.4,0,0
492.wav,0,0.14,0,0.01,0,0,0.15,5.8,3.77,0.95,0.39,0.55,0,0,0.52,0.01,0,3.19,1.08,0,0
493.wav,0.32,30.57,14.55,1.68,0,32.86,9.75,0.06,44.42,51.85,65.32,12.06,0.01,0,2.5,0.15,0,10.9,81.47,0,0
494.wav,0,27.12,1.54,0,0,1.23,0.21,0,6.44,6.95,3.49,0.08,0,0,1.02,0,0,8.26,4.08,0,0
495.wav,0.01,0.45,3.97,0.01,0,0,18.79,9.71,2.22,1.24,13.56,3.08,0,0,1.35,0.03,0,0,98.89,0.08,0
496.wav,0,0,7.39,0,0,0,1.27,0,0.49,4.15,6.79,1.36,0,0,0.38,0,0,0,6.78,0,0
497.wav,0,0,0.01,0.02,0,0,0.25,1.8,2.13,2.55,2.83,4.81,0,0,0.04,0,0,0,0,0,0
498.wav,0,0.02,1.2,0.01,0,0,9.44,0.02,0.32,3.55,11.55,1.14,0,0,0.26,0,0,0.03,0.34,0,0
499.wav,0,0,0,0,0,0,0,0,0.16,0.33,0.65,0.35,0,0,0.06,0,0,0,0,0,0
5.wav,82.21,99.3,1.78,0.57,0.05,87.49,91.35,0.16,42.71,93.49,63.38,2.59,6.21,0,0.48,0.64,0,100,4.84,0,0
50.wav,0,0,0.2,0,0,0,4.46,0.01,0.16,0.63,49.12,0.16,0,0,1.22,0.03,0,5.89,5.94,0,0
500.wav,0,0,1.11,0,0,0,40.97,0.03,2.36,6.34,6,9.17,0,0,0.69,0,0,0,86.82,0,0
501.wav,0,0.13,0.01,0.04,0,0,0.64,63.15,0.05,0.95,14.32,3.24,0,0,0.17,0.72,0,0,0.73,0.03,0
502.wav,0,0.21,0.1,0.02,0,0,16.14,5.98,0.07,0.71,26.38,1.09,0,0,0.56,0.02,0,0,45.76,0.44,0
503.wav,0.05,14.82,1.9,0.11,0,0,32.37,69.78,0.15,1.16,61.31,2.88,0,0,1.06,0.27,0,0,1.32,0.9,0
504.wav,1.76,54.98,0.42,0.52,0,84.07,31.79,0,20.54,42.26,59.3,7.61,0.06,0,10.17,0.11,0,99.89,4.31,0,0
505.wav,0,71.18,1.08,0.11,0,0,22.21,2.06,0.21,0.96,5.67,4.7,0,0,3.44,0.01,0,0,4.18,2.64,0
506.wav,0,0.74,0.24,1.57,0,0.03,0.04,2.52,0.26,0.9,4.54,41.94,0,0,0.18,0.01,0,0.02,2.58,0.01,0
507.wav,0,0,2.03,0.14,0,0,1.61,0.37,7.53,1.22,24.79,0.67,0,0.01,0.98,0,0,0.01,25.53,0.1,0
508.wav,0,0,0.24,0,0,0,0.24,0.06,0.45,0.92,11.64,1.42,0,0,1.22,0,0,0,3.3,0,0
509.wav,0,0,43.91,0.17,0,0,95.8,72.35,0.28,0.1,81.1,15.87,0,0,21.41,0.11,0,0,94.86,0.04,0
51.wav,0,1.44,0.08,0,0,0,4.6,0.01,0.43,2.94,1.66,2.7,0,0,0.38,0.01,0,10.19,12.83,0,0
510.wav,0,0,0.57,0,0,0,19.51,0,0.18,0.47,74.77,0.22,0,0,18.74,0,0,0,20.85,0.02,0
511.wav,0.04,0,6.65,0,0,0,9.24,0,2.82,2.38,94.51,3.48,0,0,20.45,0,0,0.02,4.89,0.06,0
512.wav,0,0,0.08,0.13,0,0,1.7,0.33,2,1.74,5.83,4.65,0,0,0.36,0.01,0,0,9.5,0.01,0
513.wav,0,0,1.05,0.59,0,0,2.66,88.16,0.47,0.58,26.76,4.98,0,0,5.55,0.67,0,0,0.23,0.44,0
514.wav,0,0,54.3,0.98,0,0,1.99,86.61,3.57,1.81,86.73,7.48,0,0,14.79,0.62,0,0,11.55,0.13,0
515.wav,74.68,91.69,73.08,45.16,0.03,75.79,55.63,0.31,57.66,92.57,76.02,60.08,1.01,0,0.84,0.21,0.01,99.88,10.23,0,0
516.wav,0,0,0.86,0,0,0,1.09,0.16,0.62,0.72,51.96,4.21,0,0,6.64,0,0,0,57.23,0,0
517.wav,0,0,0.36,0.05,0,0,0.49,0.39,0.03,0.56,4.55,0.29,0,0,2.15,0.63,0,1.21,83.6,0,0
518.wav,0,0,15.73,0.99,0,0,0.95,61.85,0.07,0.32,82.33,6.46,0,0,1.53,0.14,0,0,98.09,0,0
519.wav,0,0,0.05,0,0,0,0.07,0.27,0.38,1.09,4.11,0.18,0,0,0.67,0.03,0,0.03,12.18,0,0
52.wav,0.07,29.97,25.5,0.01,0,0.01,34.37,0.42,8.56,27.84,87.62,1.47,0,0,1.84,0.02,0,28.12,98.11,0,0
520.wav,0,0,0,0,0,0,0.01,0,0.03,0.19,0.1,3.96,0,0,0,0,0,0,0,0,0
521.wav,0,0,0.02,0.01,0,0,0.93,0.29,0.23,1.69,3.62,4.69,0,0,0.4,0.16,0,0,2.54,0.02,0
522.wav,0,0,1.13,0,0,0,1.34,0.06,0.04,0.58,14.05,0.35,0,0,0.07,0.02,0,0,15.4,0,0
523.wav,0,0,0.01,0,0,0,0.16,0.09,0.04,0.53,2.87,1.14,0,0,0.09,0.51,0,0,0.04,0,0
524.wav,0,0,0.05,0,0,0,0.72,0.02,0.02,1.13,1.14,2.16,0,0,6.94,0.01,0,0,96.94,0,0
525.wav,0,0,1.08,0,0,0,3.57,0.82,0.07,0.26,3.61,14.6,0,0,0.69,0.47,0,0,7.46,0.01,0
526.wav,48.58,59.83,11.94,0.05,0.05,86.9,23.18,0.36,43.21,61.31,99.71,2.34,2.58,0,2.57,0.08,0.05,100,90.8,0,0
527.wav,0.33,62.72,0.49,0.7,0,78.34,6.46,0.07,11.28,29.71,6.78,33.5,0.04,0,0.1,0.13,0,55.78,2.69,0,0
528.wav,0,0,1.22,0,0,0,0.18,0.18,0.53,0.32,1.71,0.41,0,0,0.1,0.02,0.03,0,13.81,0,0
529.wav,0,0.01,0.2,0,0,0,0.42,0.03,0.02,1,4.68,0.3,0,0,0.12,0,0,0,5.15,0,0
53.wav,0,3.96,19.12,0,0,0.07,19.29,0,2.9,2.96,38.6,2.75,0,0,0.33,0,0,73.52,38.15,0,0
530.wav,0,0,4.99,0,0,0,0.31,0.3,0.32,2.44,1.11,2.65,0,0,0.65,0.44,0,0,11.74,0,0
531.wav,0,0.04,7.22,0,0,0,1.39,0.02,0.03,0.9,1.34,1.32,0,0,0.88,0.01,0.01,0,19,0,0
532.wav,0,0,1.02,0,0,0,9.88,0.24,0.02,0.24,8.3,0.39,0,0,1.59,0,0,0,24.55,0,0
533.wav,0,0.03,1.57,0,0,0,0.11,0.1,0.01,0.23,3.88,0.48,0,0,0.08,0,0,0,8.51,0,0
534.wav,0,0.01,4.35,0,0,0,0.37,0.01,0.02,0.74,2.2,0.66,0,0,2.89,0,0,0,1.9,0,0
535.wav,0,0.02,3.44,0,0,0,1.03,0.36,0.02,1.14,0.77,0.58,0,0,1.86,0.01,0,0,20.05,0,0
536.wav,0,3.61,0.47,0,0,0,4.59,0.57,0.07,0.11,4.97,19.53,0.01,0,0.43,0.64,0,0,4.45,0,0
537.wav,0,0,0.21,0,0,0,1.22,0.07,0.03,5.2,1.8,0.06,0.01,0,1.94,0.01,0,0,9.28,0.08,0
538.wav,0.12,82.25,73.81,0.02,0.01,16.85,64.55,0.01,35.67,84.17,15.69,22.24,0.05,0,2.08,0.01,0,26.73,14.25,0,0
539.wav,0,0,1.8,0,0,0,8.08,0.2,0.02,1.47,26.57,0.05,0,0,0.15,0,0,0,20.19,1.52,0
54.wav,0.02,4.53,4.36,0.04,0,0.02,15.63,0.01,4.71,1.82,87.75,1.31,0,0,4.1,0.05,0,0.21,55.59,0,0
540.wav,0,0,67.7,0,0,0,90.11,0.33,0.02,2.93,90.52,0.03,0,0,63.01,0,0.01,0,43.98,1.03,0
541.wav,0,0,0.62,0,0,0,1.63,0.01,0.01,2.49,13.67,0.12,0,0,17.98,0,0,0,65.84,0.02,0
542.wav,0,0,1.33,0,0,0,1.37,0.1,0.01,1.88,13.4,0.13,0,0,1.56,0,0,0,30.99,0.04,0
543.wav,0,0,0.03,0,0,0,0.5,0.01,0.03,3.01,3.2,0.24,0,0,0.05,0.01,0,0,1.03,0.01,0
544.wav,0,0,10.25,0,0,0,4.29,2.11,0.38,4.89,4.4,0.05,0.04,0,7.92,0.01,0,0,40.23,4.94,0
545.wav,0,0,0.03,0,0,0,0.49,0.82,0.02,1.06,2.23,0.29,0,0,0.46,0.01,0,0,1.64,0.93,0
546.wav,0,0,1.29,0,0,0,0.84,0.04,0.09,2.32,3.99,0.07,0,0,0.53,0.01,0,0,0.93,0.58,0
547.wav,0,0,1.1,0,0,0,1.24,0.76,0.01,0.65,5.49,0.07,0,0,1.74,0.01,0,0,6.37,0.02,0
548.wav,0,0,4.12,0,0,0,7.38,0.45,0.01,0.47,9.42,0.07,0,0,5.01,0.01,0,0,52.52,0.04,0
549.wav,5.07,71.73,0.07,0,0.01,2.08,39.49,0.03,30.18,11.46,33.19,1.42,1,28.22,1.83,0.18,0,100,1.76,0,0
55.wav,0.01,4.28,0.74,0.14,0,0.02,41.52,0,4.28,1.29,52.32,2.8,0.01,0,0.43,0.02,0,0.04,3.37,0,0
550.wav,0,0,19.3,0,0,0,11.36,0.34,0.13,3.46,35.97,2.16,0,0,1.16,0.01,0,0,57.02,0,0
551.wav,0,0,0.52,0,0,0,2.28,0.41,0.04,0.93,4.32,0.15,0,0,0.47,0,0,0,0.26,0.02,0
552.wav,0,0,4.25,0.01,0,0,2.26,1.25,0.1,6.82,14.88,0.04,0,0,0.52,0,0,0,2.81,1.06,0
553.wav,0,0,0,0,0,0,0.23,0.03,0.1,0.13,1.08,0.13,0,0,0.02,0,0,0,0,0,0
554.wav,0,0,99.16,9.57,0,0,95.17,92.9,0.13,0.13,97.75,11.13,0,0,67.05,9.76,6.48,0,86.14,4.53,0
555.wav,0,0.83,1.63,0.2,0,0,3.83,0.89,0.14,19.08,12.93,3.86,0,0,29.36,1.58,0,0.01,10.7,0,0
556.wav,0,0.14,0.78,0,0,0,0.42,0.09,0.2,1.74,1.74,0.13,0,0,0.25,0.01,0,0,93.43,0,0
557.wav,0,0,0.08,0,0,0,0.13,0.07,0.51,3.91,2.27,0.41,0,0,0.06,0.21,0,0,1.83,0,0
558.wav,0,0,0.51,0,0,0,0.13,0.01,0.4,1.28,2.31,0.1,0,0,0.4,0,0,0,0.96,0,0
559.wav,0.22,4.77,39.8,1.92,0.01,1.85,10.8,1.49,27.56,8.82,83.96,88.75,12.19,0,0.71,0.9,0,24.35,3.16,0,0
56.wav,0,30.24,2.6,0,0,0.01,7.92,0.01,3.11,2.46,95.18,1.24,0,0,1.69,0,0,68.39,9.41,0,0
560.wav,0,68.13,0.28,0,0,0.01,4.12,0.11,6.9,0.2,25.06,1.35,0,0,0.02,0,0,0,0.01,0,0
561.wav,0,3.72,0.11,0,0,0,3.68,0.07,2.25,0.33,8.33,2.19,0,0,0.01,0,0,0,0.02,0,0
562.wav,0,0,15.3,0.1,0.02,0,0.9,0.11,13.81,0.26,2.48,0.17,0,0,1.98,0.08,0,0,3.22,1.21,0
563.wav,0,0,0.08,0,0,0,1,0.05,0.86,0.15,5.21,0.09,0,0,0.23,0.01,0,0,3.04,0,0
564.wav,0,0,0.44,0.04,0,0,2.12,0.06,0.05,1.74,5.86,4.63,0,0,1.39,0.01,0,0,77.24,0,0
565.wav,27.01,58.18,53.86,97.54,92.44,16.97,0.2,35.97,81.63,1.04,8.52,70.23,61.62,63.12,50.82,13.76,99.93,93.77,99.21,34.66,0
566.wav,0,0.37,0.14,1.38,0,0.02,0.29,26.19,0.07,6.86,5.92,27.19,0,0,0.15,0.86,0,0.09,19.68,2.94,0
567.wav,3.13,76.24,2.62,63.42,0,86.65,22.62,10.51,2.47,13.27,17.16,7.27,7.72,27.97,1.3,4.61,0,99.93,8.42,0.03,0
568.wav,0,0,0.4,98.12,0,0,19.43,59.43,7.96,0.13,60.62,10.78,0.07,0,1.7,0.06,0,0,2.08,0,0
569.wav,0,0.96,0.04,0.01,0,0,0.08,1.23,1.98,0.35,4.92,0.13,0,0,0.02,0,0,0,1.4,0,0
57.wav,92.7,99.71,9.9,23.65,0.3,98,19.76,9.23,57.27,81.58,77.65,12.27,43.89,0,0.7,1.89,2.6,100,85.35,0,0
570.wav,0,0.94,3.55,0.04,0,0,0.28,10.25,5.33,0.34,5.11,8.91,0,0,0.11,0.11,0,0,25.73,0,0
571.wav,0,0.01,33.51,0.74,0,0,6.79,14.15,3.11,0.37,17.26,5.16,0,0,28.4,0.11,0,0,38.36,0,0
572.wav,0,0,1.64,0.01,0,0,3.2,38.01,3.59,4.54,96.56,1.64,0,0,23.18,0.1,0,0,91.24,0,0
573.wav,0,0,0.73,0,0,0,0.08,0.76,3.71,0.88,14.89,0.94,0,0,0.6,0,0,0,0.33,0.01,0
574.wav,0,0,0,0,0,0,0.02,0.06,0.01,0.03,0.61,0.18,0,0,0.01,0,0,0,0,0,0
575.wav,0,0,0.03,0,0,0,3.92,0.46,0.02,0.2,5.05,1.2,0,0,0.17,0,0,0,54.54,0,0
576.wav,0,0,0.38,2.75,0,0,1.09,60.99,0.3,0.09,6.97,1.87,0,0,0.04,0.91,0,0,0.25,2.52,0
577.wav,0,0,0.19,0,0,0,2.67,0.07,0.09,0.23,2.95,2.74,0,0,2.76,0.09,0,0,3.07,0,0
578.wav,97.31,98.28,96.54,51.66,0.45,69.96,93.83,2.97,33.45,36.12,97.78,1.95,3.48,0.45,80.6,10.09,11.87,100,100,0,0
579.wav,2.19,1.99,2.59,0,0,0.19,51.74,0.03,0.23,4.76,35.43,0.03,0,0.06,30.3,0,2.3,0.02,5.14,0,0
58.wav,0,3.53,33.75,0.02,0,0,34.26,0.05,2.31,8.09,75.9,0.86,0,0,2.01,0.02,0,1.22,16.6,0,0
580.wav,0,0,0.04,0,0,0,0.12,0.04,1.34,0.67,0.99,0.72,0,0,0,0,0,0,0,0,0
581.wav,0,0,42.61,0.25,0,0,1.15,1.84,1.48,0.29,12.13,0.92,0,0,55.25,0.02,0,0,1.93,0,0
582.wav,0,0,32.75,0.01,0,0,7.78,0.14,1.02,4.91,37.73,2.68,0,0,6.52,0,0,0.01,7.85,0,0
583.wav,0,0.05,0.78,0,0,0,0.18,0.5,0.35,0.75,11.92,40.57,0,0,0.4,0.01,0,0,2.46,0,0
584.wav,0,0,0.53,0.02,0,0,2.49,1.89,2.01,0.67,19.51,8.41,0,0,9.98,0,0,0,11.66,0,0
585.wav,0,0.03,0.05,0.3,0,0,0.2,0.09,1.51,0.97,5.81,6.61,0,0,0.82,0.01,0,0,5.88,0,0
586.wav,0,0,0.61,0.01,0,0,11.07,0.83,1.41,1.01,16.52,2.87,0,0,1.08,0,0,0,14.4,0,0
587.wav,0,0,1.13,0,0,0,0.19,1.52,0.58,0.24,3.31,23.43,0,0,0.52,0,0,0,10.87,0,0
588.wav,9.46,26.59,1.66,0.02,0.12,31.71,47.63,0.07,43.63,43.54,91.66,2.87,0.12,0,8.62,0.21,0.08,99.89,1.07,0,0
589.wav,0,0,2.35,0,0,0,1.17,0.85,1.27,0.31,7.05,0.89,0,0,1.72,0.09,0,0.04,40.06,0,0
59.wav,0.01,0.54,2.2,0,0,0,8.29,0,4.85,7.65,34.07,1.21,0,0,0.85,0,0,0.28,18.05,0,0
590.wav,0,0,0.2,0,0,0,1,0.07,0.25,0.56,3.9,0.42,0,0,0.32,0,0,0,11.46,0,0
591.wav,0,0,28.99,0.39,0,0,4.2,2.93,1.35,0.32,10.22,0.88,0,0,8.52,0.06,0,0,25.95,0,0
592.wav,0,0,0.71,0.01,0,0,0.09,0.02,0.04,0.27,5.13,7.18,0,0,0.28,0,0,0,2.15,0,0
593.wav,0,0.15,0.75,0.7,0,0,0.26,0.56,0.05,0.81,5.63,94.27,0,0,0.11,0.02,0,0,15.49,0,0
594.wav,0,0,4.79,0.02,0,0,0.12,1.85,0.17,1.14,3,0.25,0,0,0.15,0.37,0,0,12.53,0,0
595.wav,0,0.05,1.91,0,0,0,0.2,0.33,1.61,1.17,6.07,83.49,0,0,0.61,0,0,0,27.81,0,0
596.wav,0,2.71,24.62,0.02,0,0,0.03,0.84,1.25,0.91,3.11,41.19,0.01,0,1.21,0.01,0,0,36.43,0,0
597.wav,0,0,0.5,0,0,0,0.16,0.01,1.22,0.5,7.01,0.05,0.03,0,0,0,0,0,0,0,0
598.wav,0,0.11,0.07,0.01,0,0,1.11,0.86,0.92,0.59,3.72,0.12,0,0,0.42,0.01,0,0,27.07,0,0
599.wav,93.42,71.54,98.97,97.36,10.71,91.62,92.61,54.25,86.34,88.68,99.99,21.59,97.64,0,86.25,4.61,78.28,99.99,13.82,0,0
6.wav,2.19,97.49,97.71,0.41,0.01,2.87,54.84,0.58,28.79,95.51,99.91,2.35,0.57,0,0.98,0.36,0,99.99,30.24,0,0
60.wav,0.07,2.74,0.2,0,0,0.04,0.69,0,4.06,10.27,8.66,1.53,0,0,0.97,0.11,0,4.91,3.53,0,0
600.wav,0,0.02,0.07,0,0,0,0.15,0.36,1.13,2.05,3.54,3.64,0,0,0.03,0,0,0.06,3.27,0,0
601.wav,0,1.12,0,0,0,0,0.13,0,12.07,4.27,6.07,0.3,0,0.02,0.01,0,0.01,0.2,0.05,0,0
602.wav,0,0,2.07,0,0,0,0.03,0.16,0.06,0.14,13.42,0.13,0,0,0.08,0.03,0,0,1.47,0,0
603.wav,0,0,82.65,0,0,0,66.66,0.06,0.01,0.07,53.54,0.56,0,0,9.15,0.07,0,0,92.13,0,0
604.wav,0,0,2.76,0.01,0,0,43.93,2.68,0.06,0.68,7.1,0.56,0,0,0.24,0.25,0,0,95.68,0.01,0
605.wav,0.01,0.33,0.06,0.01,0,0,0.72,0.03,4.16,1.18,10.37,0.22,0.04,0,0.15,0,0,0.03,1.95,0,0
606.wav,0,0.87,0.02,0,0,0.03,19.3,0.21,0.96,1.55,9.85,0,0,0.01,0.26,0,0,0.01,0.05,0,0
607.wav,0,0.1,0.06,0,0,0,0.29,0.8,3.34,2.06,9.37,0.31,0.19,0,0.48,0,0,0,32.68,0.34,0
608.wav,9.78,76.88,4.9,0.43,0.01,88.43,6.66,3.32,21.2,64.54,98.81,9.62,17.67,0,2.6,1.2,0.13,100,74.32,0,0
609.wav,0,0,0.02,0,0,0,0.34,0.04,0.99,1.24,0.7,0.13,0.01,0,0.6,0,0,0,23.19,0,0
61.wav,0.07,3.04,7.35,0.23,0.01,0.01,74.81,0.01,18.91,4.88,89.04,0.4,0,0,18.12,0.03,0,0,3.77,0,0
610.wav,0,5.1,0,0.01,0,0,1.39,2.36,1.32,2,2.43,5.35,0.05,0,0.35,0.05,0,0.5,96.29,0.01,0
611.wav,0,0,45.14,0.05,0,0,72.29,25.7,4.32,7.51,40.76,2.36,0.03,0,98.67,0.46,0,0,97.48,20.33,0
612.wav,0,0,1.47,0,0,0,27.88,3.26,0.67,0.63,61.3,5.28,0,0,0.29,0.03,0,0,0.64,0.05,0
613.wav,0,0,0.63,1.15,0,0,31.22,1.24,0.33,0.17,9.95,5.79,0,0,0.26,0.06,0,0,64.74,4.03,0
614.wav,0,0.04,0.1,0,0,0,1.62,3.99,1.02,2.2,22.72,0.2,0,0,0.13,0,0,0,0.74,2.04,0
615.wav,0,0.01,0.54,0,0,0,17.39,0.03,0.02,0.41,7.81,0.58,0,0,1.42,0,0,0,1,0,0
616.wav,0.02,1.96,0.27,1.09,0,0,1.35,0.27,2.05,0.57,2.37,0.06,0.05,0,0.15,0,0,0,6.44,0,0
617.wav,0,0,0.02,0,0,0,1.04,7.67,0.04,0.6,1.42,1.37,0,0,0.03,0.02,0,0,10.72,0.11,0
618.wav,0,0,0.02,0,0,0,1.1,1.23,2.04,23.81,6.85,0.31,0.42,0,0.38,0.02,0,0,3.3,0.47,0
619.wav,0.18,96.23,12.37,0.07,0,46.56,27.23,0.32,24.13,76.16,7.89,13.47,0.43,0,22.87,0.38,0,99.24,89.29,0,0
62.wav,0,33.41,0.17,0,0,0,0.34,0,2.01,5.68,5.44,0.64,0,0,0.58,0.01,0,2.17,57.51,0,0
620.wav,0.22,0.01,0.02,0,0.53,0,0.82,0.97,4.47,1.4,11.95,0.3,0.31,0,0.14,0,0,0,1.3,0.19,0
621.wav,0.02,0.18,0,0.01,9.65,0,0.44,41.02,45.11,0.53,45.84,27.36,2.76,0,1.46,0.06,0,0,0.44,12.06,0
622.wav,0,0,22.51,0,0,0,0.05,0.07,0.57,0.61,11.47,1.42,0,0,52.18,0,0,0,17.85,0,0
623.wav,0.01,0,6.48,0,0,0,2.01,0.3,0.02,0.35,23.25,1.19,0,0,2.52,0.01,0,0,92.61,0,0
624.wav,0.02,0.01,0.01,0,0,0,0.03,0.18,0.8,0.69,0.29,0.16,0.32,0,0.05,0,0,0,0.04,0.01,0
625.wav,0.73,0.18,67.81,0,0,0.01,58.16,0,0.43,4.78,99.93,0.13,0,0,75.29,0.01,1,0,96.98,0,0
626.wav,12.11,0.32,2.37,0,0,0.07,16.29,0,2.19,3.35,34.57,0.14,0.01,0.02,1.82,0.03,46.87,0.02,33.23,0,0
627.wav,0.66,0.23,1.82,0,0.13,0.29,4.68,0,3.64,3.85,12.5,0.03,0.09,1.39,0.43,0,4.31,0.69,83.65,0,0
628.wav,0.07,1.57,59.09,0,0,0.09,91.35,0.01,0.1,6.01,72.67,0.07,0,0.04,81.15,0.01,8.89,0,78.89,0,0
629.wav,98.34,98.44,90.97,1.14,15.67,99.22,93,0.44,89.61,84.04,98.98,5.01,98.68,0.02,38.43,5.3,1.45,100,100,0.13,0
63.wav,0.02,26.55,0.02,0.05,0,0.14,12.15,0,12.76,12.45,28.85,5.26,0,0,0.29,0.02,0,61.08,1.75,0,0
630.wav,0,80.47,22.84,0.11,0,9,31.1,0.68,4.38,70.4,15.43,6.33,0.18,0.02,3.12,0,0,99.91,55.44,0,0
631.wav,0.01,0.94,4.91,0,0,0.05,55.82,0.01,0.22,4.91,30.23,0.04,0,0.1,2.76,0,1.08,0,23.37,0,0
632.wav,0.01,0.02,3,0,0,0.12,58.56,0,0.74,0.66,79.98,0.02,0,0.09,10.43,0,0,0,22.86,0,0
633.wav,0,0,0.37,0,0,0,0.06,1.07,0.02,0.69,2.47,0.25,0,0,0.06,0,0,0,2.07,0,0
634.wav,0,0,87.3,0.33,0,0,89.09,53.93,0.03,0.25,93.64,3.06,0,0,64.34,0.34,0,0,92.79,0.02,0
635.wav,0,1.1,1.96,0,0.02,0.16,12.33,0,3.4,2.96,50.14,0.06,0.02,3.81,0.59,0,0.12,0.06,20.59,0,0
636.wav,0,0.03,3.43,0,0.04,0.06,68.43,0.15,0.46,3.89,97.34,0.05,0,0.19,2.19,0.01,2.74,0.1,12.18,0,0
637.wav,0.2,0.74,20.36,0,0,0.43,77.1,0.01,0.3,13.01,87.3,0.64,0,0.07,87.31,0,70.93,0.46,59.2,0,0
638.wav,0.14,4.91,0.17,0,0.18,0.3,44.34,0,1.24,10.98,99.52,0.03,0.03,2.52,0.38,0,95.17,0.25,8.1,0.04,0
639.wav,0.49,90.56,86.96,24.57,0.03,75.44,46.89,1.66,56.41,49.1,55.48,14.78,23.15,0.01,0.66,0.38,0,97.53,37.23,0,0
64.wav,0,2,3.45,0,0,0.02,8.27,0.03,2.17,10.9,73.34,2.45,0.01,0,0.68,0.01,0,0.44,28.96,0,0
640.wav,99.18,99.91,5.21,98.33,74.67,97.64,86.05,53.96,91.51,98.78,99.45,16.19,94.47,0.01,30.28,1.1,96.21,100,24.13,0,0
641.wav,1.03,75.14,2.55,1.3,0,9.93,0.92,0.76,26.98,7.88,10.29,3.33,0.02,33.22,2.78,2.53,0,21.43,64.32,0.01,0
642.wav,10.86,89.65,0.25,0.02,0.08,8.12,2.22,0.03,35.19,23.29,21.17,2.7,0.01,0,0.29,4.4,0,98.43,88.33,0,0
643.wav,27.99,93.18,0.18,12.66,0.31,0.26,1.83,0.88,47.68,75.04,95.39,4.83,5.38,0,4.1,0.26,0,99.49,27.73,0,0
644.wav,96.19,82.99,98.52,1.6,0.08,99.32,94.67,2.37,54.48,21.79,51.76,3.34,82.2,45.25,35.25,9.98,14.94,100,58.58,0,0
645.wav,8.97,49.75,10.08,0.56,0,59.58,46.49,0.02,24.65,91.43,28.1,4.56,0.31,0,4.49,0.69,0,79.08,43.01,0,0
646.wav,0.04,99.09,80.56,69.09,0.02,63.47,91.87,9.4,42.27,94.1,45.54,13.13,0.23,0.07,28.61,0.09,0,99.25,96.13,0,0
647.wav,76.91,98.87,11.79,38.7,0,16.81,69.93,0.36,45.22,1.41,63.14,3.34,0.39,0.12,11.91,3.93,0,13.1,43.95,0,0
648.wav,96.16,72.07,87.5,0.19,0.58,68.4,27.1,4.56,67.77,24.75,92.87,2.38,85.01,0.01,3.38,0.19,0.01,99.92,38.9,0.01,0
649.wav,1.96,29.22,28.01,2.87,0.01,24.27,66.31,0.07,30.37,73.93,91.73,16.46,2.05,0,46.94,0.18,0,60.15,50,0,0
65.wav,0,2.75,1.88,0,0,0,4.18,0,0.16,8.97,2.56,0.49,0,0,0.14,0,0,0.99,34.48,0,0
650.wav,0,47.3,8.02,0.04,0,13.74,27.88,0.05,12.08,78.54,5.42,26.36,0.04,0,2.66,0.57,0,99.95,77.86,0.01,0
651.wav,0,8.42,99.15,1.6,0.01,7.98,75.3,0.22,26.96,85.92,44.09,43.39,7.66,0,17.33,0.03,0,72.04,99.59,0,0
652.wav,0.13,97.45,1.5,0.38,0.01,44.73,1.19,0.18,17.15,32.42,73.21,6.48,0.06,0,3.89,1.4,0,94.24,4.54,0,0
653.wav,0.41,64.41,44.69,0.52,0.01,6.12,84.34,0.01,27.38,73.78,59.21,2.27,7.86,0,19.56,0.59,0,76.45,44.97,0,0
654.wav,0.63,80.97,19.35,2.64,0,94,30.69,0.17,15.13,22.95,94.65,7.73,0.08,0,4.67,0.59,0,56.98,10.5,0,0
655.wav,0.05,1.06,12.86,0,0,0.09,4.27,0.1,5.87,1.44,89.34,0.5,0,0,0.58,0.03,0,0,51.91,0,0
656.wav,1.82,19.68,0.18,0.01,0.01,85.54,18.06,0.02,17.1,15.76,28.51,2.62,0.04,0,0.59,0.05,0.28,24.82,8.27,0,0
657.wav,0.2,98,11.01,1.02,0.01,1.11,80.32,0.43,25.61,34.3,99.61,1.04,0.04,0,3.9,0.08,0,70.82,54.74,0,0
658.wav,0.01,5.63,24.77,6.01,0,0.02,22.8,0.64,17.24,8.33,54.93,0.86,0,0,5.03,0.03,0,0.41,28.79,0,0
659.wav,79.21,94.44,84.18,0,0.02,59.81,25.76,0.05,59.7,46.02,45.69,1.3,0.01,0,6.84,0.07,0.73,100,93,0,0
66.wav,0.04,0.42,3.19,0.33,0,0.03,5.73,7.47,7.73,11.23,8.75,3.39,0,0,1.17,0.05,0,0.08,7.25,0,0
660.wav,7.65,88.78,86.44,0.01,0.8,99.53,37.77,0.16,67.09,96.66,90.81,2.52,45.9,0,3.87,0.11,0.05,99.99,84.79,0,0
661.wav,81.24,96.37,21.19,5.43,1.49,85.78,47.71,0.03,75.84,84.31,62,3.53,49.77,0,40.25,0.19,0,99.98,96.68,0,0
662.wav,0,0.28,11.5,0.02,0,0.24,27.75,0.62,32.57,5.37,80.45,6.42,0,0,19.54,0.03,0,0.01,28.82,0,0
663.wav,99.93,99.46,99.93,50,2.2,96.24,78.54,7.2,51.4,99.26,99.93,4.94,50.64,0,90.48,9.56,99.57,100,100,0.03,0
664.wav,91.84,95.23,99.81,81.59,0.1,87.47,49.81,23.26,88,25.42,99.62,3.29,61,0.03,94.19,7.12,0.01,100,100,0,0
665.wav,95.62,97.04,80.88,95.95,0.96,86.04,81.97,1.73,47.84,97.62,99.86,4.87,77.99,0,68.15,1.67,5.05,91.51,40.21,0.02,0
666.wav,0.31,0.73,18.58,0.24,0.01,0.08,11.46,3.21,33.6,16.15,86.34,10.26,0.01,0,4.38,0.68,0,75.21,5.27,0,0
667.wav,80.82,11.03,55.29,0.45,3.71,1.49,6.97,0.64,31.72,94.94,96.7,6.64,7.36,0,52.43,5.75,0,100,100,0.01,0
668.wav,0.02,94.33,79.29,0.08,0.09,77.83,56.37,5.14,20.61,63.89,98.21,2.89,0.01,0,11.93,0.8,0,100,90.32,0,0
669.wav,96.15,69.18,11.91,43.42,0.32,99.37,47.81,5.43,53.91,90.25,94.99,11.23,33.51,0,1.12,0.86,0.54,99.91,17.92,0,0
67.wav,0,0.41,19.3,0.11,0,0.1,24.62,0.14,8.98,3.98,51.66,0.17,0,0,1,0.07,0,96.99,76.33,0,0
670.wav,0.29,84.75,1.39,0.01,0,0,10.48,0.04,33.93,6.64,91.52,0.27,0.03,0,2.54,0.06,0.01,0.57,4.17,0,0
671.wav,0,0,0.42,2.22,0,0,2.53,73.33,2.67,1.01,82.54,2.95,0.04,0,2.44,0.04,0,0,5.68,0,0
672.wav,0.01,0,13.18,0.13,0,0,7.16,95.5,15.44,0.71,17.47,1.08,0.14,0,0.89,0.23,0,0.07,7.65,0.01,0
673.wav,5.35,0,6.69,16.3,0,0,3.25,81.13,6.79,2.52,49.94,16.57,0.34,0,1.78,0.22,0,0,4.73,0.01,0
674.wav,0,0.01,99.79,1.03,0,0,99.94,32.64,1.52,1.11,99.99,0.37,0,0,93.17,0.42,0,0,100,0,0
675.wav,0.27,97.39,4.59,0,0,0,52.67,0.74,1.38,13.76,31.63,2.45,0.01,0,0.42,0.11,0,60.9,1.7,0,0
676.wav,17.82,9.47,2.2,19.68,0.6,0,2.96,36.45,13.81,53.25,6.48,53.63,5.76,0,0.42,0.05,4.43,0.09,0.78,0,0
677.wav,0,0,0.37,0.14,0,0,2.34,19.39,2.97,3.67,35.35,3.36,0,0,0.48,0.15,0,0,0.22,0,0
678.wav,0.71,80.81,0.62,0.06,0.05,0.01,11.5,6.16,1.67,0.55,59.13,1.73,0.19,0,0.87,0.03,0.05,0,0,0.01,0
679.wav,0.14,0,0.51,0,0,0,49,0.05,2.91,0.92,56.13,0.17,0,0,1.31,0,0,0,16.66,0,0
68.wav,37.83,99.5,2.29,2.74,0.1,98.94,4.34,0.21,62.14,90.15,87.5,4.13,18.03,0,0.2,10.43,0,100,10.28,0,0
680.wav,0,0,99.99,0.98,0,0,99.52,21.07,6.1,24.68,99.96,2.32,0,0,93.2,0.05,0,100,100,0.02,0
681.wav,0.01,0.01,2.35,0.33,0,0,4.68,81.95,5.25,27.35,65.06,6.82,0.01,0,0.31,0.35,0,0,1.05,0,0
682.wav,0.02,12.92,97.83,0.25,0,0,43.64,45.86,2.13,1.5,72.15,9.1,0.67,0,5.19,5.17,0,0,45.5,0.04,0
683.wav,0.24,95.44,3.88,0,0.04,0,40.68,0.72,68.85,1.5,9.67,0.55,0.07,0,2.42,0.01,0.31,0.15,0.5,0,0
684.wav,0.06,0,1.62,0.08,0,0,10.99,73.95,4.81,4.72,84.64,1.67,0.1,0,0.22,0.03,0,0.06,2.63,0,0
685.wav,0.01,0,0.33,0.04,0,0,41.34,10.69,3.54,0.07,78.81,2.25,0.04,0,0.15,0.08,0,0,1.06,0.02,0
686.wav,0.1,0,1.4,3.44,0,0,13.56,97.3,5.9,0.89,25.73,12.29,0,0,0.47,0.32,0,0,5.5,0.02,0
687.wav,2.9,2.29,5.41,0.15,0,0,46.14,39.75,8.71,6.62,94.8,9.72,3.32,0,1.52,0.08,0,0,4.35,0.02,0
688.wav,0.01,0,5.7,1.15,0,0,5.17,90.17,1.87,26.57,97.42,37.57,0,0,1.36,0.71,0,0,1.56,0.4,0
689.wav,0,0,3.56,0,0,0,14.64,10.52,0.09,0.21,21.11,2.81,0.08,0,1.71,0.94,0,0,2.47,0.12,0
69.wav,0.02,16.8,18.9,3.95,0,0.89,73.07,2.8,27.11,5.55,92.09,0.83,0,0,3.12,0.02,0,4.75,86.17,0,0
7.wav,0.08,97.47,21.14,0.21,0.01,16.53,63.98,0.06,12.22,87.51,66.7,1.87,0.01,0,40.63,0.82,0,30.76,4.22,0,0
70.wav,0.05,13.11,17.12,0.01,0,0.82,11.49,1.99,2.74,10.21,40.48,0.34,0,0,6.12,0.02,0,86.6,86.1,0,0
71.wav,0,20.39,80.21,1.01,0,0.92,13.67,1,27.15,5.88,92.7,0.76,0.05,0,34.95,0.09,0,10.83,57.96,0,0
72.wav,0.04,42.03,41.06,0.07,0,6.57,32.8,1.29,14.08,10.65,99.74,0.35,0.02,0,3.24,0.02,0,9.77,75.43,0,0
73.wav,0,0.08,0.21,0,0,0.03,4.69,4.79,3.94,2.23,6.97,1.42,0,0,0.18,0.02,0,21.57,5.21,0,0
74.wav,0.2,3.92,22.4,0.01,0,0.94,43.62,3.43,54.41,6.54,93.91,0.31,0.03,0,1.29,0,0,54.61,71.02,0,0
75.wav,0.02,0.06,5.76,0.05,0,0.27,3.13,1.09,15.82,15.29,17.18,1.18,0,0,0.24,0.04,0,5.84,15.18,0,0
76.wav,0.08,0.04,59.6,1.41,0,0,1.67,1.97,10.35,7.72,67.11,1.32,0,0,8.13,0.01,0,0.07,98.59,0,0
77.wav,0,0.04,0.13,0.01,0,0,0.71,0,4.34,1.55,7.74,0.28,0,0,0.01,0,0,0.02,77.58,0,0
78.wav,0,0,24.38,0,0,0.03,5.3,0.01,0.46,1.36,32.58,1.06,0,0,1.19,0.01,0,0.63,5.88,0,0
79.wav,9.47,99.67,10.02,6.23,0.15,73.69,22.23,0.66,59.55,94.87,99.34,2.27,19.65,0,0.56,1.93,0,99.98,6.75,0,0
8.wav,78.55,58.36,7.62,0.21,0.13,60.45,46.78,0.12,47.16,39.06,83.92,3.62,6.28,0,0.44,1.59,0.02,100,13.62,0,0
80.wav,0,6.1,1.21,0,0,0,4.18,0.02,0.58,5.9,12.75,0.16,0,0,0.1,0.01,0,60.78,4.03,0,0
81.wav,0,1.65,10.42,0.05,0,0.11,19.17,0.1,5.23,6.79,92.76,0.97,0,0,1.67,0.04,0,0,53.47,0,0
82.wav,0,0.01,68.74,0,0,0,63.59,0,1.63,5.11,95.17,0.67,0,0,12,0,0,0.02,94.32,0,0
83.wav,0,13.17,0.22,0.01,0,0,0.64,0.02,1.79,1.88,33.15,1.91,0,0,0.87,0.02,0,0.08,14.69,0,0
84.wav,0,0,14.45,0.09,0,0.01,12.96,0.01,6.15,3.62,73.51,1.2,0,0,25.24,0.06,0,0.02,44.59,0,0
85.wav,0.03,2.31,0.63,0.01,0,3.35,6.1,0.01,9.95,12.63,9.23,0.23,0,0,0.71,0,0,15.19,5.04,0,0
86.wav,0,0.01,0.78,0.64,0,0.01,12.74,0.06,2.26,1.76,41.74,0.46,0,0,0.66,0.01,0,0.02,95.7,0,0
87.wav,0.02,24.41,0.38,0,0,0.06,3.45,0,13.42,6.42,9.63,0.46,0,0,0.21,0,0,76.22,61.56,0,0
88.wav,0,0.54,57.78,0.01,0,0,11.65,0.24,6.76,2.3,97.81,0.22,0,0,0.52,0.07,0,0,76.9,0,0
89.wav,0.38,80.94,0.46,1.17,0,31.73,18.48,0.87,25,14.9,59.82,3.83,2.25,0.01,0.28,1.86,0,99.96,4.16,0,0
9.wav,75.39,74.75,0.11,13.72,0.88,32.83,7.76,0.6,88.38,47.82,32.07,3.57,80.63,97.13,0.7,7.03,1.37,100,56.93,0.14,0
90.wav,96.07,97.41,3.81,84.37,4.42,99,3.12,56.36,96.93,96.22,34.86,9.93,97.73,0,2.85,1.78,27.34,100,3.22,0.01,0
91.wav,0.3,47.17,30.46,0.01,0.03,2.67,12.11,0,11.92,16.24,95.06,0.31,0.01,0,0.73,0.01,0,76.08,18.5,0,0
92.wav,0,41.44,14.3,0.01,0.01,0.02,4.37,0.01,17.61,19.63,91.54,0.4,0.01,0,0.76,0.04,0,62.65,9.92,0,0
93.wav,0,5.77,83.08,0,0,0.01,3.31,0,5.12,11.66,18.04,0.19,0,0,36.73,0.01,0,2.59,61.5,0,0
94.wav,0.03,21.41,20.04,0,0.01,3.34,13.42,0.01,69.15,51.15,93.26,0.24,0,0,2.98,0.01,0,2.29,16.39,0,0
95.wav,0.17,3.96,17.29,5.63,0,4.73,4.11,0.05,23.42,34.22,83.03,1.06,0,0,8.17,0.01,0,14,68.73,0,0
96.wav,0.33,44.13,1.9,0.01,0.01,0.29,1.15,0,31.09,15.72,66.3,0.23,0.05,0,6.22,0,0,1.53,6.19,0,0
97.wav,0.03,13.22,7.81,0.19,0,0.02,2.92,1.88,29.54,9.29,38.54,0.92,0.01,0,4.59,0.01,0,0.02,41.03,0,0
98.wav,0.36,8.03,27.07,0.03,0.02,0.64,27.02,0.02,45.05,15.55,98.7,0.26,0.02,0,11.38,0,0,53.8,86.83,0,0
99.wav,0.03,21.54,71.32,0,0,0.15,47.7,0,17.53,33.03,97.11,0.16,0,0,50.18,0,0,27.77,95.89,0,0
audio1.wav,0,0.02,0,25.39,0.43,0.09,13.48,4.84,1.18,56.46,9.71,1.64,0.06,0.01,17.41,0.56,0.2,99.96,0.13,1.08,0
audio10.wav,0,0.29,2.96,0.01,0,0.77,6.78,0.36,1.82,22.9,7.9,0.42,0.01,0,1.94,0,0,96.22,2.79,0.02,0
audio100.wav,0,1.21,0.01,1.6,0.02,0.22,0.06,22.94,1.19,11.23,16.74,1.58,0,0.01,0.15,0.15,0.01,75.03,0.12,0.27,0
audio101.wav,0.05,55.24,0.65,5.81,0.02,56.09,0.18,13.54,3.01,85.5,17.49,10.8,1.23,0,4.64,10.69,0,100,24.42,4.63,0
audio102.wav,0.01,55.58,0.09,4.04,9.06,5.29,7.71,2.03,11.33,2.76,12.17,1.98,2.23,9.29,0.61,0.69,1.57,83.37,10.82,0.32,0
audio103.wav,0.01,0.36,0.01,11.87,0.01,23.05,0.34,46.75,20.28,6.88,16.31,1.15,0.01,0,0.3,1.25,0,99.98,0.01,0.15,0
audio104.wav,39.92,89.55,7.08,19.79,0.16,86.13,8.36,49.06,37.9,95.47,11.85,23.74,51.83,0,8.5,64.1,0.25,100,51.16,0.79,0
audio105.wav,66.39,90.69,9.99,13.1,0.13,86.19,3.7,53.19,85.17,95.54,65.42,1.14,3.97,0,45.18,0.94,0.01,100,86.36,3.32,0
audio106.wav,0.03,8.44,1.34,3.79,0.03,29.46,0.7,85.68,11.91,39.09,27.58,2.02,0.47,0,3.82,3.09,0,99.98,19.67,2.42,0
audio107.wav,6.68,95.63,8.09,87.34,15.54,88.74,62.69,2.44,49.74,86.58,97.72,4.25,36.93,0.77,61.94,11.09,99.98,100,0.71,91.95,0
audio108.wav,44.94,79.37,8.35,3.1,0.06,69.98,9.28,75.24,8.18,14.92,7.21,3.32,4,0.06,8.13,31.35,55.36,100,2.17,21.51,0
audio109.wav,0.19,0.72,10.56,93.62,0.78,13.55,3.29,28.91,21.13,82.7,5.6,5.69,1.7,0,2.75,2.36,0,100,1.13,0.69,0
audio11.wav,0,0.02,52.3,90.94,0.09,2.51,90.96,1.25,1.65,81.77,99.06,21.3,0.03,14.53,89.29,39.65,70.55,99.91,99.63,97.85,0
audio110.wav,0,18.81,0.49,0,0,4.34,3.69,0.19,9.68,17.74,15.24,0.32,0,0,0.33,0,0,31.26,49.99,0.07,0
audio111.wav,0,0.16,0,0,0.03,2.7,1.4,0.01,19.28,17.86,8.84,0.27,0.15,0,0.2,0,0,52.71,0.65,0,0
audio112.wav,0.99,94.91,64.49,0.19,1.08,42.39,41.03,45.15,6.37,88.85,86.4,8.55,1.54,2.54,62.98,0.97,95.02,100,87.02,90.28,0
audio113.wav,0,52.68,0.29,99.29,0.01,9.15,22.51,11.19,6.36,89.39,95.85,6.74,0.01,0.19,20.4,12.93,1.42,100,88.38,94.72,0
audio114.wav,53.4,56.22,2.53,72.49,0.02,75.25,6.4,56.78,55.73,84.29,67.3,1.6,7.81,0,3.74,1.01,0,100,99.98,0.64,0
audio115.wav,0.31,87.62,2.57,53.91,0.03,10.73,66.26,61.32,8.92,29.81,31.47,4.49,0.53,0.01,71.66,7.89,0,99.99,4.98,2.85,0
audio116.wav,0.01,0.27,0.2,3.28,0.07,0.1,1.34,17.11,2.86,6.68,2.5,1.63,0.03,0.01,0.11,0.09,0,19.09,0.01,68.23,0
audio117.wav,5.17,80.62,52.7,22.11,0.06,56.58,19.52,81.54,49.85,98.75,98.63,7.54,50.24,0.01,89.62,3.54,0.01,100,100,7.49,0
audio118.wav,0.01,71.43,23.52,15.31,0,61.35,5.42,92.66,2.51,8.02,61.26,1.34,0,0.12,27.75,5.47,0,56.34,6.65,3.33,0
audio119.wav,75.21,45.16,27.37,97.4,0.45,94.32,3.99,97.79,63.12,9.99,77.85,2.49,1.04,0,0.73,7.98,0,100,81.28,12.48,0
audio12.wav,8.63,0.13,4.47,0.18,0.26,9.71,64.55,0.06,5.68,73.53,69.91,5.67,18.02,4.32,23.59,6.69,100,100,4.25,0,0
audio120.wav,90.08,77.2,72.17,59.61,0.44,94.55,55.64,56.36,89.09,72.19,99.13,6.4,91.21,0.75,19.05,32.42,0,100,31.46,0.81,0
audio121.wav,90.76,98.98,6.79,15.12,6.98,97.79,4.85,0.74,53.18,47.55,21.38,5.84,48.69,4.66,33.25,24.95,0,100,3.96,58.86,0
audio122.wav,0.12,2.82,2.53,0.67,0.04,5.09,3.55,0.02,4.46,10.21,3.57,3.4,0.02,0.1,0.22,0.44,0,100,0.37,9.94,0
audio123.wav,76.24,83.17,5.81,0.93,28.88,99.59,2.75,52.7,16.56,74.19,9.3,2.1,43.87,0,3.72,10.48,99.98,100,1.93,0.18,0
audio124.wav,89.67,95.48,3.71,97.63,1.96,99.97,1.89,85.09,40.15,92.53,29.39,39.85,76.12,0.98,16.44,79.72,56.19,100,8.62,46.1,0
audio125.wav,0.14,75.16,0.12,15.06,0.29,66.23,1.85,85.33,7.26,57.43,3.74,1.62,4.08,2.87,0.82,4,0,99.85,8.84,7.13,0
audio126.wav,10.59,72.13,0.93,59.66,0.5,93.82,3.67,98.72,6.41,99.49,12.95,58.7,14.72,0.06,5.38,50.88,99.95,100,21.33,12.34,0
audio127.wav,0.15,86.69,0.07,1.09,0.02,53.5,1.31,1.82,1.72,10.92,9.71,2.2,0.03,0.12,0.09,1.47,0,66.08,58.64,48.31,0
audio128.wav,0.15,68.3,0.41,0.13,1.49,73.84,2.34,3.19,3.9,95.53,6.63,19.89,0.29,1.03,6.9,1.73,0,100,5.27,97.5,0
audio129.wav,21.85,1.15,1.92,8.27,0.64,15.02,9.13,14.79,16.3,86.71,12.92,10.38,22.39,40.63,7.48,27.08,0.02,100,0.98,4.08,0
audio13.wav,0,3.64,13.04,0.93,0,0.08,28.56,72.08,2.29,40.59,99.91,5.76,0,0,90.18,8.38,0,7.14,100,100,0
audio130.wav,79.6,83.49,3.77,2.26,2.3,99.84,28.77,98.33,30.99,59.96,98.06,1.61,17.15,1.82,1.54,9.98,99.98,100,39.03,0.74,0
audio131.wav,0.17,72.4,1.71,88.87,4.52,99.66,29.51,78.87,33.63,97.05,84.96,2.88,30.77,83.22,29.87,21.15,100,100,0.01,0.21,0
audio132.wav,0,88.52,0.63,16.27,0.03,92.96,8.61,65.1,7.28,9.84,13.93,2.71,0.07,27.59,48.4,1.29,0,99.78,99.17,16.98,0
audio133.wav,5.76,88.07,12.99,3.73,4.48,98.6,0.7,51.56,60.07,98.43,4.56,8.06,76.28,0.58,13.1,19.63,100,100,0.36,85.97,0
audio134.wav,97.49,99.58,7.71,0.4,1.94,99.86,95.44,14.24,74.26,92.6,98.59,1.24,86.77,2.21,76.67,6.64,99.99,100,100,0.96,0
audio135.wav,73.46,93.86,2.36,2.74,4.08,98.86,4.8,93.5,18.72,96.62,10.98,5.02,61.6,0.66,0.23,18.42,27.71,100,5.73,99.27,0
audio136.wav,0,7,0.28,57.82,0.02,22.34,0.9,0.39,11.01,32.69,5.09,12.28,0.05,0.03,0.03,1,0,99.99,2.67,36.43,0
audio137.wav,0,1.71,0.01,0,0,1.19,0.02,0.01,10.98,7.22,0.94,0.74,0,0.05,0.29,0.01,0,100,1.02,0,0
audio138.wav,97.93,75.5,0.49,0.65,1.17,93.26,1.59,5.03,80.81,25.07,38.73,8.46,43.77,0.11,0.95,10.99,0,100,96.62,89.25,0
audio139.wav,17.97,87.64,0.46,1.16,7.49,94.55,11.69,2.93,9.23,64.18,11.21,8.45,4.86,8.48,47.1,6.88,0,99.98,92.32,0.48,0
audio14.wav,0.07,4.4,0.01,0.01,0.08,33.57,5.53,0.14,1.54,58.53,9.04,1.1,0.4,0.97,0.55,2.55,50.8,100,0.18,5.12,0
audio140.wav,0.02,53.51,0.09,46.42,0,27.76,40.07,18.07,36.86,6.79,45.52,2.23,0.38,0,4.18,0.14,0,100,85.93,0.01,0
audio141.wav,68.56,10.17,1.51,1.43,0.72,88.12,3.96,46.59,51.4,66.56,4.4,2.28,23.06,0,0.58,10.64,0.51,100,23.7,35.78,0
audio142.wav,0.02,65.1,94.15,42.87,0.05,83.14,55.89,89.81,23,88.66,91.65,7.46,0.95,0.48,83.92,10.71,98.88,100,100,99.9,0
audio143.wav,51.45,5.25,8.06,2.22,0.21,33.8,5.16,75.81,69.69,91.77,9.45,2.69,11.3,0,8.44,3.49,99.46,100,27.26,4.4,0
audio144.wav,0.13,99.94,8.7,80.1,0.74,99.97,1.44,18.33,72.71,73.64,16.56,2.8,17.59,26.48,4.03,16.55,96.72,92.04,99.97,0,0
audio145.wav,79.67,64.07,0.13,44.64,2.84,94.68,28.73,63.05,57.01,95.81,17.91,86.74,27.24,1.58,0.06,95.24,100,100,64.53,0.27,0
audio146.wav,0,0.18,0.24,0.36,0,0.3,2.93,0.73,6.31,5.76,6.28,2.65,0.06,0,0.05,0.63,0.03,66.77,0,7.5,0
audio147.wav,0,17.11,12.48,0.89,7.03,26.39,9.19,6.11,30.49,90.46,27.53,3.77,34.13,0.71,0.47,15.04,50.78,100,100,99.2,0
audio148.wav,0.57,59.45,1.3,0.04,0.08,96.43,19.57,3.36,68.07,9.47,63.03,0.78,3.77,0,1.97,0.63,0,99.96,26.3,0,0
audio149.wav,0.53,40.55,5.76,5.49,1.11,98.84,8.9,60.18,53.56,98.63,63.28,12.15,22.33,0.26,19.39,1.19,98.9,100,99.94,98.4,0
audio15.wav,0.02,20.75,1.19,23.08,0.16,0.63,68.31,24.23,0.8,94.45,27.9,1.24,1.24,0.64,11.21,53.91,0.04,100,7.55,25.96,0
audio150.wav,3.46,88.3,11.03,26.72,0.21,52.41,3.58,32.64,43.41,41.2,99.26,5.61,54.44,0.06,20.61,3.23,99.98,100,100,90.32,0
audio151.wav,0.06,72.21,0.13,0.04,0.11,15.12,1.52,38.5,10,18.59,8.11,4.01,0.2,0,0.03,0.42,7.71,94.77,86.5,0.04,0
audio152.wav,0.07,94.93,94.03,0.14,0,51.5,95.09,5.87,17.49,28.25,83.67,2.87,0.01,0,80.72,0.8,0,100,99.99,6.06,0
audio153.wav,0.05,0.97,20.46,0.04,0.09,5.55,4.3,31.39,54.27,97.58,6.86,10.08,0.17,0.03,7.91,0.45,0.63,100,9.79,84.13,0
audio154.wav,3.82,83.48,10.18,95.45,0.06,98.88,10.35,97.29,65.71,97,99.56,15.63,4.37,1.99,18.89,43.51,83.82,100,100,99.5,0
audio155.wav,0.07,0.25,0.13,0.03,0,5.37,0.44,12.57,0.85,21.45,13.59,1.5,0.44,0.02,0.42,50.43,0,97.86,0.48,37.17,0
audio156.wav,0,2.9,0.75,0.21,0.16,0.62,82.46,74.99,4.53,28.67,76.24,3.41,0.01,0.05,0.42,2.76,99.91,100,14.21,0.08,0
audio157.wav,0.03,99.91,0.01,0,0.01,2.41,0.74,0,11.65,46.24,4.91,0.13,0.02,0,0.06,0,0,79.1,0.82,0,0
audio158.wav,15.18,45.08,18.94,0.96,4.57,42.99,20.31,8.5,12.31,94.31,9.9,0.46,28.35,99.25,74.04,1.98,99.54,100,58.55,2.13,0
audio159.wav,0.48,98.92,91.67,55.99,0.18,16.38,9.97,98.87,34.92,96.5,70.4,6.95,4.47,57.16,7.45,60.95,100,100,96.35,100,0
audio16.wav,57.87,99.94,34.22,17.46,0.12,99.83,11.98,12.4,14.92,96.86,65.51,5.02,34.33,0,24.73,2.29,0,100,5.81,0.01,0
audio160.wav,16.89,80.14,2.16,37.79,0.01,60.56,22.09,6.48,34.17,1.01,72.43,1.84,0.06,0,2.52,6.26,0.08,2.09,96.64,0,0
audio161.wav,0.01,4.86,0.63,0.74,0,0.06,54.4,2.22,6.97,75.73,36.17,3.99,0.02,0,1.66,3.69,3.32,100,12.79,1.74,0
audio162.wav,0.51,11.35,4.81,0.07,0.12,36.36,9.58,31.8,15.79,63.02,7.36,1.48,0.06,0,0.83,0.26,0,99.99,64.35,0.02,0
audio163.wav,5.86,65.96,86.88,0.01,0,69.43,94.24,0.2,0.71,29.92,85.65,1.15,0.06,92.15,13.12,2.62,0.39,99.86,100,0.54,0
audio164.wav,0,0.46,0,0.73,0,0.97,0.02,15.08,1.63,22.95,17.56,2.64,0,0,0,0.09,0,33.8,0,2.31,0
audio165.wav,1.77,0.07,10.72,0.38,0,1.59,2.09,3.46,11,92,9.68,5.07,0,0.18,7.73,19.72,0,100,100,10.99,0
audio166.wav,0,97.91,27.27,7.14,0.1,48.91,9.91,82.05,11.25,18.26,68.32,3.68,0.4,5.78,5.43,15.57,0.96,100,28.95,2.73,0
audio167.wav,0.46,95.42,9.64,0.3,0.24,1.57,39.95,12.27,11.93,86.55,33.28,4.25,3.71,0,90.21,6.19,0.02,100,1.79,0.4,0
audio168.wav,17.33,99.98,99.63,99.88,19.07,100,97.06,99.85,49.51,99.63,99.96,6.66,34.93,99.82,97.17,32.03,99.82,100,99.92,0.03,0
audio169.wav,0.07,55.28,85.77,44,0.61,56.28,91.44,51.84,13.19,99.59,95.11,10.06,0.67,76.29,0.56,4.11,99.1,100,66.3,98.84,0
audio17.wav,0.07,83.28,0.17,0.11,0.29,81.06,55.9,44.1,8.31,91.59,74.79,2.62,0.7,23.35,4.53,2.78,62.03,100,99.98,98.26,0
audio170.wav,1.67,99.83,74.35,99.99,1.1,100,92.75,98.41,53.14,95.94,99.8,16.4,9.2,99.84,85.38,72.14,93.95,100,99.94,0.07,0
audio171.wav,33.56,99.09,26.37,98.06,18.1,100,30.12,99.21,89.48,55.26,12.94,11.09,99.89,78.89,8.51,13.23,0.35,100,7.64,0.03,0
audio172.wav,0.02,76.16,1.08,0.26,0.1,70.47,3.23,2.67,71.95,12.81,11.7,1.83,4.62,4.4,0.43,0.16,2.17,100,0.81,0.25,0
audio173.wav,0.06,99.96,1.64,2.62,0,88.63,7.93,4.53,6.27,71.32,5.84,3.78,0,0,2.26,0.04,0.17,100,1.61,0.04,0
audio174.wav,2.97,99.97,0.84,0.02,0.02,98.85,60.83,2.97,9.64,96.73,6.71,1.62,4.59,0,2.35,0.88,25.11,100,54.83,0.01,0
audio175.wav,6.54,99.99,0.76,66.83,0,98.62,6.65,81.74,17.12,21.17,3.59,5.63,1.69,0,1,0.86,0.1,100,3.58,0.01,0
audio176.wav,0.02,99.96,33.29,1.29,0.01,98.57,2.9,0.32,8.62,42.53,4.06,0.68,0.06,0,0.65,1.07,0,100,3.38,0,0
audio177.wav,3.19,82.91,0.73,0.02,0,41.85,7.02,0.62,13.62,67.6,4.79,5.48,0.02,0,0.05,0.01,0.05,100,3.47,0,0
audio178.wav,0,80.76,0.02,0,0,4.11,1.49,0.01,9.47,15.68,8.89,0.43,0.16,0,0.24,0,0,100,1.35,0,0
audio179.wav,0,99.98,73.59,0,0,90.07,4.93,0,0.8,47.5,48.08,0.06,0,0.09,18.68,0,0,100,0.01,0,0
audio18.wav,0,0.04,0,3.42,0,0.21,5.29,6.38,0.04,1.85,15.28,5.61,0,0.01,0.18,0.12,0,97.62,0.01,51.87,0
audio180.wav,0.02,65.62,0.06,0,0,0.76,2.55,0,7.51,13.2,3.33,0.21,0,0,0.01,0,0,100,0.02,0,0
audio181.wav,0.03,95.94,40.12,0.8,0.01,97.23,48.45,74.88,46.53,15.21,92.18,1.98,1.48,79.61,0.12,0.07,0,100,0.1,0,0
audio182.wav,96.15,98.9,71.52,99.98,1.26,86.62,6.82,99.65,38.01,2.34,27.45,14.81,84.81,95.47,82.36,37.68,4.57,100,50.15,0.05,0
audio183.wav,2.76,93.93,7.51,40.11,6.92,41.86,15.37,23.77,35.16,42.42,55.09,4.83,0.61,0,10.94,0.56,98.06,100,32.73,0,0
audio184.wav,94.53,96.95,1.33,0.33,13.64,99.81,1.58,82.18,67.53,98.14,32.44,4.09,93.94,97.6,1.31,4.11,85.66,100,1.94,2.39,0
audio185.wav,11.1,99.67,0.05,82.85,0.03,96.59,34.02,23.98,74.27,5.99,57.26,0.9,1.75,61.45,0.22,0.19,0.68,100,1.05,0,0
audio186.wav,0.03,53.65,0.28,0.15,46.64,54.05,11.97,18.86,21.4,35.54,11.75,4.48,90.78,25.32,1.04,1.12,99.88,100,0.15,7.79,0
audio187.wav,23.43,33.86,7.2,11.06,26.5,95.46,5.01,78.15,3.03,40.78,9.06,5.82,18.14,96.61,0.52,8.55,99.99,100,0.44,0.31,0
audio188.wav,0.27,0.01,0.13,1.87,4.19,2.18,0.94,20.76,13.97,77.55,7.05,6.2,0.73,20.37,0.24,2.1,100,98.96,0,55.48,0
audio189.wav,39.63,98.78,45.77,39.43,0.45,85.61,6.25,96.34,32.27,44.9,53.77,3.94,43.42,49.76,56.16,6.47,99.97,100,28.6,0.33,0
audio19.wav,0,0.02,1.34,0.72,0.01,0.41,13.11,33.21,4.22,4.38,5.23,2.88,0.02,0.03,1.97,2.75,0,0.83,5.85,31.51,0
audio190.wav,60.85,99.91,99.97,100,0.17,99.93,84.4,97.99,73.56,95.21,100,30.61,2.87,84.71,94.73,95.78,99.95,100,100,0.31,0
audio191.wav,21.82,98.51,65.3,0.8,1.15,99.68,86.21,83.12,64.18,10.59,87.09,5.21,77.25,97.24,90.11,37.15,99.76,100,20.41,7.95,0
audio192.wav,46.26,75.56,2.14,14.09,6.2,93.87,3,3.29,50.98,64.85,19.06,5.33,50.78,0.01,7.41,0.01,99.9,100,1.44,0.01,0
audio193.wav,0.29,99.98,38.64,0.1,55.95,99.32,80.41,77.42,63.94,89.23,14.73,9.45,97.61,99.97,94.48,2.97,98.09,100,9.28,1.52,0
audio194.wav,0,26.7,91.87,0,0,0.02,79,0.02,2.33,61.33,99.16,0.71,0,0,1.79,0,0,88.37,17.86,0,0
audio195.wav,0.13,98.72,0,0.44,0.12,71.08,1.72,5.05,70.78,11.98,5.87,7.19,0.04,0.56,0.2,0.05,0.54,100,4.89,0.4,0
audio196.wav,69.75,94.51,2.91,1.79,8.99,95.85,0.78,9.45,83.18,22.61,71.19,3.71,2.43,0.07,4.92,0.27,0.24,100,80.9,0,0
audio197.wav,2.24,8.18,47.34,99.88,0.3,89.91,13.86,97.16,20.23,16.57,23.26,23.56,0.81,94.73,0.96,84.31,61.97,99.56,4.99,0.02,0
audio198.wav,0,18.67,0.01,0.16,0,95.97,0.36,5.79,31.89,3.99,12.95,4.48,0,1.93,0.01,0.02,0,100,0,0,0
audio199.wav,39.12,96.82,0,0.02,0.35,18.79,5.35,3.43,83.43,39,12.02,2.97,1.22,1.23,0.13,0,0,100,0.36,0,0
audio2.wav,0,12.12,1.41,1.13,0,2.77,0.51,27.01,22.77,7.19,2.69,9.42,1.02,0.01,5.9,0.14,0,4,12.11,0,0
audio20.wav,29.45,84.3,2.11,99.84,0.22,94.43,5.44,83.27,51.77,76.19,36.66,13.51,35.32,0.01,1.71,3.06,0.02,100,0.1,0.22,0
audio200.wav,80.78,98.58,40.2,87.29,1.95,99.98,15.19,99.7,72.1,47.06,49.52,3.95,94.69,94.21,15.27,18.53,48.25,100,94.43,14.94,0
audio201.wav,0.04,11.74,0.01,0.56,0.02,1.73,2.5,25.76,12.06,26.76,6.62,1.57,0.13,0,0.87,0.01,0.01,78.28,1.6,0.32,0
audio202.wav,6.2,99.19,90.82,59.97,0.02,99.35,6.83,77.96,57.56,22.97,56,5.16,0.83,9.03,96.03,7.32,0,100,27.28,0.07,0
audio203.wav,0.8,96.71,71.67,5.87,0.07,97.44,17.15,96.11,63.24,93.22,99.95,5.21,0.48,91.3,78.85,58.66,0,100,100,77.25,0
audio204.wav,95.97,89.32,3.23,4.27,18.08,99.72,8.32,98.51,22.8,71.79,22.81,15.13,92.74,99.31,7.68,14.59,0,100,28.04,7.94,0
audio205.wav,5.75,96.15,2.48,0.14,0.25,96.19,55.53,60.78,10.48,72.96,38.34,6.82,51.45,92.85,81.73,1.84,0.53,100,18.33,54.11,0
audio206.wav,97.48,86.19,90,7.46,0,99.65,8.81,98.77,19.58,10.68,94.93,48.79,13.67,6.22,66.89,70.39,0,100,16.84,2.61,0
audio207.wav,57.09,99.86,1.65,0.17,0.78,99.71,12.14,20.04,31.25,9.01,15.45,2.59,55.74,82.14,15.51,1.66,60.31,100,10.89,0,0
audio208.wav,66.36,97.99,91.44,5.93,0.43,97.75,45.9,41.46,33.75,84.09,82.54,2.03,34.19,4.72,82.01,9.44,61.34,100,100,0.59,0
audio209.wav,65.72,100,99.68,0.45,0.31,99.97,92.07,97.17,18.8,30.54,99.58,6.07,97.22,87.82,71.44,66.73,0,100,98.73,11.73,0
audio21.wav,0.01,1.59,40.64,35.84,0,0.94,7.94,57.29,3.5,9.66,3.2,4.19,0.01,0.34,82.19,1.08,0,100,59.93,55.32,0
audio210.wav,96.73,99.99,45.1,0.1,2.54,99.99,23.66,96.59,51.7,91.68,30.9,3.1,91.79,98.01,42.47,2.25,32.54,100,100,0.53,0
audio211.wav,99.49,76.46,16.39,1.88,0.14,98.5,11.96,18.82,44.92,31.1,95.03,2.62,49.67,16.48,45.44,1.98,0,100,99.48,4.8,0
audio212.wav,0.84,96.41,4.23,8.84,0.02,74.86,9.6,88.49,2.7,93.64,99.83,0.71,0.34,47.43,6.62,7.54,0,100,99.77,28.61,0
audio213.wav,7.86,51.39,43.76,98.98,0.33,67.44,12.65,99.83,5.99,94.24,77.01,5.15,0.17,88.15,11.43,77.83,4.75,100,100,73.35,0
audio214.wav,98.56,84.69,83.26,2.22,0.11,97.98,29.88,95.5,26.79,13.94,64.22,2.93,75.19,5.01,6.7,25.8,0.01,100,99.29,0.33,0
audio215.wav,85.81,92.84,11.94,4.16,0.17,99.88,79.29,98.07,13.11,93.74,99.15,2.65,14.9,42.85,2.75,32.07,10.56,100,99.86,99.83,0
audio216.wav,0.55,88.1,14.6,0,0.01,9.72,98.65,24.42,0.6,21.37,93.43,3.53,2.12,0.86,6.48,0.07,0,100,57.18,4.79,0
audio217.wav,89.12,99.42,59.83,22.08,0.11,99.81,25.51,83.3,43.88,44.87,66.65,15.1,10.92,97.86,83.55,17.61,0,100,76.07,0.01,0
audio218.wav,0,6.63,0,0,0,39.62,3.03,16.54,0.43,2,3.27,2.31,0,0.64,0.05,0.01,0,61.56,1.34,0.39,0
audio219.wav,10.92,99.92,85.64,0.15,0.81,95.17,88.55,1.74,1.34,86.14,36.87,2.6,19.53,65.39,88.19,2.89,0.5,100,8.35,0.04,0
audio22.wav,0,0.4,0.05,0,0,5.04,1.29,0.1,7.18,77.99,1,0.48,0,0.02,2.1,1.51,0,99.98,0.04,0.01,0
audio220.wav,7.24,15.97,7.44,46.79,0.08,73.37,7.53,98.73,12.16,13.32,8.17,3.58,26.87,1.74,2.03,56.39,0,100,78.26,11.73,0
audio221.wav,7.28,54.45,9.01,38.63,0.02,63.2,13.81,96.39,21.2,8.63,67.43,2.13,4.09,1.22,0.27,0.8,0,99.99,96.56,0.08,0
audio222.wav,99.02,97.98,87.84,0.96,0.06,98.21,43.12,98.45,72.69,75.07,99.9,3.82,80.72,13.07,48.26,6.06,0,100,100,4.31,0
audio223.wav,98.83,97.73,42.47,69.49,0.37,99.92,14.77,95.94,46.19,23.58,53.14,1.49,9.87,30.21,61.26,15.83,0,99.99,18.87,0,0
audio224.wav,82.94,99.09,91.24,51.23,0.87,98.97,26.82,96.25,32.61,85.67,90.9,1.8,77.25,63.86,8.23,23.06,32.81,100,99.6,11.65,0
audio225.wav,90.64,99.93,35.52,84.47,0.11,99.99,18.3,99.59,28.68,91.17,57.92,14.29,3.06,19.78,52.69,76.47,0,100,100,7.19,0
audio226.wav,91.41,99.67,39.1,3.37,2.48,99.31,4.87,92.2,45.45,85.57,38.57,3.74,74.56,31.48,51.82,5.28,0.29,100,29.15,5,0
audio227.wav,99.91,100,99.96,98.43,2.24,100,92.42,99.96,48.73,62.86,43.86,4.38,99.25,99.91,98.03,41.87,27.65,100,99.82,0,0
audio228.wav,97.81,98.36,6.22,11.22,0.26,99.86,37.04,98.47,79.89,98.03,99.68,8.04,90.59,80.2,21.43,89.09,0.16,100,98.21,95.54,0
audio229.wav,6.58,19.47,32.16,7.76,0.03,90.17,26.34,72.8,50.39,10.45,75.36,1.16,0.78,93.03,4.49,0.17,0,100,2.04,0.61,0
audio23.wav,0.01,11.8,10.93,0.5,0,2.27,28.08,35.3,2.57,9.21,26.74,5.56,0.03,0,67.3,0.45,0,99.11,96.36,46.03,0
audio230.wav,63.92,85.7,44.35,0.08,0.64,99,16.71,93.56,87.99,50.27,25.71,1.41,77.49,0.7,4.99,11.39,0.15,100,14.65,1.66,0
audio231.wav,99.64,99.27,99.56,7.52,12.23,99.99,61.68,89.01,59.91,77.91,99.98,5.12,88.46,77.35,91.2,9.64,1.03,100,99.96,0.02,0
audio232.wav,8.56,95.2,0.47,9.9,0.8,99.72,2.34,96.11,72.15,27.99,16.38,3.61,11.09,0.09,0.68,31.45,0.08,100,16.35,0.05,0
audio233.wav,65.27,99.76,0.24,1.95,0.1,96.26,24.82,91.28,3.03,62,48.28,2.93,3.47,17.99,0.48,4.56,0.01,100,3.46,0.22,0
audio234.wav,99.15,99.87,50.82,84.96,0.18,99.88,35.09,99.64,82.73,51.63,46.48,4.09,97.17,95.23,48.14,64.04,0,100,64.67,0.03,0
audio235.wav,0,83.76,0.62,0.02,0.03,72.91,18.62,4.51,0.22,5.29,25.18,2.36,0.02,84.71,0.16,0.03,0,100,0,0.04,0
audio236.wav,41.34,90.38,59.17,0.96,7.09,99.47,11.18,93.09,51.01,78.7,96.98,6,66.36,98.81,59.1,34.92,98.87,100,97.12,0.66,0
audio237.wav,96.61,98.76,4.71,0.62,0.78,99.48,3.73,83.8,60.21,11.68,25.1,2.88,72.14,5.89,1.61,2.15,0,100,6.2,0.01,0
audio238.wav,79.43,98.81,50.87,76.84,0.07,87.32,79.3,99.38,68.38,43.52,58.99,5.74,69.62,97.3,83.93,86,0,100,98.74,0,0
audio239.wav,53.98,99.72,5.92,16.06,2.22,95.12,42.63,99.21,81.28,52.02,34.56,2.45,65.23,88.79,46.14,13.08,19.73,100,12.84,0.07,0
audio24.wav,0,0.04,0.04,0.87,0.08,0.13,12.01,58.59,4.79,3.64,38.81,3.3,0.14,0.49,0.43,2,0,98.96,12.72,1.36,0
audio240.wav,41.18,99.82,95.5,74.65,0.11,99.86,58.74,95.02,39.54,21.45,72.13,2.38,66.6,97.2,99.42,2.15,0,100,58.22,0.04,0
audio241.wav,11.12,98.94,15.68,7.13,1.19,48.43,96.05,97.5,1.62,99.08,20.29,26.65,68.98,97.86,87.64,17.47,67.45,100,81.58,99.84,0
audio242.wav,0.29,46.26,67.8,0.26,0.08,24.16,61.88,74.73,1.76,97.32,95.69,1.98,0.25,99.73,22.22,24.69,0.01,100,99.96,2,0
audio243.wav,65.41,98.7,6.52,67,0.6,85.91,10.64,96.22,24.4,94.92,7.49,4.16,8.14,92.3,55.44,5.83,0.04,100,7,4.71,0
audio244.wav,76.53,99.77,72.79,8.18,0.06,99.87,74.35,93.63,41.55,30.99,81.12,4.65,13.47,99.38,50.57,12.89,0.01,100,98.05,99.97,0
audio245.wav,15.64,99.53,31.83,1.78,0.06,99.51,61.72,86.2,31.16,25.35,44.2,2.41,7.9,99.65,32.61,4.38,0.03,100,20.45,99.24,0
audio246.wav,9.41,66.08,43.62,2.28,0.03,99.41,9.26,91.64,39.18,81.24,82.05,3.01,13.24,38.19,7.27,5.22,0,100,78.95,58.25,0
audio247.wav,0.86,97.63,0.44,3.45,0.5,92.78,6.22,93.65,79.07,82.43,16.45,3.94,1.84,0.03,5.76,4.02,0.19,99.98,68.23,0.05,0
audio248.wav,4.83,82.87,0.82,6.75,0.16,26.92,18.3,0.7,47.93,90.92,77.4,6.34,0.38,0,39.18,6.52,0.01,99.98,42.99,0.01,0
audio249.wav,48.7,97.87,91.35,4.42,0.27,96.92,80.15,94.73,78.56,44.25,99.91,1.06,40.63,96.82,91.24,19.75,0,100,100,3.14,0
audio25.wav,0.01,0.92,10.72,1.23,0,4.18,0.8,85.77,1.24,17.9,9.99,1.61,0.22,0.46,0.73,31.09,0.13,99.69,0.15,4.78,0
audio250.wav,2.95,21.29,5.55,3.1,0.42,92.55,10.45,85.97,6.72,17,23.93,9.97,2.41,76.97,4.11,9.72,0.08,100,7.63,62.02,0
audio251.wav,5.51,100,36.75,3.73,0.05,99.99,46.02,26.19,52,80.87,96.22,5.34,13.48,0.01,48.43,1.33,26.09,100,23.46,0.03,0
audio252.wav,99.11,92.1,66.93,97.05,1.39,98.1,45.94,85.02,48.56,48.93,32.79,4.12,75.09,0.01,8.47,11.87,10.57,100,48.19,0.25,0
audio253.wav,0,59.78,2.94,0.04,0.04,98.11,0.07,0.43,29.59,5.43,10.31,2.03,0.15,0.03,0.01,0.01,0,100,0.03,0.01,0
audio254.wav,0.03,99.99,90.21,4.01,3.68,99.05,69.78,0.06,36.19,83.5,86.55,3.67,22.66,87.67,62.09,0.67,1.45,100,22.03,2.37,0
audio255.wav,44.89,91.43,3.39,0.22,0.07,98.87,90.44,71.16,74.96,76.43,17.34,3.53,44.77,9.11,7.8,2.02,0.03,100,17.11,0,0
audio256.wav,0,90.81,6.62,0.1,1.16,88.16,71.9,81.75,30.76,62.57,15.19,6.74,45.67,55.35,44.65,0.09,99.94,100,12.77,0.52,0
audio257.wav,1.25,59.94,9.41,1.37,0.96,96.53,17.68,76.83,39.09,97.4,99.77,3,25.66,0.07,1.46,3.32,99.96,100,83.37,30.09,0
audio258.wav,64.13,89.1,15.77,2.95,7.63,97.28,26.34,72.48,12.22,75.57,58.81,7.49,37.68,88.73,8.11,1.41,72.55,100,5.85,0.04,0
audio259.wav,26.22,98.11,0.04,0.02,0.02,82.64,4.17,0.35,48.28,14.82,10.87,0.9,56.25,0.03,0.14,0,0,100,1.24,0,0
audio26.wav,2.82,65.54,3.58,0.06,0.02,94.72,27.74,98.65,31.26,70.39,67.53,17.06,0.52,0,17.31,0.26,9.44,100,1.82,0.06,0
audio260.wav,0.01,98.38,0.36,0.13,1.61,99.84,62.15,19.76,46.6,51.6,59.01,0.5,31.32,4.97,7,0.5,96.02,100,31.62,0.07,0
audio261.wav,1.18,17.39,97.88,91.22,0.11,12.08,18.29,83.45,73.15,51.03,71.68,3.83,12.03,0,92.51,13.4,0,100,99.94,94.64,0
audio262.wav,3.16,4.45,6.31,0.02,0.08,75.1,5.64,0.82,9.58,88.25,15.94,0.6,7.68,8.94,32.38,1.61,82.22,100,0.41,2.75,0
audio263.wav,18.46,95.54,19.02,0.99,0.04,99.81,8.23,16.13,37.66,40.88,8.27,5.37,0.19,0.02,11.26,0.19,0.02,99.99,13.55,0.2,0
audio264.wav,2.03,99.97,97.88,15.95,0.9,99.93,89.79,4.99,78.97,73.23,79.64,2.49,92.13,1.47,87.6,3.61,1.23,100,17.99,0,0
audio265.wav,0.02,79.8,52.78,0.48,0.65,41.03,42.17,20.02,51.66,69.2,85.86,3.56,55.8,0,56.16,0.47,0.96,100,42.48,16.58,0
audio266.wav,0.14,30.95,0.13,0.04,0.01,3.73,6.86,26.08,74.32,10.07,51.39,2.14,0.4,0,0.31,0.06,0.01,96.67,0.03,0,0
audio267.wav,67.87,94.26,18.32,12.84,0.28,99.92,15.86,99.32,76.2,30.83,91.41,4.23,91.71,0,82.81,0.3,1.04,100,92.4,0,0
audio268.wav,98.67,99.96,1.5,1.07,3.62,99.43,17.29,74.53,83.4,60.48,16.18,1.76,84.77,0.1,3.22,26.82,99.93,100,98.5,0,0
audio269.wav,0,2.11,0,0,0.02,16.37,0.03,0.05,3.98,5.45,0.37,0.5,0,0.52,0.01,0,0,99.64,0,0,0
audio27.wav,3.7,56.06,3.28,3.86,2.16,98.95,15.45,36.18,5.9,96.33,66.25,10.82,0.81,0.63,98.27,23.03,0.01,100,23.33,3.48,0
audio270.wav,2.18,95.27,1.04,1.35,3.08,99.96,1.22,93.29,19.69,35.12,7.01,4.1,25.43,0.01,1.18,63.26,6.02,100,4.34,2.63,0
audio271.wav,0.32,1.76,0.04,0.03,0.4,7.89,17,1.29,87.7,17.51,11.23,0.49,0.98,0.01,0.38,0,0,100,8.31,0,0
audio272.wav,79.61,94.17,0.02,3.57,1.91,93.57,10.59,44.71,85.42,92.96,6.42,4.18,64.55,0.01,19.91,2.49,3.69,100,1.93,0.74,0
audio273.wav,3.18,99.88,16.88,9.46,4.26,99.81,8.96,89.32,68.58,56.02,8.78,2.41,87.77,0.05,40.31,6.75,99.31,100,6.31,0.07,0
audio274.wav,37.51,99.96,2.56,28.45,0.08,99.94,90.68,89.9,76.81,13.82,59.89,6.11,75.35,0,50.61,0.88,48.11,100,35.08,0,0
audio275.wav,2.87,82.61,0.77,26.57,2.77,44.6,67.43,58.62,72.9,54.33,21.81,14.47,18.15,0,5.93,1.64,1.26,100,81.77,0.6,0
audio276.wav,0.05,95.86,0.33,0.25,2.35,96.98,3.85,13.13,42.91,10.4,32.33,3.41,0.8,0.71,16.99,7.43,0,100,1.05,0.1,0
audio277.wav,55.87,94.07,1.92,1.53,11.02,98.83,16.72,10.69,7.33,95.52,20.28,3.33,19.16,43.02,16.18,1.99,99.99,100,99.95,24.7,0
audio278.wav,4.86,98.78,96.46,9.65,0.01,99.81,96.69,95.33,72.48,93.61,99.97,7.07,0.01,0,99.62,1.3,0,100,100,0.25,0
audio279.wav,0.14,80.87,0,0.06,0.06,8.78,4.69,1.32,60.44,16.11,60.68,1.44,0.23,0.04,24.14,0.03,0,99.93,4.27,0.02,0
audio28.wav,43.81,15.45,33.49,7.71,0.83,77.41,56.18,6.79,58.72,91.74,16.3,9.01,5.68,0,31.97,7.4,0,100,82.53,0.01,0
audio280.wav,0.17,83.44,0.4,22.04,0.14,97.44,4.71,3.49,50.04,51.46,29.48,5.31,2.39,0.44,1.04,1.25,0.8,100,0,0.15,0
audio281.wav,1.56,31.85,0.22,4.95,0.02,11.37,1.1,25.14,74.76,13.27,79.95,1,1.35,0,2.8,0.57,0,100,0,0,0
audio282.wav,0.61,98.67,0.84,0.1,0.11,39.44,9.08,2.26,64.67,22.13,35.07,1.1,81.33,0,0.83,0.04,2.76,99.73,0.01,0,0
audio283.wav,0.05,76.27,20.27,0.1,0.54,99.2,1.64,0.16,80.57,23.54,42.44,0.29,4.62,0.02,3.1,0,0,100,97.5,0,0
audio284.wav,0,5.2,0,0.12,0,38.12,0.41,0.05,9.11,1.35,1.99,0.74,0,0.02,0.05,0,0,70.5,0,0,0
audio285.wav,75.94,91.95,0.12,95.33,1.55,53.46,9.69,89.86,64.14,16.35,6.18,4.08,63.66,0.04,5.54,1.55,82.08,100,26.97,8.27,0
audio286.wav,61.13,99.94,4.08,75.69,1.77,100,10.19,98.94,82.59,92.08,95.7,4.26,26.88,2.69,5.76,73.56,99.99,100,100,0,0
audio287.wav,99.35,96.44,17.96,3.46,0.61,99.63,21.14,86.69,90.02,85.25,51.65,11.71,84.85,0,42.72,5.07,99.47,100,18.09,1.08,0
audio288.wav,13.78,98.88,6.67,18.43,0.06,98.9,5.71,78.6,92.92,23.45,19.88,6.14,50.8,0.01,1.69,0.48,0,100,86.15,0,0
audio289.wav,8.74,99.99,84.31,79.76,3.67,97.99,99.67,93.45,57.88,98.71,99.93,3.79,97.02,21.91,58.66,0.34,100,100,100,0.66,0
audio29.wav,0.02,0.56,0.31,0.49,0.01,48.15,4.52,49.2,0.66,36.24,13.68,8.53,0.24,3.09,1.24,3.94,31.89,100,5.07,99.96,0
audio290.wav,0,99.6,0.28,0,0.03,99.7,0.2,0.37,15.15,40.95,19.2,3.4,0.05,0.42,0.05,0.05,0,100,4.19,0.01,0
audio291.wav,0,99.95,18.38,0.1,0.01,95.19,45.35,0.07,10.69,62.83,24.81,0.11,11.22,0,0.36,0.01,0.01,100,80.21,0,0
audio292.wav,53.47,94.62,73.32,0.4,4.42,99.54,9.23,99.67,77.84,19.54,49.83,4.99,41.22,1.84,65.83,1.11,0,100,95.4,1.1,0
audio293.wav,9.59,64.26,61.56,14,2.45,26.39,37.8,20.33,47.21,27.59,93.53,11.83,15.31,0,31.28,7.95,0.31,100,0.63,5.63,0
audio294.wav,52.25,98.92,83.05,0.51,0.01,98.14,11.61,85.23,85.46,11.1,39.31,5.34,1.76,2.29,13.06,2.5,0,100,20.47,0.11,0
audio295.wav,42.72,99.49,28.85,0.21,1.06,99.97,47.18,94.99,30.09,99.1,92.76,2.83,22.5,0.16,55.23,8.26,99.98,100,99.64,0.08,0
audio296.wav,5.96,81.44,2.45,3.34,0.22,96.14,1.76,42.34,32.92,19.65,25.25,3.44,22.31,0.03,10.84,7.8,5.78,100,18.76,0,0
audio297.wav,23.06,87.41,2.77,0.27,2.06,99.38,1.8,47.86,78.58,75.55,60.57,20.82,99.04,0.35,4.78,23.13,99.99,100,98.73,69.24,0
audio298.wav,0,94.88,0,0,0,98.53,2.93,1.12,7.88,3.35,0.51,0.15,0.01,3.62,0.41,0.01,0,74.02,0,0,0
audio299.wav,1.47,99.85,15.4,0.01,0.35,36.4,50.62,38.1,24.13,61.1,43.07,2.43,92.49,0.19,53.78,0.17,1.48,99.96,71.44,0.44,0
audio3.wav,43.57,99.92,3.93,22.38,3.54,53.26,8.65,18.22,67.32,94.99,94.01,7.4,52.52,0,3.58,5.9,30.29,100,99.49,0.11,0
audio30.wav,0.15,0.47,10.77,83.53,5.34,18.59,22.84,17.54,11.42,67.26,20.47,4.08,0.26,0.24,41.54,7.67,25.73,100,72.61,95.15,0
audio300.wav,27.95,99.19,2.57,0.13,0.12,98.98,3.02,35.01,89.24,88.87,10.43,4.68,74.74,0.41,1.01,0.36,0.43,100,7.56,1.24,0
audio301.wav,97.77,98.6,5.18,30.8,0.17,97.82,40.36,93.54,60.32,75.4,99.21,6.21,91.1,0,15.53,0.33,0.01,100,4.18,0.03,0
audio302.wav,82.92,99.46,19.42,0.2,1.83,99.91,10.84,80.61,58.63,87.35,15.75,9.15,32.76,0,2.95,4.6,5.23,100,3.16,1.85,0
audio303.wav,99.05,99.93,97.74,99.3,0.32,99.93,62.33,96.41,61.9,99.65,99.99,14.89,46.51,0,61.36,1.83,91.44,100,100,0,0
audio304.wav,60.34,97.1,8.95,32.25,0.14,97.89,3.33,70.65,71.6,91.22,11.19,63.54,5.66,0,18.96,1.48,0.02,100,74.96,0,0
audio305.wav,0.4,52.62,14.08,66.98,0.01,94.15,2.46,35.99,24,65.89,39.79,6.88,0.19,0,21.84,0.08,0,100,56.14,1.41,0
audio306.wav,59.78,99.98,20.02,91.45,0.25,99.99,13.82,35.29,79.73,43.5,25.16,5.03,18.3,0,5.25,5.61,82.21,100,13.99,0.17,0
audio307.wav,95.08,97.89,96.64,9.64,1.67,99.8,14.25,83.22,66.66,85.95,25.88,2.65,85.54,0,40.27,0.41,31.6,99.99,95.22,0.24,0
audio308.wav,92.08,99.86,98.68,5.61,0.12,99.94,23.56,96.33,65.37,51.35,81.84,7.25,14.51,0,31.56,0.25,57.47,100,11.04,0.08,0
audio309.wav,99.64,99.76,19.48,31.13,0.87,99.89,7.12,96.37,86.71,46.42,77.61,15.17,60.51,0.79,24.28,0.62,0.01,100,99.99,0,0
audio31.wav,0,0,0,0,0,0.02,0.41,0,0.99,10.19,1.19,0.16,0,0.08,0.01,0,0,83.2,0,0,0
audio310.wav,0.26,99.92,26.71,24.09,0.25,99.52,35.82,31.41,40.52,98.29,14.04,11.92,1.32,0,28.79,1.77,39.13,100,44.6,0,0
audio311.wav,99.52,99.71,40.63,24.45,1.48,99.58,20.73,89.02,76.14,95.77,64.09,15.48,43.21,0,6.36,0.9,0.37,100,75.15,0.01,0
audio312.wav,1.47,99.97,91.77,16.45,0.06,99.7,89.43,18.43,51.36,98.85,58.35,2.31,5.75,0,71.75,0.03,2,100,88.48,0.04,0
audio313.wav,72.08,97.99,25.83,27.12,0.03,90.94,3.51,93.44,39.4,99.02,88.34,41.45,7.4,0,0.57,2.83,0.01,100,99.73,0.19,0
audio314.wav,98.83,98.07,67.75,1.59,0.15,99.79,5.12,98.26,54.39,25.88,19.72,11.34,6.45,0,10.62,0.26,0.06,100,16.53,0.01,0
audio315.wav,97.55,99.86,4.48,4.07,0.22,99.83,12.47,88.65,64.84,97.34,35.04,3.26,71.93,0.02,6.18,0.13,8.19,100,18.48,2.06,0
audio316.wav,0.1,59.46,99.82,0.63,0.04,43.67,18.41,1.1,32.01,78.83,99.96,4.51,0.72,0,31.92,0.02,92.15,100,24.38,0.02,0
audio317.wav,99.84,95.65,3.88,50.1,32.86,99,10.75,41.28,91.45,83.52,4.6,2.72,82.46,0,1.63,0.46,50.76,100,1.39,0.23,0
audio318.wav,5.78,99.62,88.93,15.13,0.72,99.6,98.58,98.66,66.41,76.08,95.89,8.47,6.48,0,77.65,1.63,1.43,100,91.83,1.34,0
audio319.wav,92.15,99.8,47.05,9.23,0.06,99.14,7.24,94.02,70.69,99.11,99.93,8.07,0.1,0,15.86,1.18,0.89,100,100,0.06,0
audio32.wav,2.31,10.18,5.41,0.16,0.15,7.41,15.96,26.7,54.55,2.86,30.24,2.13,11.61,0,3.13,2.66,10.81,100,13.12,1.1,0
audio320.wav,6.97,99.95,22.12,98.88,0.23,99.99,12.45,51.05,61.91,94.59,20.62,22.37,0.45,0,6.42,1.16,11.73,100,6.72,0,0
audio321.wav,83.5,87.22,3.78,8.13,0.08,99.99,2.44,90.56,34.67,76.09,13.42,19.71,0.69,0,2.09,3.87,0.06,99.95,23.12,0,0
audio322.wav,6.54,99.97,97.98,0.7,0.82,99.91,8.52,66.92,41.19,75.44,89.82,2.53,0.08,0,46.32,0.27,0,100,75.21,0.02,0
audio323.wav,99.98,99.89,92.88,98.63,7.45,99.95,2.44,81.23,87.13,98.37,92.25,10.62,58.51,0,9.47,7.66,69.82,100,99.83,0.42,0
audio324.wav,10.27,92.9,0.7,12.95,0.08,99.29,1.6,93.21,49.65,67.69,16.6,9.58,2.26,0,2.81,1,0,100,9.48,0,0
audio325.wav,99.46,95.33,4.96,52.39,1.77,99.17,3.75,85.27,82.78,75.56,42.01,19.38,39.61,0,10.04,0.27,0.52,100,33.14,0.05,0
audio326.wav,96.72,99.47,82.25,0.01,5,98.77,11.62,33.62,69.43,29.91,83.22,0.84,1.66,0.09,8.84,0,0,100,31.06,0,0
audio327.wav,99.94,99.46,18.34,82.89,1.3,99.59,23.6,98.38,83.67,97.09,44.84,7.8,74.4,0,68.42,1.55,79.96,100,98.21,0.51,0
audio328.wav,99.63,99.97,68.89,36.21,0.04,100,73.33,96.51,35.39,98.66,99.54,11.72,9.7,0.17,43.27,0.71,43.41,100,99.94,0.01,0
audio329.wav,99.66,99.89,16.4,61.4,2.74,99.95,2.25,35.87,85.52,93.05,8.18,7.3,25.88,0,0.51,1.71,79.31,100,16.69,0.05,0
audio33.wav,0.77,97.26,0.36,0.11,0.09,95.19,1.14,0.61,60.53,76.59,8,1.56,48.96,0.01,0.84,0.25,0.05,100,42.53,0.02,0
audio330.wav,97.3,15.62,1.88,0.23,1.65,73.58,4.49,23.22,71.77,65.2,8.95,3.47,32.48,0,0.96,0.22,99.83,100,0.69,0.18,0
audio331.wav,0.09,99.23,97.88,10.93,0.13,99.08,30.21,82.44,27.15,96.26,99.9,5.67,0.02,0.01,15.47,0.89,0.03,100,100,2.82,0
audio332.wav,98.63,99.99,100,24,1.49,99.85,99.91,3.63,54.64,87.45,99.98,4.45,0.01,0,99.93,1.6,7.77,100,100,0.03,0
audio333.wav,0.07,98.95,10.41,0,0.01,11.24,4.45,8.04,21.46,29.08,5.5,7.2,0.04,0,1.42,1.16,1.15,100,12.4,7.1,0
audio334.wav,54.26,99.75,5.49,99.65,0.16,80.78,0.67,98.64,42.92,28.68,10.85,7.36,14.86,0,1.65,39.89,0.02,100,10.19,0.01,0
audio335.wav,0.04,98.98,4.78,0.02,0,0.86,11.91,16.11,48.83,63.99,99.6,82.23,13.49,0,15.24,0.52,79.7,100,9.02,0,0
audio336.wav,12.93,99.83,2.98,75.5,0.01,98.51,10.45,93.88,39.66,11.94,20.54,28.71,11.76,0,1.84,9.33,0,100,85.9,0.01,0
audio337.wav,0.03,54.31,16.09,68.18,0.53,8.89,16.77,41.44,56.62,98.8,53.06,16.16,3.77,0,3.79,0.32,62.01,100,5.59,2.68,0
audio338.wav,1.92,97.41,2.61,46.26,0,69.71,5.16,97.73,12.02,26.32,98.2,6.92,5.12,0,7.24,2.51,0,100,1.21,0,0
audio339.wav,40.69,99.84,20.9,91.24,2.6,99.87,2.1,75.95,83.78,74.08,19.3,4.39,67.84,0,10.96,0.42,99.99,100,91.36,0,0
audio34.wav,0.04,10.54,3.42,6.74,0,5.41,21.1,78.87,0.54,72.45,4.08,2.29,5.35,0.02,15.09,67.91,0,96.56,70.96,30.87,0
audio340.wav,1.38,52.04,7.32,64.54,0.13,2.35,1.73,78.15,48.79,88.07,34.4,5,0.08,0,8.43,1.45,81.64,100,8.73,1.79,0
audio341.wav,98.44,99.94,28.6,74.73,3.95,99.23,58.44,21.38,65.01,93.43,98.87,6.01,98.24,0,9.54,6.74,99.99,100,17.84,0.14,0
audio342.wav,3.94,73.43,1.79,74.78,0.14,58.97,2.15,89.67,67.64,23.87,12.42,4.18,2.56,0,6.95,3.65,0.22,100,98.03,1.2,0
audio343.wav,5.33,82.82,11.14,61.06,0.05,28.16,7.8,93.43,43.74,35.86,84.89,3.01,6.34,0,20.53,0.31,16.71,100,4.62,0.02,0
audio344.wav,2.24,93.65,0.62,0.13,0,7.33,1.06,0.32,11.72,8.16,8.8,4.07,0.01,0,0.11,0.03,0,99.76,14.05,0.01,0
audio345.wav,12.28,70.21,0.05,78.41,0.02,61.92,0.3,97.48,26.38,52.82,9.54,50.18,5.75,0,0.02,2.4,0,100,4.22,0,0
audio346.wav,32.01,99.95,12.34,7.16,0.01,97.61,2.12,96.39,33.56,97.96,61.58,10.18,2.26,0,29.39,9.04,16.61,100,2.76,0.11,0
audio347.wav,18.27,99.92,7.78,71.82,0.01,79.73,7.42,71.36,35.2,83.45,7.17,11.53,0.14,0,21,0.14,14.42,100,4.11,0.3,0
audio348.wav,0.02,99.28,55.75,1.64,56.1,95.8,7.27,57.24,24.41,38.1,83.11,6.16,4.66,0.09,6.72,1.84,0.04,92.08,31.03,0.63,0
audio349.wav,0.84,94.59,98.08,85.55,0.03,27.59,12.44,71.69,14.09,30.1,65.23,4.43,9.59,0,51.9,0.15,0.38,100,81.76,0.01,0
audio35.wav,0,0.02,0,0,0,0.01,0.65,0,0.35,1.18,0.42,0.04,0,0,0.02,0,0,100,0,0,0
audio350.wav,0.08,95.72,19.97,8.08,0.08,50.71,3.56,89.45,37.63,87.31,15.38,6.74,2.59,0,10.1,8.06,0.1,100,100,0.51,0
audio351.wav,18.71,89.07,2.54,11.67,0.33,4.84,4.72,54.17,62.34,50.08,10.04,3.97,16.25,0,0.08,0.36,0.52,100,6.79,0.21,0
audio352.wav,99.44,63.59,20.92,12.36,0.08,66.67,35.13,9.9,60.11,98.48,24.19,5.57,32.3,0.02,17.35,1.09,36.86,100,7.18,0.51,0
audio353.wav,0.02,22.22,1.85,10.94,0.01,14.8,1.85,90.54,9.38,5.95,14.72,5.79,0.05,0.02,1.21,1.44,0,3.66,96.29,0.33,0
audio354.wav,0.02,23.71,0,0.15,0.03,7.56,10.59,14.53,1.66,7.25,7,1.46,13.6,0.03,0.05,0.85,0.01,99.65,0.01,0.04,0
audio355.wav,98.85,99.61,4.93,41.58,0.49,92.04,14.7,97.89,45.82,97.47,43.2,5.2,66.87,0,24.11,1.45,42.39,100,1.95,0.26,0
audio356.wav,0.02,99.17,98.5,83.15,0.32,99.51,80.83,98.59,13.88,50.65,56.63,39.67,16.13,46.06,62,23.92,94.58,100,100,89.02,0
audio357.wav,0.01,25.13,6.16,12.29,0.06,49.39,1.81,26.46,2.82,23.25,27.08,6.24,4.79,0.21,7.84,1.78,1.25,100,99.93,9.69,0
audio358.wav,0.21,65.86,0.69,0.96,0,13.26,5.33,21.78,11.36,71.96,7.23,8.04,14.72,0,2.08,3.99,14.05,100,0.02,59.66,0
audio359.wav,0,46.48,99.74,7.41,0,2.23,20.59,75.12,4.61,24.9,38.18,3.96,0,0,34.93,16.04,0,100,99.41,0.07,0
audio36.wav,0,0.06,0.14,0.14,0,14.45,1.11,1.12,10.76,9.45,4.86,0.08,0,0.13,0.05,0.01,0,16.86,0.22,0.35,0
audio360.wav,8.72,50.31,1.02,29.72,2.18,84.56,10.17,97.88,10.47,55.32,57.03,15.85,1.96,1.25,1.89,8.94,0,100,95.41,96.5,0
audio361.wav,0,25.69,22.99,0.7,0,0.05,19.03,4.96,0.58,61.54,15.9,5.38,0,0,7.08,0.01,0,99.85,1.44,0,0
audio362.wav,7.51,86.08,0.84,89.54,0,82.2,2.55,88.44,42.57,28.69,5.22,7.67,23.88,0,0.16,4.04,0,100,0.65,0.09,0
audio363.wav,1.81,93.22,1.44,0.77,0,92.98,3.01,37.18,70.59,4.9,2.19,3.95,1.25,0,0.3,0.05,0.05,100,1.39,0,0
audio364.wav,32.55,97.68,26.66,21.66,0.13,88.59,14.38,44.06,63.14,57.15,71.25,5.84,48.05,0,76.64,4.09,12.51,100,99.79,1.24,0
audio365.wav,78.26,99.98,30.91,2.39,0.51,58.36,2.25,99.14,54.71,55.21,81.3,9.31,96.89,0,74.31,1.92,0.96,100,3.7,1.84,0
audio366.wav,0,1.07,0.02,0.62,0,1.16,1.39,46.71,1.79,7.15,7.7,17.97,0.01,0,0.58,6.53,0,99.8,36.27,0.01,0
audio367.wav,24.92,99.97,0.16,14.51,0.36,10.72,1.19,4.57,39.33,90.38,6.62,2.06,19.09,0,0.63,0.27,0.39,100,0.01,54.09,0
audio368.wav,34.07,96.8,4.08,2.62,0.51,45.59,3.27,91.65,6.89,92.33,3.15,17.24,21.65,0,0.89,1.1,91.6,100,68.91,1.16,0
audio369.wav,0,10.4,0.02,0,0,0.55,0.03,0.08,43.65,37.28,3.78,0.33,0.07,0,0.06,0,0,85.38,0,0,0
audio37.wav,0.09,3.3,1.22,72.13,0.18,41.51,6.35,95.76,26.57,21.36,7.64,15.73,1.51,0.01,1.35,8.21,0.52,96.6,2.04,1.01,0
audio370.wav,0.86,99.34,33.8,2.39,0.14,79.62,37.58,56.85,32.95,67.98,18.28,5.99,2.43,0,9.12,0.08,3.28,100,73.89,0.12,0
audio371.wav,0.3,63.17,1.24,0.41,0.41,95.2,0.74,23.84,40.88,60.88,6.86,2.42,3.83,6.92,0.98,4.44,0.01,100,1,0.36,0
audio372.wav,40.28,98.07,41.78,46.48,0.4,47.44,94.5,62.48,18.59,86.82,87.42,24.14,67.83,0,70.95,6.68,2.64,100,100,0.49,0
audio373.wav,10.9,95.17,0.36,0.45,0,3.41,2.56,4.65,33.6,18.06,28.08,2.06,1.25,0,0.18,0.04,0,99.68,0.42,0,0
audio374.wav,0.04,94.07,16.4,3.96,0.47,95.75,8.96,87.95,7.51,85.9,8.48,5.73,23.45,4.91,1.44,15.39,15.01,100,2.49,83.31,0
audio375.wav,60.34,92.87,6.02,23.35,3.81,95.13,9.07,88.13,69.78,40.16,12.64,3.89,40.43,0.11,35.76,29.43,50.24,100,24.4,61.4,0
audio376.wav,2.54,99.66,4.83,17.25,0.01,94.74,4.36,60.47,47.5,21.9,7.38,5.29,62.52,0,21.8,1.76,21.46,100,0.26,0.1,0
audio377.wav,0,0.61,0.1,0.58,0.01,5.08,2.53,23.7,8.11,37.42,12.13,12.38,0.09,0.03,4.7,0.22,0.13,99.96,0.06,99.73,0
audio378.wav,1.17,81.63,75.93,98.13,0,59.2,11.95,95.74,22.62,98.5,91.8,11.47,1.93,0,26.93,6.6,0,100,100,0,0
audio379.wav,0,0.75,0.04,0,0.03,0.23,1.67,16.79,13.78,21.97,1.59,1.53,0.08,0,0.09,0.53,0,99.85,0.04,0,0
audio38.wav,0.35,99.71,68.47,98.72,0.29,91.91,62.66,81.97,3.23,78.05,91.12,20.66,55.65,0.04,97.87,93.82,41.23,99.77,2.46,0.03,0
audio380.wav,47.61,91.99,0.82,1.62,0.04,70.48,1.94,80.04,70.32,97.17,7.4,7.72,9.63,0,4.51,0.45,93.38,100,3.57,0.4,0
audio381.wav,55.83,93.44,19.39,71.86,0.06,78.46,5.41,6.53,48.22,41.93,19.81,1.08,1.53,0,5.74,0.43,0.48,100,96.68,0.21,0
audio382.wav,49.84,97.71,98.58,99.42,1.06,98.86,49.87,94.56,92,34.01,97.02,83.44,79.35,0.79,44.01,81.09,60.02,100,100,90.3,0
audio383.wav,0.34,99.67,95.98,85.75,0.1,59.68,38.44,96.2,53,99.11,99.85,23.86,0.58,0,98.41,18.88,9.79,100,100,0.04,0
audio384.wav,1.81,25.5,0.57,0.27,0.03,0.05,25.57,38.77,9.29,13.19,7.69,6.19,0.36,0,5.66,0.48,0,10.36,3.39,0.01,0
audio385.wav,0.21,95.14,1.98,1.97,0.02,43.87,2.33,67.89,23.41,13.32,7.26,4.67,0.25,0,0.35,0.28,0,100,34.13,1.88,0
audio386.wav,43.89,68.47,26.66,0.66,0.04,66.64,33.52,63.8,27.15,69.9,42.51,5.66,15.18,0,22.23,1.97,0,100,3.53,0.05,0
audio387.wav,0.01,0.03,0.14,0.01,0,0.01,0.33,0.4,1.23,9.88,4.2,1.02,0,0,0.07,0.17,0,99.82,78.26,0,0
audio388.wav,0.18,76.11,46.66,7.61,0,1.88,9.21,24.75,20.75,16.38,89.14,5.81,0.01,0,33.38,0.9,0,100,99.73,0.28,0
audio389.wav,11.46,97.87,21.34,89.05,0.02,94.33,63.5,52.37,28.65,61.85,97.66,65.09,2.33,0,28.85,7.44,0,100,100,0.01,0
audio39.wav,82.81,71.35,28.01,0.33,1.71,98.29,2.68,23.59,14.49,84.4,77.56,13.63,87.91,0.1,30.91,18.6,29.48,100,4.01,73.8,0
audio390.wav,0.01,74.32,1.14,0.03,0,1.03,40.12,8.32,7.4,44.21,26.91,1.56,0,0,2.07,0.07,0,99.99,0.62,0,0
audio391.wav,44.68,99.33,39.98,99.31,0.01,97.62,2.68,98.42,27.82,91.12,66.07,18.31,6.95,0,43.71,58.36,1.67,100,88.26,0,0
audio392.wav,0.58,94.1,0.4,0.06,0.04,10.43,3.23,0.98,13.36,20.43,5.19,1.1,0.15,0,0.13,0.03,0,99.96,1.77,0,0
audio393.wav,19.45,92.05,99.96,44.81,0.13,83.48,94.9,97.68,74.16,62.51,99.65,3.59,50.02,0,92.81,2.57,0,0.07,100,8.41,0
audio394.wav,0,1.17,0.64,0.24,0,2.48,8.31,4.92,8.82,84.34,6.75,1.95,0.1,0,0.09,2.72,0,100,4.24,2.81,0
audio395.wav,0.17,87.5,74.59,27.68,0.04,6.25,3.32,77.75,32.12,69.65,99.89,2.92,0.33,1.41,2.89,6.11,0,100,98.27,24.8,0
audio396.wav,57.65,96.95,50.14,98.21,0.02,91.1,18.92,99.72,33.13,90.73,67.11,24.03,69.94,0,33.33,55.2,0.03,100,1.29,0,0
audio397.wav,0,0.25,0,0,0.03,0.01,0.29,0.3,19.56,27.13,0.95,1.58,0.09,0,0.05,0,0,100,0,0,0
audio398.wav,0,0.02,0.12,97.01,0.01,0.46,11.02,5.11,25.47,1.26,7.15,0.64,0.04,0,0.1,0.01,0,3.45,0,0,0
audio399.wav,3.49,43.26,4.19,2.58,0.45,11.45,14.62,23.81,44.56,36.92,17.45,6.05,88.02,0,5.49,2.25,99.76,100,0.02,9.25,0
audio4.wav,0.03,97.85,3.42,0,0.08,8.77,15.78,0.15,53.37,40.01,77.2,0.96,1.05,0,1.28,0,0,72.35,68.59,0,0
audio40.wav,48.54,99.93,43.91,88.12,3.68,99.86,22.39,93.36,64.81,98.27,57.09,1.16,11.82,87.66,46.41,4.5,95.99,100,32.39,0.07,0
audio400.wav,0,12.88,0.43,0.03,0,0.25,7.45,0.11,0.69,16.9,6.36,0.17,0,0,0.29,0,0,99.36,18.64,0.01,0
audio401.wav,96.89,96.48,78.55,97.59,0.1,32.44,81.03,99.54,67.8,76.68,97.63,7.42,37.71,0,45.58,7.66,0.06,100,99.59,0.04,0
audio402.wav,16.6,36.7,1.59,89.28,0,58.54,3.05,94.9,21.91,68.56,18.39,39.65,27.86,0,8.49,1.85,0,100,57.04,0.08,0
audio403.wav,14.24,98.64,1.11,1.1,0.07,78.47,0.82,26.76,19.74,79.64,4.39,4.34,1.41,0,0.11,0.08,0.52,100,11.66,0.03,0
audio404.wav,0.95,88.55,6.34,0.14,0.36,5.58,81.14,2.08,7.63,19.12,74.27,3.72,33.38,0,7.18,0.05,0.01,0,56.52,0,0
audio405.wav,98.85,99.56,9.07,82.46,0.15,69.42,2.8,87.04,19.69,57.85,14.64,11.13,44.33,0,1.55,1.7,86.15,100,14.46,8.26,0
audio406.wav,0.48,100,2.34,12.42,0.05,95.53,0.78,49.97,6.69,77.81,17.05,9.27,0.47,0,2.72,0.31,95.52,100,0.23,0.06,0
audio407.wav,1.58,94.51,5.36,99.55,0.25,88.92,5.79,85.35,35.3,32.09,14.6,16.23,40.93,0,0.16,5.35,0,100,24.49,2.68,0
audio408.wav,2.39,93.59,39.73,97.43,0.01,96.01,77.57,64.5,39.11,64.51,74.97,5.63,0.39,0,12.23,3.26,0,100,100,0,0
audio409.wav,65.5,98.97,51.14,99.98,0.01,32.29,41.16,99.82,16.2,96.4,99.2,60.05,53.22,0,59.72,62.89,0.03,100,99.99,0,0
audio41.wav,5.4,72.91,0,1.61,0.18,0.06,7.51,38.84,38.35,0.35,7.36,2.48,66.72,0.01,0.76,0.04,0.02,1.34,0.3,0,0
audio410.wav,3.31,86.62,94.19,28.17,0.01,18.45,60.16,64.22,16.89,85.44,99.89,6.52,3.09,0,30.21,2.09,0,100,100,0.07,0
audio411.wav,99.45,91.77,45.43,98,1.32,68.79,30.36,91.83,32.24,99.54,99.32,10.66,22.55,0,2.2,2,99.96,100,100,0.73,0
audio412.wav,33.75,99.97,13.46,91.4,1.56,98.83,6.61,50.32,74.77,92.72,9,1.71,70.94,0,12.4,0.41,36.41,100,75.97,0.01,0
audio413.wav,0.29,8.62,0.99,0.12,0,1.88,0.45,30.39,70.69,17.44,1.88,1.7,0.71,0,0.08,0.01,0,99.97,2.44,0.01,0
audio414.wav,71.51,98.53,0.01,1.94,0.07,79.15,0.23,1.5,77.17,8.93,6.62,1.49,0.44,0,0.46,0.01,0,98.17,6.91,0,0
audio415.wav,8.18,98.67,48.7,59.18,0.01,86.72,16.95,54.18,80.12,49.89,30.03,5.76,26.31,0,9.41,0.71,0,100,99.54,0.01,0
audio416.wav,72.27,99.91,0.04,98.29,0.01,67.81,8.76,97.5,15.42,21.2,30.22,8.99,40.79,0,2.63,21.65,6.22,100,1.09,0,0
audio417.wav,0.4,98.17,1.41,98.12,0.01,17.48,2.04,92.35,27.81,47.13,4.95,85.03,1.23,0,1.38,12.7,0.01,100,57.97,0.02,0
audio418.wav,49.1,97.13,99.75,85.06,0.02,0.4,99.06,9.2,10.83,98.2,39.14,7.29,70.08,0,98.24,26.4,0.15,100,100,0.91,0
audio419.wav,19.09,99.1,6.87,0.1,0.23,46.64,3.06,1.63,25,79.57,6.36,1.85,20.35,0,6.62,0.98,0.15,100,14.02,0,0
audio42.wav,0,0.03,1.01,0,0,0.28,1.7,0.01,0.77,8.2,9.14,1.88,0,0.02,0.25,0.63,0,46.26,0.08,0.17,0
audio420.wav,1.15,10.65,5.11,21.04,0.03,1.23,2.55,46.85,32.91,97.4,8.1,4,0.14,0,1.76,1.9,0.02,100,48.3,0.61,0
audio421.wav,5.56,99.24,25.45,93.1,0,3.9,0.32,96.35,17.48,45.38,15.82,13.82,22.17,0,0.51,0.97,0,99.97,21.43,0,0
audio422.wav,18.78,60.14,4.13,77.64,0,18.9,0.7,93.95,16.09,8.77,3.96,87.13,20.41,0,0.15,12.88,0,0.04,55.75,0.02,0
audio423.wav,95.76,97.96,12.43,67.24,0.04,90.38,28.14,94.81,32.93,98.22,98.21,35.66,20.64,0,8.33,1.49,1.33,100,4.76,0.1,0
audio424.wav,81.45,99.96,61.5,66.2,0.08,85.06,36.54,99.43,37.97,97.92,98.27,49.56,74.42,0,10.4,7.23,54.01,100,99.51,0.11,0
audio425.wav,5.67,68.41,9.5,43.74,0.1,84.22,8.79,83.53,29.65,94.88,69.64,20.88,62.54,0,5.52,0.35,0.12,100,99.99,0,0
audio426.wav,99.48,99.89,11.99,66.67,6.17,99.97,2.68,89.16,49.44,97.88,26.13,3.32,44.83,0,20.17,0.8,56.8,100,86.95,0,0
audio427.wav,43.87,84.08,23.55,53.8,0.09,98.39,10.42,87.41,50.36,99.8,82.29,8.69,0.35,0.03,15.16,2.73,0.11,100,14.89,3.28,0
audio428.wav,93.19,99.03,96.17,99.98,0.01,94.51,94.91,99.84,56.32,93.34,99.92,9.34,0.38,0,82.52,11.57,0.04,100,99.73,0,0
audio429.wav,98.7,99.56,91.12,15.32,0.09,99.12,58.16,97.98,56.74,95.77,85.37,13.19,66.53,9.59,77.86,2.69,0,100,98.87,0,0
audio43.wav,0.01,0.66,91.81,0.3,0.09,3.08,90.3,11.33,2.5,76.39,94.72,4.27,0.04,13.62,77.52,10.12,97.48,100,99.99,99.97,0
audio430.wav,1.33,88.39,0.75,0.03,0,67.77,37.58,3.74,26.21,18.07,41.8,1.82,0.15,0,1.03,0,0,99.75,41.39,0,0
audio431.wav,88.68,85.77,56.04,99.71,0.05,99.03,31.87,97.19,68.9,40.24,73.3,11.59,24.5,0.04,64.1,2.26,0,100,28.38,0.13,0
audio432.wav,0.03,98.52,12.77,46.2,14.88,98.94,74.82,17.2,30.53,22.31,41.69,2.65,94.74,26.15,0.3,3.03,99.65,100,1.43,0,0
audio433.wav,86.25,37.3,0,0.02,0.02,62.66,1.4,41.06,32.41,15.42,31.02,1,0.67,0.02,0.19,0.01,0,100,0,0,0
audio434.wav,87.15,99.53,0.01,5.06,0.68,91.9,0.73,17.85,88.06,71.74,8.3,1.85,15.4,0,3,0.03,3.14,100,13.82,0,0
audio435.wav,72.2,97.5,0.2,69.77,0.06,95.56,2.48,80.36,83.95,35.14,75.12,4.29,2.74,0,0.39,0.27,0.02,100,3.8,0.04,0
audio436.wav,98.83,99.63,42.72,97.19,0.18,99.84,85.32,98.76,63.6,70.87,72.85,17.66,38.2,0,18.78,4.4,0.02,100,56.6,0.07,0
audio437.wav,99.13,93.17,0.01,0.47,4.16,97.6,0.34,2.97,81.84,68.85,9.85,0.66,31.47,0,0.08,0,2.2,100,0.11,0,0
audio438.wav,74.09,99.99,99.47,98.85,8.3,98.77,99.05,97.25,64.77,99.32,99.85,4.11,99.2,0.01,96.02,11.82,99.95,100,63.9,0,0
audio439.wav,66.6,99.83,9.2,4.13,29.89,99.99,3,46.09,83.12,86.48,46.11,17.43,87.15,0,1.49,0.13,92.09,100,13.25,0,0
audio44.wav,98.4,59.25,98.68,91.73,26.3,74.98,96.23,99.74,81.13,94.71,99.98,73.98,61.87,62.39,51.72,82.43,100,100,100,47.44,0
audio440.wav,99.72,99.99,94.86,96.2,5.2,100,27.11,92.62,85.76,71.17,74.07,8.64,29.7,61.45,55.05,1.48,0.89,100,81.89,0.08,0
audio441.wav,12.66,99.77,99.91,99.28,0.15,96.09,71.66,95.1,79.62,97.12,99.71,6.19,23.64,0,49.31,2.62,99.86,100,100,0.6,0
audio442.wav,0.18,82.77,3.13,0.04,0,77.65,17.28,16.79,26.73,30.9,11.53,2.83,0.1,0,1.34,0.01,0,99.82,14.67,0,0
audio443.wav,92.81,100,56.7,17.35,0.28,99.32,17.23,96.15,84.92,68.29,85.65,21.82,97.03,7.59,7.42,0.4,7.23,100,16.25,0.02,0
audio444.wav,90.28,99.93,86.88,99.29,1.77,96.07,11.74,99.63,86.16,92.73,99.27,15,55.05,0,36.12,15.16,99.73,100,100,0.2,0
audio445.wav,93.03,98.31,28.84,55.91,0.21,96.25,4.87,91.08,63.59,52.01,26.14,14.94,2.05,0.01,10.38,0.01,0,100,33.55,0.66,0
audio446.wav,85.58,99.28,0.52,0.81,3.72,98.73,24.72,91.95,84.08,24.9,14.25,17.48,72.21,85.45,7.04,0.63,0,100,20.33,3.4,0
audio447.wav,85.24,99.99,43.65,35.53,3.36,99.51,20.37,61.84,89.1,90.33,66.77,6.27,99.81,0.03,20.14,0.49,96.01,100,7.02,0.01,0
audio448.wav,49.57,97.11,12.97,99.99,0.03,99.67,9.45,99.61,47.56,35.4,76.28,80.19,0.16,0,5.19,3.2,0,99.99,40.95,0,0
audio449.wav,38.84,99.27,3.85,8.64,0.21,68.13,5.92,20.11,29.57,86.75,29.87,5.41,0.03,0,33.62,0.13,0,95.53,78.99,0.01,0
audio45.wav,50.05,32.97,13.28,74.96,22.58,51.94,30.94,96.08,37.21,98.36,55.3,34.51,0.79,84.48,11.46,41.62,99.92,99.96,81.93,1.66,0
audio450.wav,47.67,99.98,19.28,0.07,6.32,99.75,85.59,18.19,75.75,84.58,14.31,1.75,21.44,0.01,11.9,0.31,96.79,100,17.56,0,0
audio451.wav,92.75,99.56,3.1,6.4,0.13,96.63,33.68,26.67,49.65,91.19,33.31,19.12,0.91,0,7.55,7.68,66.06,100,1.87,0.16,0
audio452.wav,0.22,89.31,8.56,0.83,0,73.52,6.59,6.01,6.63,15.5,11.77,3.03,0.01,0,12.65,0.18,0,73.07,90.63,0,0
audio453.wav,9.25,80.18,16.39,94,0.47,90.05,50.93,79.93,57.02,88.28,42.97,41.2,62.52,0.06,11.66,5.23,67.66,100,33.95,1.82,0
audio454.wav,0.05,25.68,6.76,57.5,0.08,21.69,5.1,94.62,28.14,99.26,16.15,10.83,0.22,0,2.85,18.54,0,100,99.78,19.08,0
audio455.wav,95.02,98.49,65.1,0.08,0.13,96.3,21.6,28.62,52.49,95.49,56.92,5.38,16.87,0,80.2,0.69,1.52,100,98.88,0.03,0
audio456.wav,0.12,1.76,0.02,0.05,0.28,0.97,4.16,0.23,50.62,4.26,27.72,0.16,0.52,0,2.22,0.09,0,0.02,0.45,0,0
audio457.wav,4.21,37.9,0,0.02,0.03,30.32,1.15,0.06,70.96,91.7,12.22,1.38,0.1,0,0.14,0.03,0,100,0.1,0,0
audio458.wav,66.75,98.13,4.18,90.16,71.22,64.22,4.23,67.77,75.68,93.63,22.35,0,69.59,1.26,0.61,31.38,99.74,100,4.56,50.79,0
audio459.wav,97.16,95.1,9.05,98.37,0.21,75.93,20.81,94.63,17.94,89.59,19.09,12.21,24.15,0,6.86,19.18,72.12,100,0.12,0.01,0
audio46.wav,12.74,58.17,1.28,5.86,67.72,63.54,51.72,98.05,3.85,88.18,99.57,6.76,17.51,97.24,36.5,24.97,97.51,99.95,94.6,74.21,0
audio460.wav,0,0.66,0,0,0,1.84,0.37,0.28,0.92,2.54,0.38,0,0,0,0.02,0,0,99.99,1.14,0,0
audio461.wav,1.36,93.67,2.28,0.05,0.08,69.42,15.6,8.16,19.9,97.78,7.09,1.08,1.09,0,3.88,0.41,0,100,3.42,0.09,0
audio462.wav,17,98.83,6.57,18.84,0.1,84.23,21.84,51.09,34.47,45.84,98.4,4.25,0.31,0,1.32,0.92,0.02,100,2.7,0.03,0
audio463.wav,0.21,85.56,2.71,4.23,0.01,39.67,61.98,2.88,30.91,27.39,82.82,1.04,0.14,0,36,0.02,0,99.97,10.15,0,0
audio464.wav,0.03,11.63,0,0,0,11.86,2.63,0.01,8.8,18.49,5.52,1.46,0,0,0.17,0,0,99.96,0,0,0
audio465.wav,46.38,99.29,28.2,45.59,98.73,77.97,87.73,0.45,90.05,92.63,53.41,63.94,99.61,95.3,57.3,48.73,0.71,100,10.46,34.58,0
audio466.wav,0.17,95.94,1.02,14.34,0.01,78.81,51.2,83.67,23.48,99.15,57.55,2.47,0.07,0,69.61,21.52,0.16,100,69.06,1.23,0
audio467.wav,47.7,99.49,28.07,45.56,97.6,71.77,88.17,0.34,88.69,90.68,54.21,63.7,99.41,94.47,53.23,39.71,1,100,10.94,3.97,0
audio468.wav,0.11,98.94,100,3.16,0,68.96,99.17,66.74,11.87,84.62,97.16,1.12,0.01,0,98.77,0.59,0.17,100,100,0.2,0
audio469.wav,0,90.07,11.61,98.41,5.08,23.89,2.01,75.61,43.21,47.55,55.53,1.19,20.14,0,83.33,9.37,0.01,100,7.14,3.33,0
audio47.wav,0,0.02,0.03,21.26,0.01,0.49,77.23,85.94,0.31,57.89,20.16,24.97,0,2.21,8.32,8.53,0.06,100,29.12,8.75,0
audio470.wav,0,0.06,0,0,0,0.03,1.59,0.04,0.48,6.68,37.18,0.02,0,0,0.01,0.02,0,98.76,55.89,0.04,0
audio471.wav,0,0.9,0.12,0.04,0,0.4,3.26,0.37,0.08,3.95,6.4,0.6,0,0,1.82,0.01,0,95.06,0.75,0,0
audio472.wav,0,0,0,0,0,0.01,0.03,0,0.06,1.91,2.78,0,0,0.18,0,0,0,96.29,0,0,0
audio473.wav,78.65,82.02,1.66,22.34,0.7,13.55,2.79,71.01,47.57,94.61,10.75,1.54,25.56,0,39.98,76.62,96.23,100,0.91,0.17,0
audio474.wav,0,38.27,0.51,0.01,0,10.57,3.16,0.63,25.68,31.3,22.39,1.9,0.01,0,4.45,0,0,99.99,0,0,0
audio475.wav,2.43,95.92,4.79,19.04,0.96,94.19,7.55,72.24,69.75,90.08,14.38,3.12,6.56,0,3.18,2.02,0.63,100,5.04,0.01,0
audio476.wav,1.89,85.11,23.61,11.13,0.01,54.64,10.06,24.09,40.41,38.7,5.42,2.43,0.11,0,25.91,0.13,0,97.03,0.91,0.02,0
audio477.wav,0.1,63.88,35.14,4.19,0.16,39.07,11.47,28.17,2.67,76.96,10.93,1.92,0.09,0,5.7,1.05,0.13,100,6.9,0.52,0
audio478.wav,0,0.97,0.03,0.06,0,9.28,0.12,19.59,7.38,6.94,0.7,1.24,0,0,0.07,0,0,100,0.09,0,0
audio479.wav,91.94,76.61,11.79,23.07,28.7,72.15,5.63,63.1,56.51,89.19,21.09,3.14,97.64,0,17.99,1.38,98.42,100,0.2,9.44,0
audio48.wav,22.58,69.86,11.34,4.28,13.68,81.39,7.01,95.95,55.73,64.66,21.85,7.5,71.02,93.31,25.15,0.87,82.92,99.43,56.49,0,0
audio480.wav,9.99,99.56,95.47,1.16,0.1,77.41,37.85,4.83,56.39,23.98,99.96,2.48,26.86,0,50.28,0.36,8.56,100,100,0.04,0
audio481.wav,0,0.04,0.08,0,0,0.19,2.7,0.05,1.81,3.35,10.55,0.45,0,52.39,0.13,0,0,98.42,17.16,0,0
audio482.wav,44.94,16.64,43.2,54.99,0.29,48.66,55.52,38.21,46.8,57.86,69.17,78.03,28.69,0,67.71,3.81,0.01,100,99.99,0.02,0
audio483.wav,0.25,26.56,5.5,0,28.66,41.07,2.9,0.26,34.74,19.95,12.58,0.63,4.92,13.49,4.63,1.7,84.03,100,2.83,0.53,0
audio484.wav,0,0,0,0,0,0.12,0.04,0.06,0.14,1.58,2.87,0,0,0.03,0.02,0,0,57.23,0.13,0,0
audio485.wav,0,0.14,0.52,0,0,0.01,0.56,0.03,0.89,3.59,6.3,0.41,0,0,0.05,0,0,0.03,1.45,0,0
audio486.wav,1.4,99.77,49.08,3.49,0,86.33,5.74,66.36,9.03,49.28,23.66,8.43,0.09,0,15.36,0.93,0,100,4.84,0.06,0
audio487.wav,7.08,98.5,15.53,48.66,0.01,54.85,10,56.94,25.73,58.64,98.66,4.38,6.55,0,2.74,3.59,0,100,32.4,0,0
audio488.wav,3.13,85.36,1.49,87.23,0.01,54.22,3.98,93.68,35.28,33.07,28.01,22,0.63,0,2.21,1.05,0.27,100,75.98,0,0
audio489.wav,0,85.64,0.75,24.42,0,19.2,0.17,70.15,0.58,36.06,2.57,8.35,0,1.32,0.11,0.12,0,94.73,2.56,2.37,0
audio49.wav,0.29,0.1,0.53,22.95,0.61,20.23,36.66,84.32,45.53,7.96,85.7,9.49,2.03,26.21,1.89,5.75,81.56,99.99,3.79,0.16,0
audio490.wav,0.17,36.53,20.38,13.82,1.08,16.34,0.97,1.15,36.28,32.79,2.71,15.55,0.02,0.01,20.67,0.34,0,97.21,96.68,0.88,0
audio491.wav,0.07,68.76,3.45,0,46.74,89.33,5.52,43.52,17.38,80.06,11.9,29.76,93.17,0.02,7.83,17.17,99.85,100,3.3,0.04,0
audio492.wav,0.03,16.64,1.23,12.86,0,33.88,2.72,93.82,41.2,69.62,15.35,6.6,0.61,0,1.86,0.69,0,100,2.12,0.01,0
audio493.wav,0.92,76.26,12.33,99.97,0.5,73.84,4.06,96.86,33.04,85.47,11.46,32.28,4.09,0,6,42.53,90.21,100,0.01,0.03,0
audio494.wav,1.87,97.78,2.87,3.86,0,93.67,8.45,42.92,45.16,42.02,5.29,5.14,20.73,0,3.51,0.06,0.04,100,10.47,0.43,0
audio495.wav,0,0.41,4.91,0.06,0.04,7.35,17.5,1.59,27.62,3.69,18.82,1.42,0.32,7.63,12.28,1.02,2.13,100,5.52,15.1,0
audio496.wav,0,0.03,0.08,0,0,1.43,0.23,0.02,2.1,5.45,15.38,0.16,0,0,0.06,0,0,94.91,0.05,0,0
audio497.wav,0.55,71.87,99.99,95.26,0.04,5.1,80.53,99,48.6,96.78,99.75,6.19,4.85,0,94.91,8.6,1.02,100,100,1.62,0
audio498.wav,0,0,0.02,46.91,0,1.45,0.07,88.17,4.95,6.25,4.63,93.81,0,0,0.03,7.16,0,95.14,30.95,1.99,0
audio499.wav,0.11,96.73,51.39,96.64,0.01,29.46,11.02,93.83,35.34,50.66,55.99,9.92,0.56,0,5.07,1.14,0,99.88,99.02,0.02,0
audio5.wav,0.68,1.05,0.29,4.6,4.91,23.49,1.16,26.23,18.68,20.94,11.03,7.58,2.77,0.03,0.25,0.98,99.97,100,0.43,46.83,0
audio50.wav,0.01,90.44,0.58,4.09,0.04,0.45,40.75,93.25,1.6,85.92,49.18,2.07,2.15,0.04,20.22,24.64,3.34,100,1.06,32.13,0
audio500.wav,98.56,94.54,2.69,99.24,0.01,96.35,3.17,98.58,23.55,88.3,89.04,33.41,1.44,0,1.73,19.53,0.02,100,66.34,0.01,0
audio501.wav,1.14,98.46,29.92,1.27,1.33,84.26,21.49,31.14,38.64,98.75,98.74,1.09,1.97,0,34.17,0.57,1.75,100,100,0.01,0
audio502.wav,1.73,99.99,92,0.64,1.85,99.7,80.56,11.94,74.03,93.97,70,19.14,0.57,0,89.23,2.43,100,100,100,0.01,0
audio503.wav,40.16,65.37,1.38,0.04,46.4,97.82,39.75,32.39,82.81,97.16,81.87,1.97,1.66,0,2.88,1.29,97.09,100,99.03,0.2,0
audio504.wav,99.31,100,91.64,11.02,47.09,100,82.99,95.31,74.88,99.75,74.31,5.76,98.77,0.46,43.02,2.45,99.95,100,99.96,0,0
audio505.wav,97.48,99.66,99.32,20.1,34.28,99.76,95.94,13.91,78.04,98.87,99.44,1.99,89.96,0,65.99,0.6,97.18,100,100,0.04,0
audio506.wav,0.03,60.82,2.56,0.03,1.14,1.65,9.93,4.21,85.21,91.13,86.04,1.69,8.67,0,2.32,0.29,52.23,100,40.13,0.38,0
audio507.wav,5.71,98.51,99.99,2.65,4.86,99.87,91.18,90.82,91.36,98.4,91.41,4.75,49.28,0,97.65,2.49,95.63,100,100,0.11,0
audio508.wav,10.42,99.62,100,1.43,0.5,97.99,95.89,13.73,83.57,87.68,98.91,1.58,0.06,0,59.02,0.34,10.39,100,100,38.33,0
audio509.wav,96.27,99.99,18.44,0.05,95.11,99.99,22.45,3.38,94.71,96.18,22.01,1.65,94.5,0,72.17,0.14,60.74,100,26.13,0.01,0
audio51.wav,13.1,83.86,28.28,0.01,0.75,88.23,9.63,74.29,52.12,65.58,92.34,7.49,0.07,0.22,23.75,7.04,0,100,99.96,93.94,0
audio510.wav,93.72,99.97,99.86,0.17,34.78,99.97,54.85,3.71,88.27,90.49,99.99,3.16,68.51,0,67.08,0.03,0.12,100,100,0.01,0
audio511.wav,45.13,99.9,37.54,0.08,19.12,99.98,10.21,14.09,84,98.14,15.06,1.7,1.26,0,18.62,0.08,92.76,100,37.67,0.02,0
audio512.wav,81.91,99.91,3,34.23,5.24,99.96,6.06,3.44,55.18,78.73,25.91,3.99,0.28,0,8.6,0.16,0.05,100,99.93,0,0
audio513.wav,1.87,96.49,2.37,5.96,17.46,96.78,4.08,72.85,63.95,98.49,27.27,7.93,0.01,0,3.68,4.86,0.52,100,100,2.44,0
audio514.wav,99.99,100,17.75,0.88,21.92,100,51.28,2.84,83.85,94.47,82.78,3.94,98.65,0,6.02,1.06,99.95,100,4.37,0,0
audio515.wav,99.39,99.95,7.18,0.41,94.45,100,15.11,36.87,97.17,99.29,94.3,3.35,87.36,0,30.41,0.39,74.15,100,100,0.02,0
audio516.wav,99.35,99.97,28.71,0.3,47.01,99.77,72.27,12.78,68.61,99.25,66.46,3.87,80.24,0,86.17,0.09,99.96,100,100,0.05,0
audio517.wav,0.35,99.97,100,0.19,1.24,99.98,99.44,85.08,61.39,94.22,99.97,6.85,5.12,0,96.95,0.32,5.04,100,100,0,0
audio518.wav,9.58,99.97,99.93,3.07,7.08,99.23,25.85,1.1,77.07,99.15,94.35,3.43,0.57,0,58.65,0.16,95.74,100,100,0,0
audio519.wav,85.74,99.71,1.59,21.44,57.36,91.27,5.62,1.38,81.06,42.67,21.51,1.23,78.41,0,3.29,0,23.25,100,8.41,0,0
audio52.wav,25.77,97.91,82.31,54.16,0.08,99.45,10.15,85.58,39.04,31.93,79.4,5.41,22.02,40.11,77.88,57.73,99.88,100,98.96,0.08,0
audio520.wav,21.93,99.95,98.83,0.31,3.67,99.7,71.16,14.77,74.72,95.79,99.88,4.67,0.04,0,61.95,0.98,0,100,100,3.53,0
audio521.wav,69.74,99.44,99.56,39.14,20.12,99.9,63.54,9.89,96.67,70.5,99.86,3.39,0.08,0,97.89,4.49,98.99,100,99.97,0.06,0
audio522.wav,99.95,100,99.09,18.64,80.66,99.95,98.93,47.79,81.38,73.08,99.98,3.78,99.24,0,80.27,1.84,100,100,100,0,0
audio523.wav,99.32,99.81,31.16,97.51,10.91,100,41.78,95.18,83.48,52.65,99.03,3.51,89.98,0.63,83.72,3.72,100,100,100,0.75,0
audio524.wav,36.54,99.35,99.43,28.28,7.28,99.47,56.28,4.8,96.39,94.99,99.96,7.66,2.09,0,86.16,0.22,31.37,100,100,0,0
audio525.wav,12.88,99.96,54.68,13.38,0.17,42.42,85.3,49.25,61.41,94.82,98.22,4.92,0.8,0,96.69,3.86,97.7,100,75.12,0.01,0
audio526.wav,84.36,99.73,46.46,0.28,33.78,99.5,72.11,33.47,83.37,98.03,98.36,6.71,2.43,0,87.38,12.18,97.39,100,99.99,0.97,0
audio527.wav,40.81,99.98,78.76,20.7,7.97,99.97,41.69,4.93,95.16,99.07,99.89,8.16,2.76,0,13.6,48.3,89.43,100,100,32.7,0
audio528.wav,98.94,99.37,52.86,60.33,49.67,100,9.31,61.51,77.05,79.46,42.26,5.41,58.79,0.01,7.46,4.63,99.35,100,99.97,0,0
audio529.wav,99.11,100,29.8,0.24,93.74,99.9,70.57,18.3,91.18,98.43,88.93,2.08,99.66,0,55.74,0.68,99.23,100,99.19,0.25,0
audio53.wav,47.33,36.57,89.81,0.9,0.42,80.71,92.14,93.64,36.8,85.29,99.65,15.45,7,0.17,68.06,20.67,97.74,100,100,98.75,0
audio530.wav,89.49,99.98,32.02,26.07,45.55,99.96,4.87,29.05,74.71,51.27,7.97,3.44,15.4,0,1.6,0.55,31.97,100,9.12,0.01,0
audio531.wav,90.57,99.94,13.58,70.76,7.86,99.97,12.33,35.99,94.66,99.72,87.79,9.23,53.05,0,39.49,2.09,99.71,100,99.99,0.15,0
audio532.wav,74.35,99.67,89.07,44.29,0.5,99.98,8.08,31.12,78.87,24.51,62.1,4.76,1.19,0.01,0.84,4.76,0.03,100,62.5,0,0
audio533.wav,53.23,99.96,99.92,0.94,1.2,95.61,55.03,12.55,68.87,90.71,99.84,7.6,0.26,0,94.18,1.03,6.15,100,100,0,0
audio534.wav,21.16,99.16,78.8,1.15,43.52,99.99,61.96,90.48,88.49,91.06,98.21,1.4,1.91,5.67,85.85,2.37,90.27,100,100,34.95,0
audio535.wav,99.97,100,100,56.25,13.26,100,99.82,96.6,81.48,99.8,99.62,18.27,95.02,0,71.13,2.12,100,100,100,0,0
audio536.wav,11.26,99.9,25.08,0.34,0.15,92.37,45,0.1,51.73,85.3,77.17,1.21,0.02,0,91.87,0.04,0,99.99,99.66,0,0
audio537.wav,34.05,99.97,99.98,0.12,4.82,99.84,93.61,5.42,83.42,99.07,99.62,0.71,0.12,0,61.94,1.72,99.97,100,100,0.82,0
audio538.wav,97.49,99.25,98.34,20.64,96.67,99.99,16.87,18.25,96.48,95.81,64.55,0.58,98.15,0,14.92,0.22,44.37,100,98.79,0,0
audio539.wav,99.94,99.73,32.6,30.7,92.99,99.99,2.62,3.27,91.39,76.42,49.05,3.81,87.51,0,2.14,2,84.63,99.6,0.55,0.01,0
audio54.wav,99.19,85.26,40.84,23.25,1.6,44.53,54.79,98.58,20.21,55.53,58.09,28.28,37.51,27.98,19.94,42.35,99.85,100,93.46,0.32,0
audio540.wav,19.34,99.99,9.83,8.58,4.16,100,30.74,5.82,24.54,99.77,61.26,11.73,0.44,0,9.24,0.28,4.28,100,99.99,0.12,0
audio541.wav,95.98,99.99,21.44,64.66,3.63,99.48,80.55,56.7,76.93,99.65,98.28,8.06,0.01,0,12.47,2.96,99.99,100,14.03,0,0
audio542.wav,0.01,97.43,15.76,0,1.72,42.5,19.56,1.03,44.38,59.6,14.21,0.91,0.11,0.01,25.18,0,0.41,100,15.59,0.18,0
audio543.wav,33.4,99.92,1.3,0.7,4.04,99.13,0.5,64.87,84.59,67.31,65.51,6.59,42.68,0,12.86,6,10.42,100,12.53,0.08,0
audio544.wav,95.75,100,99.99,0.33,3.47,99.99,98.91,20.95,69.39,99.34,99.21,3.13,94.03,0,21.93,0.48,94.17,100,99.97,0,0
audio545.wav,6.82,44.37,7.11,0.03,0.28,8.99,1.42,4.45,84.91,8.19,13.15,0.89,0.57,0,22.42,0.01,0,98.79,2.24,0,0
audio546.wav,79.29,99.98,100,22.92,13.95,99.93,72.51,7.84,95.15,99.15,99.93,11.17,1.62,0,22.89,2.22,97.29,100,100,1.2,0
audio547.wav,59.42,99.95,56.86,0.18,14.49,99.2,33.72,7.2,82.34,27.02,51.61,1.55,3.84,0,29.29,0.29,0.36,100,74.91,0.03,0
audio548.wav,99.96,100,100,94.76,19.37,100,99.57,93.74,81.69,99.8,99.29,44.74,80.37,0.15,94.19,0.68,100,100,100,0,0
audio549.wav,30.93,98.72,65.25,26.82,0.31,99.49,75.35,37.25,36.93,97.54,97.78,2.51,0.07,0,89.47,0.23,60.04,100,100,0.03,0
audio55.wav,93.36,97.43,41.01,39.3,11.67,96.85,79.3,98.05,80.05,53.06,97.93,7.01,98.56,37.99,43.88,19.25,99.98,99.98,99.69,0.59,0
audio550.wav,48.35,99.44,1.23,20.42,0.68,92.42,37.13,1.97,59.42,90.43,48.49,3.66,2.04,0,18.07,0.22,0.21,100,100,0,0
audio551.wav,78.87,99.05,9.04,0.86,0.17,99.91,18.74,0.08,31.25,81.12,58.98,5.04,0.06,0,3.44,0.15,0.01,99.54,97.3,0,0
audio552.wav,14.45,99.48,6.17,1.48,0.59,100,7.44,26.24,66.58,50.13,42.59,1.07,48.9,0,2.56,2.52,99.98,100,98.19,0,0
audio553.wav,99.16,99.59,2.93,16.8,11.05,100,17.01,60.7,86.9,95.1,15.04,3.79,54.46,0.11,4.05,6.07,97.98,100,93.38,0.02,0
audio554.wav,99.13,96.94,4.9,95.83,1.24,99.81,1.06,18.86,34.48,64.7,52.36,2.48,4.66,0,2.34,17.1,98.96,100,15.22,0.13,0
audio555.wav,90.77,98.92,5.26,56.38,0.05,96.57,7.27,71.46,33.97,52.35,93.71,4.55,21.09,0,4.55,0.53,0.01,100,32.39,0,0
audio556.wav,13,81.29,50.46,0.01,0.04,44.7,5.39,0.72,11.31,94.47,33.82,2.14,0.9,0,16.88,4.71,0,100,19.63,0.01,0
audio557.wav,96.89,99.55,11.93,0.06,0.11,92.01,7.99,0.04,30.07,37.93,39.45,7.08,1.85,0,1.17,1.3,0,0.88,16.63,0.02,0
audio558.wav,47.36,94.09,29.66,13.55,0.27,98,26.71,48.46,35.15,86.02,99.61,11.09,1.01,0,37.99,2.2,0.4,100,95.21,0.01,0
audio559.wav,35.34,99.31,4.97,1.53,0.12,99.5,21.19,20.04,79.38,37.54,23.94,7.12,86.35,0.01,9.58,7.37,0,100,10.64,0.4,0
audio56.wav,5.18,2.53,54.18,94,1.88,4.84,22.67,36.48,11.79,14.1,22.47,3.48,11.05,0,10.43,60.55,26.89,100,34.91,0.7,0
audio560.wav,70.38,91.27,7.08,54.43,0.04,99.91,2.69,95.07,15.71,29.26,67.05,17.13,5.6,0,15.24,4.04,0.1,100,20.85,0.32,0
audio561.wav,21.09,96.11,9.95,2.18,0.27,99.88,8.36,44.66,45.47,52.55,29.57,9.81,18.39,0,4.66,4.19,14.88,100,52.94,0.4,0
audio562.wav,19.16,98.42,39.5,59.8,0.04,99.54,11.8,88.21,31.55,55.74,57.43,8.72,6.78,0,2.48,1.15,0.57,100,56.67,0.01,0
audio563.wav,63.02,20.01,1.35,49.75,0.06,50.14,1.3,27.39,17.63,7.43,94.87,4.61,0.77,0,0.24,2.92,0,99.98,2.77,0.15,0
audio564.wav,63.02,20.01,1.35,49.75,0.06,50.14,1.3,27.39,17.63,7.43,94.87,4.61,0.77,0,0.24,2.92,0,99.98,2.77,0.15,0
audio565.wav,79.44,97.15,1.48,30.83,0.13,97.54,32.65,80.44,40.36,58.95,98.14,7.79,3.27,0,33.15,2.33,0.18,100,100,0.34,0
audio566.wav,63.54,99.86,13.71,3.79,0.35,99.42,15,53.26,25.79,96.74,92.02,5.14,0.36,0,4.91,6.28,0,100,61.32,0.01,0
audio567.wav,88.91,97.61,27.74,15.68,0.27,99.5,77.35,41.06,19.23,96.38,97.28,2.83,4.82,0,60.65,0.6,84.65,100,95.69,0.01,0
audio568.wav,4.82,98.84,63.03,57.2,0.02,99.74,95.66,94.27,25.72,99.66,99.86,17.01,0.02,0,13.97,18.14,0,100,100,2.99,0
audio569.wav,70.01,96.24,84.4,75.11,0.12,99.47,53.49,18.15,28.19,99.47,99.18,18.9,0.11,0,85.77,2.94,0.87,100,100,0,0
audio57.wav,5.2,98.74,3.48,27.71,29.2,91.09,21.68,87.5,17.23,99.67,16.05,7.6,8.17,0.13,10.48,78.75,99.94,100,33.61,1.64,0
audio570.wav,4.04,85.98,11.14,0.94,0.03,99.83,1.47,0.95,25.99,97.51,32.13,6.02,2.32,0,2.1,1.56,0,100,49.42,0.35,0
audio571.wav,48.19,87.33,11.89,9.05,0.31,99.93,6.98,88.65,47.23,98.35,90.94,2.53,0.26,0,3.95,0.64,0.79,100,40.08,0.16,0
audio572.wav,9.23,99.29,10.42,30.47,0.18,99.19,8.19,33.07,28.47,76.74,20.03,4,0.83,0,2.34,0.88,0,100,0.63,0,0
audio573.wav,8.73,97.64,5.43,6.9,0.51,99.42,26.26,2.36,42.05,88.95,90.08,4.83,2.48,0,4.67,0.57,0.01,100,98.54,0.13,0
audio574.wav,3.39,92.44,8.97,6.75,0.01,98.33,3.66,45.71,13.37,23.92,46.96,1.57,0.48,0,0.76,1.52,0,0.52,54.2,0.04,0
audio575.wav,12.43,29.74,3.65,1.72,0.18,86.04,1.89,55.13,50.2,30.43,4.3,3.4,3.63,0,2.75,0.26,0,100,33,0.01,0
audio576.wav,5.7,99.97,0.81,85.96,0.04,46.79,3.54,88.02,53.5,99.85,97.47,11.26,0.2,0,4.09,6.48,0.6,100,94.57,0.06,0
audio577.wav,90.96,99.59,24.48,94.62,0.11,99.6,11.46,25.94,71.4,98.36,12.82,9.31,98.04,0,43.8,2.05,0,100,12.44,0,0
audio578.wav,17,99.93,59.36,78.6,0.02,99.81,53.3,95.38,49.14,42.84,68.25,7.62,0.1,0,20.65,0.6,0.08,100,88.9,0,0
audio579.wav,99.84,93.15,5.31,52.87,0.14,99.39,12.65,88.9,58.22,9.56,36.01,26.6,10.89,0,40.43,0.32,0.06,100,34.9,0,0
audio58.wav,81.36,99.93,98.92,6.97,14.3,98.39,78.83,30.58,84.63,85.27,47.15,0.96,21.6,0,96.38,0.38,8.83,100,88.86,0.02,0
audio580.wav,99.61,95.93,92.68,23.55,0.37,94.85,68.34,56.5,43.48,88.23,92.47,8.43,41.99,0,86.57,3.15,9.06,100,99.99,0.01,0
audio581.wav,6.13,99.4,4.04,90.68,0,92.35,6.88,9.18,40.9,99.88,75.01,8.64,2.35,0,36.03,0.02,89.1,100,96.46,0.02,0
audio582.wav,56.77,89.87,0.68,75.55,0.05,95.41,3.82,95.9,70,13.81,41.44,9.26,0.26,0,7.66,0.4,0.58,100,3.98,0,0
audio583.wav,94.8,99.97,93.5,89.22,2.74,99.99,98.26,62.98,68.46,89.49,99.62,6.24,91.37,0.01,9.56,0.73,90.92,100,100,0.01,0
audio584.wav,27.32,88.04,99.8,7.29,0,92.78,37.24,8.63,37.03,84.67,87.21,7.02,0.03,0,97.75,0.32,0,100,100,0,0
audio585.wav,47.02,96.57,99.97,19.62,0.01,50.62,98.45,0.23,38.23,70.23,99.97,4.18,0.16,0,97.35,0.07,0.36,100,100,0,0
audio586.wav,88.36,99.63,1.03,97.71,0.24,99.83,31.28,74.55,62.57,81.54,43.58,5.24,1.68,0,1.99,3.26,0,100,50.78,0.01,0
audio587.wav,81.62,89.11,3.62,0.94,0.79,93.45,9.17,79.35,63.19,63.92,33.18,3.47,43.38,0,47,4.45,0,100,1.96,2.62,0
audio588.wav,9.78,99.8,28.22,14.35,0.01,98.93,24.8,74.04,38.56,83.13,62.43,5.88,0,0,2.43,1.55,0,100,41.14,0,0
audio589.wav,97.48,96.86,28.12,21.04,0.09,99.04,14.47,53.99,50.09,53.29,33.77,6.15,3.48,0,39.1,0.04,1.8,100,43.67,0,0
audio59.wav,1.77,88.62,69.44,20.16,0.53,57.35,75.71,44.79,15.69,84.84,55.79,8.33,15.24,0.01,3.48,1.32,99.73,100,100,99.81,0
audio590.wav,79.54,99.95,27.81,45.14,0.52,99.98,51.93,98.25,47.8,93.41,50.77,4.56,58.75,0,46.78,5.55,0,100,98.28,0.02,0
audio591.wav,43.58,98.55,5.06,61.4,0.03,99.44,9.34,42.95,32.98,96.49,57.8,7.24,0.62,0,2.89,6.87,7.25,100,5.64,0.04,0
audio592.wav,99.12,98.77,63.81,57.75,0.21,98.34,71,65.81,69.72,87.64,91.38,14.47,6.77,0,43.7,0.71,0.01,100,99.84,0,0
audio593.wav,4.2,90.58,23.04,35.38,0,72,5.71,14.21,35.75,60,97.93,2.45,0.04,0,20.82,0.13,0.01,100,28.42,0.01,0
audio594.wav,4.74,98.86,16.46,0.56,0.11,99.76,40.71,76.81,35.99,98.85,21.31,1.65,4.14,0,0.93,0.19,18.71,100,30.76,16.21,0
audio595.wav,64.4,99.48,55.43,0.62,0.03,99.72,21.28,83.46,51.19,33.02,99,16.48,70.03,0,47.24,0.29,0,100,63.8,0.07,0
audio596.wav,97.73,99.46,1.16,52.13,0.14,99.19,13.28,52.52,57.96,79.44,39.82,18.75,36.53,0,25.38,0.24,0.75,100,95.57,0.06,0
audio597.wav,98.41,35.39,0.23,19.35,0.01,16.85,12.93,65.46,72.75,46.44,24.82,2.92,2.97,0,0.03,0.1,0,100,2.1,0,0
